/*******************************************************************************
 * Size: 24 px
 * Bpp: 4
 * Opts: --bpp 4 --size 24 --no-compress --font myFont.ttf --range 32-127,1536-1791,64336-65023,65136-65279 --format lvgl -o my_font_24.c
 ******************************************************************************/

#ifdef LV_LVGL_H_INCLUDE_SIMPLE
#include "lvgl.h"
#else
#include "lvgl/lvgl.h"
#endif

#ifndef MY_FONT_24
#define MY_FONT_24 1
#endif

#if MY_FONT_24

/*-----------------
 *    BITMAPS
 *----------------*/

/*Store the image of the glyphs*/
static LV_ATTRIBUTE_LARGE_CONST const uint8_t glyph_bitmap[] = {
    /* U+0020 " " */

    /* U+0021 "!" */
    0x5f, 0xff, 0x25, 0xff, 0xf2, 0x4f, 0xff, 0x14,
    0xff, 0xf1, 0x3f, 0xff, 0x3, 0xff, 0xf0, 0x2f,
    0xff, 0x2, 0xff, 0xf0, 0x1f, 0xfe, 0x1, 0xff,
    0xe0, 0xf, 0xfd, 0x0, 0x0, 0x0, 0x9, 0xc7,
    0x7, 0xff, 0xf3, 0x7f, 0xff, 0x41, 0xbf, 0x90,

    /* U+0022 "\"" */
    0x6f, 0xff, 0x2a, 0xff, 0xd4, 0xff, 0xf0, 0x9f,
    0xfc, 0x3f, 0xff, 0x8, 0xff, 0xb2, 0xff, 0xe0,
    0x7f, 0xfa, 0x1f, 0xfd, 0x6, 0xff, 0x80, 0x55,
    0x40, 0x15, 0x52,

    /* U+0023 "#" */
    0x0, 0x0, 0x0, 0x0, 0x0, 0x0, 0x0, 0x0,
    0x0, 0x8f, 0xff, 0x0, 0x9f, 0xff, 0x0, 0x0,
    0xb, 0xff, 0xd0, 0xc, 0xff, 0xc0, 0x0, 0x0,
    0xef, 0xfa, 0x0, 0xef, 0xf9, 0x0, 0x1f, 0xff,
    0xff, 0xff, 0xff, 0xff, 0xff, 0x31, 0xff, 0xff,
    0xff, 0xff, 0xff, 0xff, 0xf3, 0x1f, 0xff, 0xff,
    0xff, 0xff, 0xff, 0xff, 0x30, 0x8, 0xff, 0xf0,
    0x9, 0xff, 0xf0, 0x0, 0x0, 0xbf, 0xfd, 0x0,
    0xcf, 0xfc, 0x0, 0xf, 0xff, 0xff, 0xff, 0xff,
    0xff, 0xff, 0x50, 0xff, 0xff, 0xff, 0xff, 0xff,
    0xff, 0xf6, 0xf, 0xff, 0xff, 0xff, 0xff, 0xff,
    0xff, 0x60, 0x5, 0xff, 0xf3, 0x6, 0xff, 0xf2,
    0x0, 0x0, 0x7f, 0xff, 0x10, 0x8f, 0xff, 0x0,
    0x0, 0xa, 0xff, 0xe0, 0xb, 0xff, 0xd0, 0x0,
    0x0, 0x57, 0x76, 0x0, 0x67, 0x75, 0x0, 0x0,

    /* U+0024 "$" */
    0x0, 0x0, 0x6f, 0xfa, 0x0, 0x0, 0x0, 0x0,
    0x6, 0xff, 0xa0, 0x0, 0x0, 0x0, 0x6, 0xdf,
    0xff, 0xd7, 0x0, 0x0, 0x1c, 0xff, 0xff, 0xff,
    0xfd, 0x20, 0x9, 0xff, 0xff, 0xff, 0xff, 0xfd,
    0x0, 0xff, 0xfb, 0x0, 0x1b, 0xff, 0xf5, 0x1f,
    0xff, 0x50, 0x0, 0xf, 0xff, 0x80, 0xff, 0xfb,
    0x0, 0x0, 0x78, 0x84, 0x9, 0xff, 0xfe, 0x82,
    0x0, 0x0, 0x0, 0xc, 0xff, 0xff, 0xfc, 0x50,
    0x0, 0x0, 0x7, 0xef, 0xff, 0xff, 0xc2, 0x0,
    0x0, 0x0, 0x6c, 0xff, 0xff, 0xe0, 0x1, 0x11,
    0x0, 0x3, 0xcf, 0xff, 0x64, 0xff, 0xf1, 0x0,
    0x0, 0xef, 0xf9, 0x3f, 0xff, 0x80, 0x0, 0xe,
    0xff, 0x90, 0xef, 0xff, 0xc8, 0x8d, 0xff, 0xf5,
    0x5, 0xff, 0xff, 0xff, 0xff, 0xfb, 0x0, 0x4,
    0xdf, 0xff, 0xff, 0xf9, 0x0, 0x0, 0x0, 0x8f,
    0xfc, 0x51, 0x0, 0x0, 0x0, 0x6, 0xff, 0xa0,
    0x0, 0x0,

    /* U+0025 "%" */
    0x0, 0x47, 0x61, 0x0, 0x0, 0x5, 0x86, 0x0,
    0x0, 0xbf, 0xff, 0xf5, 0x0, 0x2, 0xff, 0x50,
    0x0, 0x9f, 0xb4, 0x7f, 0xf1, 0x0, 0xbf, 0xc0,
    0x0, 0xe, 0xf0, 0x0, 0x8f, 0x60, 0x4f, 0xf4,
    0x0, 0x0, 0xfe, 0x0, 0x7, 0xf7, 0xc, 0xfb,
    0x0, 0x0, 0xb, 0xf8, 0x3, 0xef, 0x35, 0xff,
    0x20, 0x0, 0x0, 0x2e, 0xff, 0xff, 0x90, 0xdf,
    0x90, 0x0, 0x0, 0x0, 0x18, 0xcb, 0x50, 0x7f,
    0xf1, 0x0, 0x0, 0x0, 0x0, 0x0, 0x0, 0x1e,
    0xf8, 0x0, 0x0, 0x0, 0x0, 0x0, 0x0, 0x8,
    0xfe, 0x0, 0x0, 0x0, 0x0, 0x0, 0x0, 0x1,
    0xff, 0x60, 0x6d, 0xfd, 0x70, 0x0, 0x0, 0x0,
    0xaf, 0xd0, 0x7f, 0xfd, 0xff, 0x90, 0x0, 0x0,
    0x3f, 0xf5, 0xf, 0xf2, 0x1, 0xef, 0x20, 0x0,
    0xb, 0xfc, 0x2, 0xfb, 0x0, 0x9, 0xf4, 0x0,
    0x4, 0xff, 0x30, 0xf, 0xe1, 0x0, 0xdf, 0x20,
    0x0, 0xdf, 0xa0, 0x0, 0x7f, 0xea, 0xef, 0x90,
    0x0, 0x6f, 0xf2, 0x0, 0x0, 0x6d, 0xfe, 0x70,
    0x0,

    /* U+0026 "&" */
    0x0, 0x0, 0x6c, 0xff, 0xd8, 0x10, 0x0, 0x0,
    0x0, 0x0, 0xcf, 0xff, 0xff, 0xfe, 0x20, 0x0,
    0x0, 0x0, 0x7f, 0xff, 0xff, 0xff, 0xfc, 0x0,
    0x0, 0x0, 0xc, 0xff, 0xe1, 0x9, 0xff, 0xf2,
    0x0, 0x0, 0x0, 0xcf, 0xfc, 0x0, 0x5f, 0xff,
    0x20, 0x0, 0x0, 0x7, 0xff, 0xf5, 0x2d, 0xff,
    0xe0, 0x0, 0x0, 0x0, 0xd, 0xff, 0xff, 0xff,
    0xf7, 0x0, 0x0, 0x0, 0x0, 0x2f, 0xff, 0xff,
    0xf9, 0x0, 0x0, 0x0, 0x0, 0x2d, 0xff, 0xff,
    0xf6, 0x0, 0x0, 0x0, 0x0, 0x2e, 0xff, 0xff,
    0xff, 0xd1, 0x6, 0xf7, 0x0, 0xb, 0xff, 0xf9,
    0x5f, 0xff, 0xc5, 0xff, 0xf5, 0x0, 0xff, 0xfa,
    0x0, 0x5f, 0xff, 0xff, 0xfa, 0x0, 0xf, 0xff,
    0x90, 0x0, 0x7f, 0xff, 0xfc, 0x0, 0x0, 0xcf,
    0xff, 0xa7, 0xaf, 0xff, 0xff, 0xa0, 0x0, 0x3,
    0xef, 0xff, 0xff, 0xff, 0xff, 0xff, 0x90, 0x0,
    0x1, 0x7c, 0xef, 0xeb, 0x71, 0x7f, 0xff, 0x80,

    /* U+0027 "'" */
    0x6f, 0xff, 0x24, 0xff, 0xf0, 0x3f, 0xff, 0x2,
    0xff, 0xe0, 0x1f, 0xfd, 0x0, 0x55, 0x40,

    /* U+0028 "(" */
    0x0, 0x0, 0x0, 0x0, 0x0, 0x0, 0xa9, 0x0,
    0x0, 0x7, 0xff, 0x70, 0x0, 0x3f, 0xff, 0xd0,
    0x0, 0xcf, 0xfe, 0x10, 0x4, 0xff, 0xf4, 0x0,
    0xb, 0xff, 0xb0, 0x0, 0x1f, 0xff, 0x20, 0x0,
    0x5f, 0xfd, 0x0, 0x0, 0x8f, 0xf8, 0x0, 0x0,
    0xbf, 0xf6, 0x0, 0x0, 0xcf, 0xf4, 0x0, 0x0,
    0xcf, 0xf3, 0x0, 0x0, 0xbf, 0xf5, 0x0, 0x0,
    0xaf, 0xf6, 0x0, 0x0, 0x7f, 0xfa, 0x0, 0x0,
    0x3f, 0xff, 0x0, 0x0, 0xe, 0xff, 0x60, 0x0,
    0x8, 0xff, 0xe0, 0x0, 0x1, 0xef, 0xf9, 0x0,
    0x0, 0x7f, 0xff, 0x60, 0x0, 0xc, 0xff, 0xb0,
    0x0, 0x1, 0xec, 0x0, 0x0, 0x0, 0x31, 0x0,

    /* U+0029 ")" */
    0x0, 0x0, 0x0, 0x0, 0x4, 0xd1, 0x0, 0x0,
    0x3f, 0xfc, 0x0, 0x0, 0x8f, 0xff, 0x80, 0x0,
    0xa, 0xff, 0xf2, 0x0, 0x0, 0xef, 0xf9, 0x0,
    0x0, 0x5f, 0xff, 0x10, 0x0, 0xd, 0xff, 0x60,
    0x0, 0x8, 0xff, 0xa0, 0x0, 0x3, 0xff, 0xe0,
    0x0, 0x1, 0xff, 0xf0, 0x0, 0x0, 0xff, 0xf1,
    0x0, 0x0, 0xef, 0xf1, 0x0, 0x0, 0xff, 0xf1,
    0x0, 0x1, 0xff, 0xf0, 0x0, 0x5, 0xff, 0xc0,
    0x0, 0xa, 0xff, 0x80, 0x0, 0x1f, 0xff, 0x30,
    0x0, 0x9f, 0xfd, 0x0, 0x4, 0xff, 0xf5, 0x0,
    0x2e, 0xff, 0xc0, 0x0, 0x6f, 0xff, 0x30, 0x0,
    0x8, 0xf5, 0x0, 0x0, 0x0, 0x40, 0x0, 0x0,

    /* U+002A "*" */
    0x0, 0x4, 0xff, 0xb0, 0x0, 0x0, 0x0, 0x4f,
    0xfb, 0x0, 0x0, 0x1f, 0xca, 0xff, 0xd9, 0xe7,
    0x6, 0xff, 0xff, 0xff, 0xff, 0xd0, 0x8f, 0xff,
    0xff, 0xff, 0xfd, 0x10, 0x19, 0xff, 0xff, 0xe2,
    0x0, 0x1, 0xef, 0xff, 0xff, 0x70, 0x0, 0x9f,
    0xfe, 0x9f, 0xfe, 0x10, 0x0, 0x8f, 0x30, 0xcc,
    0x20, 0x0, 0x0, 0x10, 0x1, 0x0, 0x0,

    /* U+002B "+" */
    0x0, 0x2, 0xff, 0x80, 0x0, 0x0, 0x2, 0xff,
    0x80, 0x0, 0x0, 0x2, 0xff, 0x80, 0x0, 0x6f,
    0xff, 0xff, 0xff, 0xfc, 0x6f, 0xff, 0xff, 0xff,
    0xfc, 0x39, 0x9a, 0xff, 0xc9, 0x97, 0x0, 0x2,
    0xff, 0x80, 0x0, 0x0, 0x2, 0xff, 0x80, 0x0,
    0x0, 0x2, 0xff, 0x70, 0x0,

    /* U+002C "," */
    0xc, 0xff, 0x40, 0xef, 0xf1, 0xf, 0xfd, 0x1,
    0xff, 0x90, 0x2f, 0xf5, 0x4, 0xff, 0x20,

    /* U+002D "-" */
    0x7f, 0xff, 0xff, 0xf6, 0x7f, 0xff, 0xff, 0xf7,
    0x7f, 0xff, 0xff, 0xf7,

    /* U+002E "." */
    0x2b, 0xc4, 0xb, 0xff, 0xf0, 0xbf, 0xff, 0x3,
    0xde, 0x50,

    /* U+002F "/" */
    0x0, 0x0, 0x6, 0xff, 0xf2, 0x0, 0x0, 0xb,
    0xff, 0xd0, 0x0, 0x0, 0x1f, 0xff, 0x70, 0x0,
    0x0, 0x6f, 0xff, 0x20, 0x0, 0x0, 0xcf, 0xfc,
    0x0, 0x0, 0x1, 0xff, 0xf7, 0x0, 0x0, 0x7,
    0xff, 0xf1, 0x0, 0x0, 0xc, 0xff, 0xc0, 0x0,
    0x0, 0x2f, 0xff, 0x60, 0x0, 0x0, 0x7f, 0xff,
    0x10, 0x0, 0x0, 0xdf, 0xfb, 0x0, 0x0, 0x2,
    0xff, 0xf6, 0x0, 0x0, 0x8, 0xff, 0xf1, 0x0,
    0x0, 0xd, 0xff, 0xb0, 0x0, 0x0, 0x3f, 0xff,
    0x50, 0x0, 0x0, 0x8f, 0xff, 0x0, 0x0, 0x0,

    /* U+0030 "0" */
    0x0, 0x0, 0x10, 0x0, 0x0, 0x0, 0x5d, 0xff,
    0xd5, 0x0, 0x7, 0xff, 0xff, 0xff, 0x70, 0x2f,
    0xff, 0xff, 0xff, 0xf2, 0x7f, 0xfb, 0x11, 0xbf,
    0xf7, 0x9f, 0xf4, 0x0, 0x5f, 0xf9, 0x7f, 0xfc,
    0x33, 0xcf, 0xf7, 0x1f, 0xff, 0xff, 0xff, 0xf1,
    0x5, 0xff, 0xff, 0xff, 0x50, 0x0, 0x4b, 0xff,
    0xb3, 0x0,

    /* U+0031 "1" */
    0x25, 0x63, 0x8, 0xff, 0x80, 0x6f, 0xf9, 0x5,
    0xff, 0xb0, 0x3f, 0xfd, 0x2, 0xff, 0xe0, 0xf,
    0xff, 0x0, 0xef, 0xf1, 0xd, 0xff, 0x30, 0xbf,
    0xf5, 0xa, 0xff, 0x60, 0x8f, 0xf8, 0x6, 0xff,
    0x90, 0x5f, 0xfb, 0x3, 0xff, 0xd0, 0x2f, 0xfc,
    0x0, 0x10, 0x0,

    /* U+0032 "2" */
    0x26, 0x74, 0x0, 0x3, 0x68, 0x28, 0xff, 0x80,
    0x0, 0xbf, 0xf6, 0x6f, 0xfa, 0x0, 0x9, 0xff,
    0x75, 0xff, 0xb0, 0x0, 0x7f, 0xf9, 0x3f, 0xfd,
    0x0, 0x6, 0xff, 0xa1, 0xff, 0xf8, 0x55, 0xcf,
    0xf9, 0xf, 0xff, 0xff, 0xff, 0xff, 0x40, 0xef,
    0xff, 0xff, 0xff, 0x90, 0xd, 0xff, 0xdf, 0xfd,
    0x60, 0x0, 0xbf, 0xf5, 0x0, 0x0, 0x0, 0xa,
    0xff, 0x60, 0x0, 0x0, 0x0, 0x8f, 0xf8, 0x0,
    0x0, 0x0, 0x6, 0xff, 0xa0, 0x0, 0x0, 0x0,
    0x5f, 0xfb, 0x0, 0x0, 0x0, 0x3, 0xff, 0xd0,
    0x0, 0x0, 0x0, 0x2f, 0xfc, 0x0, 0x0, 0x0,
    0x0, 0x10, 0x0, 0x0, 0x0, 0x0,

    /* U+0033 "3" */
    0x25, 0x73, 0x0, 0x0, 0x0, 0x0, 0x4, 0x67,
    0x8, 0xff, 0x80, 0x1, 0xcd, 0xe0, 0x1, 0xff,
    0xe0, 0x6f, 0xfa, 0x0, 0xf, 0xff, 0x0, 0xf,
    0xff, 0x5, 0xff, 0xb0, 0x0, 0xff, 0xf2, 0x0,
    0xef, 0xf2, 0x3f, 0xfd, 0x0, 0xd, 0xff, 0x40,
    0xd, 0xff, 0x32, 0xff, 0xf8, 0x58, 0xff, 0xfc,
    0x58, 0xff, 0xf2, 0xf, 0xff, 0xff, 0xff, 0xff,
    0xff, 0xff, 0xfd, 0x0, 0xef, 0xff, 0xff, 0xff,
    0xff, 0xff, 0xff, 0x30, 0xd, 0xff, 0xef, 0xea,
    0x26, 0xdf, 0xea, 0x20, 0x0, 0xbf, 0xf5, 0x0,
    0x0, 0x0, 0x0, 0x0, 0x0, 0xa, 0xff, 0x60,
    0x0, 0x0, 0x0, 0x0, 0x0, 0x0, 0x8f, 0xf8,
    0x0, 0x0, 0x0, 0x0, 0x0, 0x0, 0x6, 0xff,
    0xa0, 0x0, 0x0, 0x0, 0x0, 0x0, 0x0, 0x5f,
    0xfb, 0x0, 0x0, 0x0, 0x0, 0x0, 0x0, 0x3,
    0xff, 0xd0, 0x0, 0x0, 0x0, 0x0, 0x0, 0x0,
    0x2f, 0xfc, 0x0, 0x0, 0x0, 0x0, 0x0, 0x0,
    0x0, 0x10, 0x0, 0x0, 0x0, 0x0, 0x0, 0x0,
    0x0,

    /* U+0034 "4" */
    0x0, 0x0, 0x0, 0x0, 0x47, 0x62, 0x0, 0x0,
    0x0, 0x0, 0x4e, 0xff, 0xff, 0xd5, 0x7f, 0xf7,
    0x3, 0xff, 0xff, 0xff, 0xf7, 0x7f, 0xf9, 0xc,
    0xff, 0xfc, 0xef, 0xf1, 0x5f, 0xfb, 0x1f, 0xff,
    0x30, 0x4, 0x60, 0x4f, 0xfc, 0x2f, 0xfe, 0x0,
    0x0, 0x0, 0x2f, 0xff, 0x3f, 0xff, 0x50, 0x0,
    0x0, 0x1f, 0xff, 0xff, 0xff, 0xff, 0xff, 0xfe,
    0xf, 0xff, 0xff, 0xff, 0xff, 0xff, 0xfe, 0xd,
    0xff, 0xff, 0xff, 0xff, 0xff, 0xfe, 0xc, 0xff,
    0x75, 0x55, 0x55, 0x55, 0x54, 0xa, 0xff, 0x60,
    0x0, 0x0, 0x0, 0x0, 0x9, 0xff, 0x70, 0x0,
    0x0, 0x0, 0x0, 0x7, 0xff, 0x90, 0x0, 0x0,
    0x0, 0x0, 0x6, 0xff, 0xa0, 0x0, 0x0, 0x0,
    0x0, 0x4, 0xff, 0xc0, 0x0, 0x0, 0x0, 0x0,
    0x3, 0xff, 0xd0, 0x0, 0x0, 0x0, 0x0, 0x0,
    0x64, 0x20, 0x0, 0x0, 0x0, 0x0,

    /* U+0035 "5" */
    0x0, 0x0, 0x0, 0x1, 0x0, 0x0, 0x0, 0x0,
    0x0, 0x0, 0x0, 0x9d, 0x10, 0x0, 0x0, 0x0,
    0x0, 0x0, 0xa, 0xff, 0xd0, 0x0, 0x0, 0x0,
    0x0, 0x0, 0x9, 0xff, 0xfc, 0x0, 0x0, 0x0,
    0x0, 0x0, 0x3f, 0xff, 0xff, 0xa0, 0x0, 0x0,
    0x0, 0x2, 0xef, 0xff, 0xff, 0xf8, 0x0, 0x0,
    0x0, 0xd, 0xff, 0xe2, 0x9f, 0xff, 0x60, 0x0,
    0x0, 0xbf, 0xff, 0x40, 0xb, 0xff, 0xf3, 0x0,
    0x5, 0xff, 0xf6, 0x0, 0x0, 0xdf, 0xfd, 0x0,
    0xe, 0xff, 0x90, 0x0, 0x0, 0x2f, 0xff, 0x70,
    0x4f, 0xff, 0x10, 0x0, 0x0, 0x8, 0xff, 0xc0,
    0x7f, 0xfa, 0x0, 0x0, 0x0, 0x2, 0xff, 0xf0,
    0x8f, 0xf7, 0x0, 0xcf, 0xf4, 0x0, 0xff, 0xf1,
    0x9f, 0xf7, 0x0, 0xcf, 0xf5, 0x0, 0xef, 0xf2,
    0x7f, 0xfd, 0x57, 0xff, 0xfc, 0x58, 0xff, 0xf0,
    0x2f, 0xff, 0xff, 0xff, 0xff, 0xff, 0xff, 0xb0,
    0x8, 0xff, 0xff, 0xff, 0xff, 0xff, 0xfe, 0x20,
    0x0, 0x6d, 0xff, 0xb2, 0x6d, 0xfe, 0xa2, 0x0,

    /* U+0036 "6" */
    0x0, 0x0, 0x40, 0x0, 0x0, 0x0, 0x0, 0x1c,
    0xf3, 0x0, 0x0, 0x0, 0x3, 0xef, 0xfb, 0x0,
    0x0, 0x0, 0xe, 0xff, 0xfb, 0x0, 0x4, 0x0,
    0x5f, 0xff, 0x50, 0x0, 0x7f, 0xa0, 0x8f, 0xf9,
    0x0, 0x3, 0xff, 0xf8, 0x8f, 0xfa, 0x0, 0xd,
    0xff, 0xd0, 0x4f, 0xff, 0xb8, 0xdf, 0xff, 0x30,
    0xc, 0xff, 0xff, 0xff, 0xf8, 0x0, 0x1, 0xdf,
    0xff, 0xff, 0xd0, 0x0, 0x0, 0x6, 0xff, 0xff,
    0x20, 0x0, 0x0, 0x4, 0xff, 0xf7, 0x0, 0x0,
    0x0, 0x1e, 0xff, 0xc0, 0x0, 0x0, 0x0, 0xbf,
    0xff, 0x20, 0x0, 0x0, 0x6, 0xff, 0xf6, 0x0,
    0x0, 0x0, 0x2f, 0xff, 0xb0, 0x0, 0x0, 0x0,
    0x1c, 0xfe, 0x10, 0x0, 0x0, 0x0, 0x0, 0x84,
    0x0, 0x0, 0x0, 0x0,

    /* U+0037 "7" */
    0x0, 0x27, 0x0, 0x0, 0x0, 0x4, 0x50, 0x0,
    0xcf, 0xf3, 0x0, 0x0, 0x0, 0xbf, 0xe4, 0xb,
    0xff, 0x90, 0x0, 0x0, 0x1f, 0xff, 0x20, 0x5f,
    0xfe, 0x0, 0x0, 0x7, 0xff, 0xc0, 0x0, 0xef,
    0xf4, 0x0, 0x0, 0xdf, 0xf6, 0x0, 0x9, 0xff,
    0xa0, 0x0, 0x3f, 0xff, 0x0, 0x0, 0x3f, 0xff,
    0x0, 0x9, 0xff, 0xa0, 0x0, 0x0, 0xdf, 0xf6,
    0x0, 0xef, 0xf4, 0x0, 0x0, 0x7, 0xff, 0xc0,
    0x5f, 0xfe, 0x0, 0x0, 0x0, 0x1f, 0xff, 0x2a,
    0xff, 0x80, 0x0, 0x0, 0x0, 0xbf, 0xf9, 0xff,
    0xf2, 0x0, 0x0, 0x0, 0x5, 0xff, 0xff, 0xfc,
    0x0, 0x0, 0x0, 0x0, 0xf, 0xff, 0xff, 0x60,
    0x0, 0x0, 0x0, 0x0, 0xaf, 0xff, 0xf1, 0x0,
    0x0, 0x0, 0x0, 0x4, 0xff, 0xfa, 0x0, 0x0,
    0x0, 0x0, 0x0, 0xe, 0xff, 0x40, 0x0, 0x0,

    /* U+0038 "8" */
    0x0, 0x0, 0x0, 0xdf, 0xf5, 0x0, 0x0, 0x0,
    0x0, 0x0, 0x3f, 0xff, 0xb0, 0x0, 0x0, 0x0,
    0x0, 0x9, 0xff, 0xff, 0x10, 0x0, 0x0, 0x0,
    0x0, 0xff, 0xff, 0xf7, 0x0, 0x0, 0x0, 0x0,
    0x5f, 0xff, 0xff, 0xc0, 0x0, 0x0, 0x0, 0xb,
    0xff, 0xaf, 0xff, 0x20, 0x0, 0x0, 0x1, 0xff,
    0xf2, 0xbf, 0xf8, 0x0, 0x0, 0x0, 0x7f, 0xfc,
    0x5, 0xff, 0xe0, 0x0, 0x0, 0xd, 0xff, 0x70,
    0xf, 0xff, 0x40, 0x0, 0x3, 0xff, 0xf1, 0x0,
    0x9f, 0xfa, 0x0, 0x0, 0x8f, 0xfb, 0x0, 0x3,
    0xff, 0xf0, 0x0, 0xe, 0xff, 0x50, 0x0, 0xd,
    0xff, 0x60, 0x4, 0xff, 0xf0, 0x0, 0x0, 0x8f,
    0xfb, 0x0, 0xaf, 0xf9, 0x0, 0x0, 0x2, 0xff,
    0xf1, 0xd, 0xff, 0x30, 0x0, 0x0, 0xc, 0xff,
    0x50, 0x4, 0x90, 0x0, 0x0, 0x0, 0x57, 0x10,

    /* U+0039 "9" */
    0x0, 0x19, 0xef, 0xd7, 0x0, 0x0, 0x3, 0xef,
    0xff, 0xff, 0xc0, 0x0, 0xd, 0xff, 0xff, 0xff,
    0xf9, 0x0, 0x5f, 0xff, 0x74, 0xaf, 0xff, 0x0,
    0x8f, 0xf9, 0x0, 0xe, 0xff, 0x40, 0x8f, 0xf8,
    0x0, 0xa, 0xff, 0x60, 0x5f, 0xff, 0x73, 0x3a,
    0xff, 0x80, 0xe, 0xff, 0xff, 0xff, 0xff, 0xa0,
    0x3, 0xff, 0xff, 0xff, 0xff, 0xb0, 0x0, 0x2a,
    0xef, 0xff, 0xff, 0xd0, 0x0, 0x0, 0x0, 0x1,
    0xff, 0xf0, 0x0, 0x0, 0x0, 0x0, 0xff, 0xf1,
    0x0, 0x0, 0x0, 0x0, 0xef, 0xf2, 0x0, 0x0,
    0x0, 0x0, 0xcf, 0xf4, 0x0, 0x0, 0x0, 0x0,
    0xaf, 0xf6, 0x0, 0x0, 0x0, 0x0, 0x8f, 0xd5,
    0x0, 0x0, 0x0, 0x0, 0x0, 0x0,

    /* U+003A ":" */
    0x3d, 0xe6, 0xc, 0xff, 0xf0, 0xbf, 0xfe, 0x2,
    0xbc, 0x40, 0x0, 0x0, 0x0, 0x0, 0x0, 0x2b,
    0xc4, 0xb, 0xff, 0xf0, 0xbf, 0xff, 0x3, 0xde,
    0x50,

    /* U+003B ";" */
    0x8, 0xc8, 0x5, 0xff, 0xf5, 0x6f, 0xff, 0x50,
    0xaf, 0xa0, 0x0, 0x0, 0x0, 0x0, 0x0, 0x0,
    0x0, 0x2, 0xff, 0xe0, 0x3f, 0xfc, 0x4, 0xff,
    0x80, 0x6f, 0xf4, 0x7, 0xff, 0x10, 0x8f, 0xd0,
    0x0,

    /* U+003D "=" */
    0x7f, 0xff, 0xff, 0xff, 0xfa, 0x7f, 0xff, 0xff,
    0xff, 0xfa, 0x5b, 0xbb, 0xbb, 0xbb, 0xb7, 0x0,
    0x0, 0x0, 0x0, 0x0, 0x5b, 0xbb, 0xbb, 0xbb,
    0xb7, 0x7f, 0xff, 0xff, 0xff, 0xfa, 0x7f, 0xff,
    0xff, 0xff, 0xfa,

    /* U+003F "?" */
    0x0, 0x2a, 0xef, 0xeb, 0x40, 0x0, 0x5f, 0xff,
    0xff, 0xff, 0x70, 0x1f, 0xff, 0xff, 0xff, 0xff,
    0x27, 0xff, 0xf8, 0x39, 0xff, 0xf7, 0xaf, 0xfe,
    0x0, 0xf, 0xff, 0x93, 0x44, 0x30, 0x3, 0xff,
    0xf7, 0x0, 0x0, 0x3, 0xef, 0xff, 0x10, 0x0,
    0x6, 0xff, 0xff, 0x50, 0x0, 0x2, 0xff, 0xfe,
    0x30, 0x0, 0x0, 0x7f, 0xff, 0x30, 0x0, 0x0,
    0x8, 0xee, 0xe0, 0x0, 0x0, 0x0, 0x0, 0x0,
    0x0, 0x0, 0x0, 0x1, 0xac, 0x50, 0x0, 0x0,
    0x0, 0x9f, 0xff, 0x10, 0x0, 0x0, 0xa, 0xff,
    0xf2, 0x0, 0x0, 0x0, 0x2c, 0xf7, 0x0, 0x0,

    /* U+0040 "@" */
    0x0, 0x0, 0x0, 0x5, 0xad, 0xef, 0xeb, 0x60,
    0x0, 0x0, 0x0, 0x0, 0x6, 0xef, 0xff, 0xff,
    0xff, 0xfe, 0x30, 0x0, 0x0, 0x0, 0xaf, 0xff,
    0xfe, 0xdc, 0xef, 0xff, 0xf4, 0x0, 0x0, 0xa,
    0xff, 0xfa, 0x30, 0x0, 0x3, 0xbf, 0xfe, 0x10,
    0x0, 0x7f, 0xff, 0x40, 0x0, 0x0, 0x0, 0xb,
    0xff, 0x70, 0x1, 0xff, 0xf4, 0x3, 0xbe, 0xda,
    0xff, 0x2, 0xff, 0xd0, 0x7, 0xff, 0xa0, 0x2f,
    0xff, 0xff, 0xfd, 0x0, 0xef, 0xf0, 0xc, 0xff,
    0x40, 0x9f, 0xd2, 0x3f, 0xfb, 0x0, 0xdf, 0xf0,
    0xf, 0xff, 0x0, 0xef, 0x60, 0xe, 0xf8, 0x0,
    0xff, 0xf0, 0x1f, 0xfd, 0x1, 0xff, 0x30, 0x1f,
    0xf6, 0x2, 0xff, 0xc0, 0x2f, 0xfc, 0x1, 0xff,
    0x71, 0x9f, 0xfa, 0x1b, 0xff, 0x60, 0x1f, 0xfe,
    0x0, 0xdf, 0xff, 0xff, 0xff, 0xff, 0xfc, 0x0,
    0xe, 0xff, 0x30, 0x3d, 0xff, 0xd5, 0xcf, 0xff,
    0x90, 0x0, 0x7, 0xff, 0xc0, 0x0, 0x11, 0x0,
    0x1, 0x10, 0x0, 0x0, 0x1, 0xef, 0xfd, 0x50,
    0x0, 0x3, 0x90, 0x0, 0x0, 0x0, 0x0, 0x3e,
    0xff, 0xff, 0xed, 0xff, 0xf7, 0x0, 0x0, 0x0,
    0x0, 0x2, 0xcf, 0xff, 0xff, 0xff, 0xfc, 0x0,
    0x0, 0x0, 0x0, 0x0, 0x5, 0xae, 0xff, 0xda,
    0x50, 0x0, 0x0, 0x0,

    /* U+0041 "A" */
    0x0, 0x0, 0x7, 0xff, 0xff, 0x50, 0x0, 0x0,
    0x0, 0x0, 0xc, 0xff, 0xff, 0xb0, 0x0, 0x0,
    0x0, 0x0, 0x1f, 0xff, 0xff, 0xf0, 0x0, 0x0,
    0x0, 0x0, 0x6f, 0xff, 0xff, 0xf5, 0x0, 0x0,
    0x0, 0x0, 0xcf, 0xfc, 0xef, 0xfa, 0x0, 0x0,
    0x0, 0x1, 0xff, 0xf7, 0x9f, 0xff, 0x0, 0x0,
    0x0, 0x6, 0xff, 0xf2, 0x4f, 0xff, 0x50, 0x0,
    0x0, 0xb, 0xff, 0xd0, 0xf, 0xff, 0xa0, 0x0,
    0x0, 0x1f, 0xff, 0x80, 0xa, 0xff, 0xf0, 0x0,
    0x0, 0x6f, 0xff, 0x40, 0x5, 0xff, 0xf4, 0x0,
    0x0, 0xbf, 0xff, 0xba, 0xab, 0xff, 0xfa, 0x0,
    0x1, 0xff, 0xff, 0xff, 0xff, 0xff, 0xff, 0x0,
    0x5, 0xff, 0xff, 0xff, 0xff, 0xff, 0xff, 0x40,
    0xb, 0xff, 0xf0, 0x0, 0x0, 0x1f, 0xff, 0x90,
    0xf, 0xff, 0xb0, 0x0, 0x0, 0xd, 0xff, 0xe0,
    0x5f, 0xff, 0x70, 0x0, 0x0, 0x8, 0xff, 0xf4,

    /* U+0042 "B" */
    0x7f, 0xff, 0xff, 0xff, 0xd9, 0x30, 0x7, 0xff,
    0xff, 0xff, 0xff, 0xff, 0x60, 0x7f, 0xff, 0xff,
    0xff, 0xff, 0xff, 0x17, 0xff, 0xf1, 0x0, 0x1a,
    0xff, 0xf4, 0x7f, 0xff, 0x10, 0x0, 0x2f, 0xff,
    0x57, 0xff, 0xf1, 0x0, 0x8, 0xff, 0xf3, 0x7f,
    0xff, 0xdd, 0xde, 0xff, 0xfc, 0x7, 0xff, 0xff,
    0xff, 0xff, 0xfb, 0x10, 0x7f, 0xff, 0xff, 0xff,
    0xff, 0xf5, 0x7, 0xff, 0xf1, 0x0, 0x19, 0xff,
    0xf2, 0x7f, 0xff, 0x10, 0x0, 0xf, 0xff, 0x87,
    0xff, 0xf1, 0x0, 0x0, 0xff, 0xfa, 0x7f, 0xff,
    0x10, 0x0, 0x9f, 0xff, 0x87, 0xff, 0xff, 0xff,
    0xff, 0xff, 0xf3, 0x7f, 0xff, 0xff, 0xff, 0xff,
    0xf7, 0x7, 0xff, 0xff, 0xff, 0xfd, 0x93, 0x0,

    /* U+0043 "C" */
    0x0, 0x4, 0xae, 0xff, 0xc8, 0x10, 0x0, 0x0,
    0xaf, 0xff, 0xff, 0xff, 0xf5, 0x0, 0xa, 0xff,
    0xff, 0xff, 0xff, 0xff, 0x30, 0x2f, 0xff, 0xe4,
    0x1, 0x7f, 0xff, 0xc0, 0x7f, 0xff, 0x40, 0x0,
    0xa, 0xff, 0xf1, 0x8f, 0xff, 0x20, 0x0, 0x4,
    0x99, 0x91, 0x8f, 0xff, 0x20, 0x0, 0x0, 0x0,
    0x0, 0x8f, 0xff, 0x20, 0x0, 0x0, 0x0, 0x0,
    0x8f, 0xff, 0x20, 0x0, 0x0, 0x0, 0x0, 0x8f,
    0xff, 0x20, 0x0, 0x0, 0x0, 0x0, 0x8f, 0xff,
    0x20, 0x0, 0x3, 0x77, 0x71, 0x7f, 0xff, 0x50,
    0x0, 0x9, 0xff, 0xf1, 0x3f, 0xff, 0xe4, 0x1,
    0x6f, 0xff, 0xd0, 0xa, 0xff, 0xff, 0xff, 0xff,
    0xff, 0x50, 0x0, 0xaf, 0xff, 0xff, 0xff, 0xf7,
    0x0, 0x0, 0x4, 0xae, 0xff, 0xd9, 0x30, 0x0,

    /* U+0044 "D" */
    0x7f, 0xff, 0xff, 0xff, 0xc8, 0x10, 0x7, 0xff,
    0xff, 0xff, 0xff, 0xfe, 0x30, 0x7f, 0xff, 0xff,
    0xff, 0xff, 0xfe, 0x17, 0xff, 0xf1, 0x0, 0x2b,
    0xff, 0xf7, 0x7f, 0xff, 0x10, 0x0, 0x1f, 0xff,
    0xa7, 0xff, 0xf1, 0x0, 0x0, 0xef, 0xfb, 0x7f,
    0xff, 0x10, 0x0, 0xe, 0xff, 0xb7, 0xff, 0xf1,
    0x0, 0x0, 0xef, 0xfb, 0x7f, 0xff, 0x10, 0x0,
    0xe, 0xff, 0xb7, 0xff, 0xf1, 0x0, 0x0, 0xef,
    0xfb, 0x7f, 0xff, 0x10, 0x0, 0xe, 0xff, 0xb7,
    0xff, 0xf1, 0x0, 0x1, 0xff, 0xfa, 0x7f, 0xff,
    0x10, 0x1, 0xbf, 0xff, 0x77, 0xff, 0xff, 0xff,
    0xff, 0xff, 0xf1, 0x7f, 0xff, 0xff, 0xff, 0xff,
    0xe3, 0x7, 0xff, 0xff, 0xff, 0xfc, 0x81, 0x0,

    /* U+0045 "E" */
    0x7f, 0xff, 0xff, 0xff, 0xff, 0xff, 0x7f, 0xff,
    0xff, 0xff, 0xff, 0xff, 0x7f, 0xff, 0xff, 0xff,
    0xff, 0xff, 0x7f, 0xff, 0x10, 0x0, 0x0, 0x0,
    0x7f, 0xff, 0x10, 0x0, 0x0, 0x0, 0x7f, 0xff,
    0x10, 0x0, 0x0, 0x0, 0x7f, 0xff, 0xff, 0xff,
    0xf5, 0x0, 0x7f, 0xff, 0xff, 0xff, 0xf5, 0x0,
    0x7f, 0xff, 0xff, 0xff, 0xf5, 0x0, 0x7f, 0xff,
    0x10, 0x0, 0x0, 0x0, 0x7f, 0xff, 0x10, 0x0,
    0x0, 0x0, 0x7f, 0xff, 0x10, 0x0, 0x0, 0x0,
    0x7f, 0xff, 0x10, 0x0, 0x0, 0x0, 0x7f, 0xff,
    0xff, 0xff, 0xff, 0xff, 0x7f, 0xff, 0xff, 0xff,
    0xff, 0xff, 0x7f, 0xff, 0xff, 0xff, 0xff, 0xff,

    /* U+0046 "F" */
    0x7f, 0xff, 0xff, 0xff, 0xff, 0xf6, 0x7f, 0xff,
    0xff, 0xff, 0xff, 0xf6, 0x7f, 0xff, 0xff, 0xff,
    0xff, 0xf6, 0x7f, 0xff, 0x10, 0x0, 0x0, 0x0,
    0x7f, 0xff, 0x10, 0x0, 0x0, 0x0, 0x7f, 0xff,
    0x10, 0x0, 0x0, 0x0, 0x7f, 0xff, 0xff, 0xff,
    0xf5, 0x0, 0x7f, 0xff, 0xff, 0xff, 0xf5, 0x0,
    0x7f, 0xff, 0xff, 0xff, 0xf5, 0x0, 0x7f, 0xff,
    0x10, 0x0, 0x0, 0x0, 0x7f, 0xff, 0x10, 0x0,
    0x0, 0x0, 0x7f, 0xff, 0x10, 0x0, 0x0, 0x0,
    0x7f, 0xff, 0x10, 0x0, 0x0, 0x0, 0x7f, 0xff,
    0x10, 0x0, 0x0, 0x0, 0x7f, 0xff, 0x10, 0x0,
    0x0, 0x0, 0x7f, 0xff, 0x10, 0x0, 0x0, 0x0,

    /* U+0047 "G" */
    0x0, 0x5, 0xbe, 0xff, 0xd9, 0x20, 0x0, 0xb,
    0xff, 0xff, 0xff, 0xff, 0x70, 0xa, 0xff, 0xff,
    0xff, 0xff, 0xff, 0x42, 0xff, 0xfd, 0x40, 0x17,
    0xff, 0xfa, 0x6f, 0xff, 0x30, 0x0, 0xd, 0xff,
    0xc8, 0xff, 0xf0, 0x0, 0x0, 0x34, 0x43, 0x8f,
    0xff, 0x0, 0x0, 0x0, 0x0, 0x8, 0xff, 0xf0,
    0x9, 0xff, 0xff, 0xfc, 0x8f, 0xff, 0x0, 0x9f,
    0xff, 0xff, 0xc8, 0xff, 0xf0, 0x7, 0xcc, 0xef,
    0xfc, 0x8f, 0xff, 0x0, 0x0, 0xb, 0xff, 0xc7,
    0xff, 0xf4, 0x0, 0x0, 0xcf, 0xfb, 0x5f, 0xff,
    0xe4, 0x0, 0x5f, 0xff, 0x60, 0xdf, 0xff, 0xff,
    0xff, 0xff, 0xe0, 0x1, 0xdf, 0xff, 0xff, 0xff,
    0xe2, 0x0, 0x0, 0x6b, 0xef, 0xfc, 0x70, 0x0,

    /* U+0048 "H" */
    0x4f, 0xff, 0x40, 0x0, 0x7, 0xff, 0xf1, 0x4f,
    0xff, 0x40, 0x0, 0x7, 0xff, 0xf1, 0x4f, 0xff,
    0x40, 0x0, 0x7, 0xff, 0xf1, 0x4f, 0xff, 0x40,
    0x0, 0x7, 0xff, 0xf1, 0x4f, 0xff, 0x40, 0x0,
    0x7, 0xff, 0xf1, 0x4f, 0xff, 0x40, 0x0, 0x7,
    0xff, 0xf1, 0x4f, 0xff, 0xff, 0xff, 0xff, 0xff,
    0xf1, 0x4f, 0xff, 0xff, 0xff, 0xff, 0xff, 0xf1,
    0x4f, 0xff, 0xff, 0xff, 0xff, 0xff, 0xf1, 0x4f,
    0xff, 0x40, 0x0, 0x7, 0xff, 0xf1, 0x4f, 0xff,
    0x40, 0x0, 0x7, 0xff, 0xf1, 0x4f, 0xff, 0x40,
    0x0, 0x7, 0xff, 0xf1, 0x4f, 0xff, 0x40, 0x0,
    0x7, 0xff, 0xf1, 0x4f, 0xff, 0x40, 0x0, 0x7,
    0xff, 0xf1, 0x4f, 0xff, 0x40, 0x0, 0x7, 0xff,
    0xf1, 0x4f, 0xff, 0x40, 0x0, 0x7, 0xff, 0xf1,

    /* U+0049 "I" */
    0x7f, 0xff, 0x17, 0xff, 0xf1, 0x7f, 0xff, 0x17,
    0xff, 0xf1, 0x7f, 0xff, 0x17, 0xff, 0xf1, 0x7f,
    0xff, 0x17, 0xff, 0xf1, 0x7f, 0xff, 0x17, 0xff,
    0xf1, 0x7f, 0xff, 0x17, 0xff, 0xf1, 0x7f, 0xff,
    0x17, 0xff, 0xf1, 0x7f, 0xff, 0x17, 0xff, 0xf1,

    /* U+004A "J" */
    0x0, 0x0, 0x0, 0x0, 0x9, 0xff, 0xf0, 0x0,
    0x0, 0x0, 0x0, 0x9f, 0xff, 0x0, 0x0, 0x0,
    0x0, 0x9, 0xff, 0xf0, 0x0, 0x0, 0x0, 0x0,
    0x9f, 0xff, 0x0, 0x0, 0x0, 0x0, 0x9, 0xff,
    0xf0, 0x0, 0x0, 0x0, 0x0, 0x9f, 0xff, 0x0,
    0x0, 0x0, 0x0, 0x9, 0xff, 0xf0, 0x0, 0x0,
    0x0, 0x0, 0x9f, 0xff, 0x0, 0x0, 0x0, 0x0,
    0x9, 0xff, 0xf0, 0xcc, 0xc7, 0x0, 0x0, 0x9f,
    0xff, 0xf, 0xff, 0x90, 0x0, 0x9, 0xff, 0xf0,
    0xff, 0xfb, 0x0, 0x0, 0xbf, 0xfe, 0xb, 0xff,
    0xf7, 0x11, 0x8f, 0xff, 0xa0, 0x4f, 0xff, 0xff,
    0xff, 0xff, 0xf3, 0x0, 0x7f, 0xff, 0xff, 0xff,
    0xf5, 0x0, 0x0, 0x39, 0xdf, 0xfd, 0x92, 0x0,

    /* U+004B "K" */
    0x7f, 0xff, 0x10, 0x0, 0x1e, 0xff, 0xf2, 0x7f,
    0xff, 0x10, 0x0, 0xbf, 0xff, 0x40, 0x7f, 0xff,
    0x10, 0x9, 0xff, 0xf8, 0x0, 0x7f, 0xff, 0x10,
    0x5f, 0xff, 0xb0, 0x0, 0x7f, 0xff, 0x13, 0xff,
    0xfe, 0x10, 0x0, 0x7f, 0xff, 0x2e, 0xff, 0xf3,
    0x0, 0x0, 0x7f, 0xff, 0xcf, 0xff, 0x60, 0x0,
    0x0, 0x7f, 0xff, 0xff, 0xff, 0x50, 0x0, 0x0,
    0x7f, 0xff, 0xff, 0xff, 0xe1, 0x0, 0x0, 0x7f,
    0xff, 0xfb, 0xff, 0xf9, 0x0, 0x0, 0x7f, 0xff,
    0xa0, 0xbf, 0xff, 0x30, 0x0, 0x7f, 0xff, 0x10,
    0x2f, 0xff, 0xd0, 0x0, 0x7f, 0xff, 0x10, 0x7,
    0xff, 0xf7, 0x0, 0x7f, 0xff, 0x10, 0x0, 0xdf,
    0xff, 0x20, 0x7f, 0xff, 0x10, 0x0, 0x3f, 0xff,
    0xb0, 0x7f, 0xff, 0x10, 0x0, 0x9, 0xff, 0xf5,

    /* U+004C "L" */
    0x7f, 0xff, 0x10, 0x0, 0x0, 0x0, 0x7, 0xff,
    0xf1, 0x0, 0x0, 0x0, 0x0, 0x7f, 0xff, 0x10,
    0x0, 0x0, 0x0, 0x7, 0xff, 0xf1, 0x0, 0x0,
    0x0, 0x0, 0x7f, 0xff, 0x10, 0x0, 0x0, 0x0,
    0x7, 0xff, 0xf1, 0x0, 0x0, 0x0, 0x0, 0x7f,
    0xff, 0x10, 0x0, 0x0, 0x0, 0x7, 0xff, 0xf1,
    0x0, 0x0, 0x0, 0x0, 0x7f, 0xff, 0x10, 0x0,
    0x0, 0x0, 0x7, 0xff, 0xf1, 0x0, 0x0, 0x0,
    0x0, 0x7f, 0xff, 0x10, 0x0, 0x0, 0x0, 0x7,
    0xff, 0xf1, 0x0, 0x0, 0x0, 0x0, 0x7f, 0xff,
    0x10, 0x0, 0x0, 0x0, 0x7, 0xff, 0xff, 0xff,
    0xff, 0xff, 0xf0, 0x7f, 0xff, 0xff, 0xff, 0xff,
    0xff, 0x17, 0xff, 0xff, 0xff, 0xff, 0xff, 0xf1,

    /* U+004D "M" */
    0x7f, 0xff, 0x40, 0x0, 0x0, 0x2f, 0xff, 0xa7,
    0xff, 0xfe, 0x0, 0x0, 0xc, 0xff, 0xfa, 0x7f,
    0xff, 0xf9, 0x0, 0x6, 0xff, 0xff, 0xa7, 0xff,
    0xff, 0xf3, 0x1, 0xff, 0xff, 0xfa, 0x7f, 0xff,
    0xff, 0xd0, 0xaf, 0xff, 0xff, 0xa7, 0xff, 0xfa,
    0xff, 0xbf, 0xfb, 0xef, 0xfa, 0x7f, 0xff, 0x2f,
    0xff, 0xff, 0x3e, 0xff, 0xa7, 0xff, 0xf1, 0x8f,
    0xff, 0xb0, 0xef, 0xfa, 0x7f, 0xff, 0x11, 0xff,
    0xf2, 0xe, 0xff, 0xa7, 0xff, 0xf1, 0x6, 0xb8,
    0x0, 0xef, 0xfa, 0x7f, 0xff, 0x10, 0x0, 0x0,
    0xe, 0xff, 0xa7, 0xff, 0xf1, 0x0, 0x0, 0x0,
    0xef, 0xfa, 0x7f, 0xff, 0x10, 0x0, 0x0, 0xe,
    0xff, 0xa7, 0xff, 0xf1, 0x0, 0x0, 0x0, 0xef,
    0xfa, 0x7f, 0xff, 0x10, 0x0, 0x0, 0xe, 0xff,
    0xa7, 0xff, 0xf1, 0x0, 0x0, 0x0, 0xef, 0xfa,

    /* U+004E "N" */
    0x7f, 0xff, 0x30, 0x0, 0x1, 0xff, 0xf7, 0x7f,
    0xff, 0xc0, 0x0, 0x1, 0xff, 0xf7, 0x7f, 0xff,
    0xf6, 0x0, 0x1, 0xff, 0xf7, 0x7f, 0xff, 0xff,
    0x10, 0x1, 0xff, 0xf7, 0x7f, 0xff, 0xff, 0xa0,
    0x1, 0xff, 0xf7, 0x7f, 0xff, 0xff, 0xf4, 0x1,
    0xff, 0xf7, 0x7f, 0xff, 0xdf, 0xfd, 0x1, 0xff,
    0xf7, 0x7f, 0xff, 0x4f, 0xff, 0x81, 0xff, 0xf7,
    0x7f, 0xff, 0x9, 0xff, 0xf4, 0xff, 0xf7, 0x7f,
    0xff, 0x0, 0xef, 0xfd, 0xff, 0xf7, 0x7f, 0xff,
    0x0, 0x5f, 0xff, 0xff, 0xf7, 0x7f, 0xff, 0x0,
    0xb, 0xff, 0xff, 0xf7, 0x7f, 0xff, 0x0, 0x2,
    0xff, 0xff, 0xf7, 0x7f, 0xff, 0x0, 0x0, 0x7f,
    0xff, 0xf7, 0x7f, 0xff, 0x0, 0x0, 0xd, 0xff,
    0xf7, 0x7f, 0xff, 0x0, 0x0, 0x4, 0xff, 0xf7,

    /* U+004F "O" */
    0x0, 0x4, 0xae, 0xff, 0xd8, 0x10, 0x0, 0x0,
    0xaf, 0xff, 0xff, 0xff, 0xf5, 0x0, 0xa, 0xff,
    0xff, 0xff, 0xff, 0xff, 0x40, 0x2f, 0xff, 0xe4,
    0x1, 0x7f, 0xff, 0xd0, 0x7f, 0xff, 0x40, 0x0,
    0xa, 0xff, 0xf1, 0x8f, 0xff, 0x20, 0x0, 0x8,
    0xff, 0xf2, 0x8f, 0xff, 0x20, 0x0, 0x8, 0xff,
    0xf3, 0x8f, 0xff, 0x20, 0x0, 0x8, 0xff, 0xf3,
    0x8f, 0xff, 0x20, 0x0, 0x8, 0xff, 0xf3, 0x8f,
    0xff, 0x20, 0x0, 0x8, 0xff, 0xf3, 0x8f, 0xff,
    0x20, 0x0, 0x8, 0xff, 0xf2, 0x7f, 0xff, 0x50,
    0x0, 0xb, 0xff, 0xf1, 0x3f, 0xff, 0xe4, 0x1,
    0x8f, 0xff, 0xd0, 0xa, 0xff, 0xff, 0xff, 0xff,
    0xff, 0x40, 0x0, 0xaf, 0xff, 0xff, 0xff, 0xf5,
    0x0, 0x0, 0x4, 0xae, 0xff, 0xd8, 0x20, 0x0,

    /* U+0050 "P" */
    0x7f, 0xff, 0xff, 0xff, 0xea, 0x30, 0x7, 0xff,
    0xff, 0xff, 0xff, 0xff, 0x50, 0x7f, 0xff, 0xff,
    0xff, 0xff, 0xff, 0x27, 0xff, 0xf1, 0x0, 0x19,
    0xff, 0xf8, 0x7f, 0xff, 0x10, 0x0, 0xe, 0xff,
    0xb7, 0xff, 0xf1, 0x0, 0x0, 0xdf, 0xfb, 0x7f,
    0xff, 0x10, 0x0, 0x5f, 0xff, 0x87, 0xff, 0xfc,
    0xcc, 0xdf, 0xff, 0xf2, 0x7f, 0xff, 0xff, 0xff,
    0xff, 0xf5, 0x7, 0xff, 0xff, 0xff, 0xfe, 0xa2,
    0x0, 0x7f, 0xff, 0x10, 0x0, 0x0, 0x0, 0x7,
    0xff, 0xf1, 0x0, 0x0, 0x0, 0x0, 0x7f, 0xff,
    0x10, 0x0, 0x0, 0x0, 0x7, 0xff, 0xf1, 0x0,
    0x0, 0x0, 0x0, 0x7f, 0xff, 0x10, 0x0, 0x0,
    0x0, 0x7, 0xff, 0xf1, 0x0, 0x0, 0x0, 0x0,

    /* U+0051 "Q" */
    0x0, 0x4, 0xae, 0xff, 0xd8, 0x10, 0x0, 0x0,
    0xaf, 0xff, 0xff, 0xff, 0xf5, 0x0, 0xa, 0xff,
    0xff, 0xff, 0xff, 0xff, 0x40, 0x2f, 0xff, 0xe4,
    0x1, 0x7f, 0xff, 0xd0, 0x7f, 0xff, 0x40, 0x0,
    0xa, 0xff, 0xf1, 0x8f, 0xff, 0x20, 0x0, 0x8,
    0xff, 0xf2, 0x8f, 0xff, 0x20, 0x0, 0x8, 0xff,
    0xf3, 0x8f, 0xff, 0x20, 0x0, 0x8, 0xff, 0xf3,
    0x8f, 0xff, 0x20, 0x0, 0x8, 0xff, 0xf3, 0x8f,
    0xff, 0x20, 0x0, 0x8, 0xff, 0xf3, 0x8f, 0xff,
    0x20, 0x8, 0xc9, 0xff, 0xf2, 0x7f, 0xff, 0x50,
    0x8f, 0xff, 0xff, 0xf1, 0x3f, 0xff, 0xe4, 0x5f,
    0xff, 0xff, 0xc0, 0xa, 0xff, 0xff, 0xff, 0xff,
    0xff, 0x70, 0x0, 0xaf, 0xff, 0xff, 0xff, 0xff,
    0xc0, 0x0, 0x4, 0xae, 0xff, 0xc8, 0xdc, 0x0,
    0x0, 0x0, 0x0, 0x0, 0x0, 0x10, 0x0,

    /* U+0052 "R" */
    0x7f, 0xff, 0xff, 0xff, 0xea, 0x30, 0x7, 0xff,
    0xff, 0xff, 0xff, 0xff, 0x50, 0x7f, 0xff, 0xff,
    0xff, 0xff, 0xff, 0x27, 0xff, 0xf1, 0x0, 0x19,
    0xff, 0xf8, 0x7f, 0xff, 0x10, 0x0, 0xe, 0xff,
    0xb7, 0xff, 0xf1, 0x0, 0x0, 0xdf, 0xfa, 0x7f,
    0xff, 0x10, 0x0, 0x5f, 0xff, 0x87, 0xff, 0xfc,
    0xcc, 0xdf, 0xff, 0xf1, 0x7f, 0xff, 0xff, 0xff,
    0xff, 0xf5, 0x7, 0xff, 0xff, 0xff, 0xff, 0xb2,
    0x0, 0x7f, 0xff, 0x10, 0xdf, 0xfc, 0x0, 0x7,
    0xff, 0xf1, 0x5, 0xff, 0xf4, 0x0, 0x7f, 0xff,
    0x10, 0xe, 0xff, 0xc0, 0x7, 0xff, 0xf1, 0x0,
    0x7f, 0xff, 0x40, 0x7f, 0xff, 0x10, 0x0, 0xef,
    0xfc, 0x7, 0xff, 0xf1, 0x0, 0x8, 0xff, 0xf4,

    /* U+0053 "S" */
    0x0, 0x18, 0xcf, 0xfe, 0xb6, 0x0, 0x0, 0x3e,
    0xff, 0xff, 0xff, 0xfd, 0x20, 0xe, 0xff, 0xff,
    0xff, 0xff, 0xfd, 0x5, 0xff, 0xf9, 0x10, 0x3c,
    0xff, 0xf5, 0x6f, 0xff, 0x10, 0x0, 0x1f, 0xff,
    0x94, 0xff, 0xf9, 0x0, 0x0, 0x67, 0x74, 0xc,
    0xff, 0xfe, 0x82, 0x0, 0x0, 0x0, 0x1c, 0xff,
    0xff, 0xfd, 0x70, 0x0, 0x0, 0x4, 0xbf, 0xff,
    0xff, 0xe4, 0x0, 0x0, 0x0, 0x28, 0xef, 0xff,
    0xf2, 0x47, 0x75, 0x0, 0x0, 0x7f, 0xff, 0x8a,
    0xff, 0xf0, 0x0, 0x0, 0xef, 0xfa, 0x7f, 0xff,
    0xb3, 0x0, 0x6f, 0xff, 0x91, 0xff, 0xff, 0xff,
    0xff, 0xff, 0xf3, 0x3, 0xef, 0xff, 0xff, 0xff,
    0xf6, 0x0, 0x1, 0x7c, 0xef, 0xfd, 0x82, 0x0,

    /* U+0054 "T" */
    0x7f, 0xff, 0xff, 0xff, 0xff, 0xff, 0xf3, 0x7f,
    0xff, 0xff, 0xff, 0xff, 0xff, 0xf3, 0x7f, 0xff,
    0xff, 0xff, 0xff, 0xff, 0xf3, 0x0, 0x0, 0xa,
    0xff, 0xf0, 0x0, 0x0, 0x0, 0x0, 0xa, 0xff,
    0xf0, 0x0, 0x0, 0x0, 0x0, 0xa, 0xff, 0xf0,
    0x0, 0x0, 0x0, 0x0, 0xa, 0xff, 0xf0, 0x0,
    0x0, 0x0, 0x0, 0xa, 0xff, 0xf0, 0x0, 0x0,
    0x0, 0x0, 0xa, 0xff, 0xf0, 0x0, 0x0, 0x0,
    0x0, 0xa, 0xff, 0xf0, 0x0, 0x0, 0x0, 0x0,
    0xa, 0xff, 0xf0, 0x0, 0x0, 0x0, 0x0, 0xa,
    0xff, 0xf0, 0x0, 0x0, 0x0, 0x0, 0xa, 0xff,
    0xf0, 0x0, 0x0, 0x0, 0x0, 0xa, 0xff, 0xf0,
    0x0, 0x0, 0x0, 0x0, 0xa, 0xff, 0xf0, 0x0,
    0x0, 0x0, 0x0, 0xa, 0xff, 0xf0, 0x0, 0x0,

    /* U+0055 "U" */
    0x8f, 0xff, 0x30, 0x0, 0x8, 0xff, 0xf3, 0x8f,
    0xff, 0x30, 0x0, 0x8, 0xff, 0xf3, 0x8f, 0xff,
    0x30, 0x0, 0x8, 0xff, 0xf3, 0x8f, 0xff, 0x30,
    0x0, 0x8, 0xff, 0xf3, 0x8f, 0xff, 0x30, 0x0,
    0x8, 0xff, 0xf3, 0x8f, 0xff, 0x30, 0x0, 0x8,
    0xff, 0xf3, 0x8f, 0xff, 0x30, 0x0, 0x8, 0xff,
    0xf3, 0x8f, 0xff, 0x30, 0x0, 0x8, 0xff, 0xf3,
    0x8f, 0xff, 0x30, 0x0, 0x8, 0xff, 0xf3, 0x8f,
    0xff, 0x30, 0x0, 0x8, 0xff, 0xf3, 0x8f, 0xff,
    0x30, 0x0, 0x8, 0xff, 0xf3, 0x6f, 0xff, 0x60,
    0x0, 0xb, 0xff, 0xf1, 0x2f, 0xff, 0xe5, 0x1,
    0x8f, 0xff, 0xd0, 0x9, 0xff, 0xff, 0xff, 0xff,
    0xff, 0x40, 0x0, 0x9f, 0xff, 0xff, 0xff, 0xf5,
    0x0, 0x0, 0x4, 0xae, 0xff, 0xd8, 0x20, 0x0,

    /* U+0056 "V" */
    0x5f, 0xff, 0x70, 0x0, 0x0, 0xbf, 0xff, 0x1,
    0xff, 0xfb, 0x0, 0x0, 0xf, 0xff, 0xa0, 0xb,
    0xff, 0xf0, 0x0, 0x4, 0xff, 0xf5, 0x0, 0x6f,
    0xff, 0x40, 0x0, 0x8f, 0xff, 0x10, 0x1, 0xff,
    0xf8, 0x0, 0xc, 0xff, 0xb0, 0x0, 0xc, 0xff,
    0xc0, 0x1, 0xff, 0xf6, 0x0, 0x0, 0x8f, 0xff,
    0x10, 0x5f, 0xff, 0x10, 0x0, 0x3, 0xff, 0xf5,
    0x9, 0xff, 0xc0, 0x0, 0x0, 0xe, 0xff, 0x90,
    0xdf, 0xf7, 0x0, 0x0, 0x0, 0x9f, 0xfe, 0x2f,
    0xff, 0x20, 0x0, 0x0, 0x4, 0xff, 0xf8, 0xff,
    0xd0, 0x0, 0x0, 0x0, 0xe, 0xff, 0xff, 0xf8,
    0x0, 0x0, 0x0, 0x0, 0xaf, 0xff, 0xff, 0x30,
    0x0, 0x0, 0x0, 0x5, 0xff, 0xff, 0xe0, 0x0,
    0x0, 0x0, 0x0, 0xf, 0xff, 0xf9, 0x0, 0x0,
    0x0, 0x0, 0x0, 0xbf, 0xff, 0x40, 0x0, 0x0,

    /* U+0057 "W" */
    0x5f, 0xff, 0x70, 0x0, 0x0, 0xbf, 0xff, 0x50,
    0x0, 0x0, 0xcf, 0xfe, 0x1, 0xff, 0xfb, 0x0,
    0x0, 0xf, 0xff, 0xfa, 0x0, 0x0, 0x1f, 0xff,
    0x90, 0xb, 0xff, 0xf0, 0x0, 0x4, 0xff, 0xff,
    0xe0, 0x0, 0x5, 0xff, 0xf4, 0x0, 0x6f, 0xff,
    0x40, 0x0, 0x8f, 0xff, 0xff, 0x20, 0x0, 0x9f,
    0xff, 0x0, 0x1, 0xff, 0xf8, 0x0, 0xc, 0xff,
    0xff, 0xf7, 0x0, 0xd, 0xff, 0xa0, 0x0, 0xc,
    0xff, 0xc0, 0x1, 0xff, 0xff, 0xff, 0xb0, 0x2,
    0xff, 0xf5, 0x0, 0x0, 0x8f, 0xff, 0x10, 0x5f,
    0xff, 0xaf, 0xff, 0x0, 0x6f, 0xff, 0x10, 0x0,
    0x3, 0xff, 0xf5, 0x9, 0xff, 0xc4, 0xff, 0xf3,
    0xa, 0xff, 0xb0, 0x0, 0x0, 0xe, 0xff, 0x90,
    0xdf, 0xf7, 0xf, 0xff, 0x80, 0xef, 0xf6, 0x0,
    0x0, 0x0, 0x9f, 0xfe, 0x2f, 0xff, 0x20, 0xaf,
    0xfc, 0x3f, 0xff, 0x10, 0x0, 0x0, 0x4, 0xff,
    0xf8, 0xff, 0xd0, 0x5, 0xff, 0xf8, 0xff, 0xc0,
    0x0, 0x0, 0x0, 0xe, 0xff, 0xff, 0xf8, 0x0,
    0xf, 0xff, 0xff, 0xf7, 0x0, 0x0, 0x0, 0x0,
    0xaf, 0xff, 0xff, 0x30, 0x0, 0xbf, 0xff, 0xff,
    0x20, 0x0, 0x0, 0x0, 0x5, 0xff, 0xff, 0xe0,
    0x0, 0x6, 0xff, 0xff, 0xd0, 0x0, 0x0, 0x0,
    0x0, 0xf, 0xff, 0xf9, 0x0, 0x0, 0x1f, 0xff,
    0xf8, 0x0, 0x0, 0x0, 0x0, 0x0, 0xbf, 0xff,
    0x40, 0x0, 0x0, 0xcf, 0xff, 0x30, 0x0, 0x0,

    /* U+0058 "X" */
    0xe, 0xff, 0xd0, 0x0, 0x0, 0x9f, 0xff, 0x30,
    0x6f, 0xff, 0x70, 0x0, 0x2f, 0xff, 0xa0, 0x0,
    0xcf, 0xfe, 0x10, 0xb, 0xff, 0xf1, 0x0, 0x3,
    0xff, 0xf9, 0x5, 0xff, 0xf7, 0x0, 0x0, 0xa,
    0xff, 0xf2, 0xdf, 0xfd, 0x0, 0x0, 0x0, 0x1f,
    0xff, 0xef, 0xff, 0x40, 0x0, 0x0, 0x0, 0x7f,
    0xff, 0xff, 0xb0, 0x0, 0x0, 0x0, 0x0, 0xdf,
    0xff, 0xf2, 0x0, 0x0, 0x0, 0x0, 0xd, 0xff,
    0xff, 0x20, 0x0, 0x0, 0x0, 0x7, 0xff, 0xff,
    0xfb, 0x0, 0x0, 0x0, 0x1, 0xff, 0xff, 0xff,
    0xf4, 0x0, 0x0, 0x0, 0xaf, 0xff, 0x3d, 0xff,
    0xd0, 0x0, 0x0, 0x3f, 0xff, 0x90, 0x5f, 0xff,
    0x70, 0x0, 0xc, 0xff, 0xe1, 0x0, 0xcf, 0xff,
    0x10, 0x6, 0xff, 0xf6, 0x0, 0x2, 0xff, 0xfa,
    0x0, 0xef, 0xfd, 0x0, 0x0, 0x9, 0xff, 0xf3,

    /* U+0059 "Y" */
    0x4f, 0xff, 0x90, 0x0, 0x1, 0xff, 0xfc, 0x0,
    0xcf, 0xff, 0x10, 0x0, 0x7f, 0xff, 0x40, 0x4,
    0xff, 0xf7, 0x0, 0xe, 0xff, 0xc0, 0x0, 0xc,
    0xff, 0xe0, 0x6, 0xff, 0xf4, 0x0, 0x0, 0x4f,
    0xff, 0x60, 0xdf, 0xfc, 0x0, 0x0, 0x0, 0xcf,
    0xfd, 0x5f, 0xff, 0x40, 0x0, 0x0, 0x4, 0xff,
    0xff, 0xff, 0xc0, 0x0, 0x0, 0x0, 0xc, 0xff,
    0xff, 0xf4, 0x0, 0x0, 0x0, 0x0, 0x4f, 0xff,
    0xfc, 0x0, 0x0, 0x0, 0x0, 0x0, 0xcf, 0xff,
    0x40, 0x0, 0x0, 0x0, 0x0, 0x8, 0xff, 0xf0,
    0x0, 0x0, 0x0, 0x0, 0x0, 0x8f, 0xff, 0x0,
    0x0, 0x0, 0x0, 0x0, 0x8, 0xff, 0xf0, 0x0,
    0x0, 0x0, 0x0, 0x0, 0x8f, 0xff, 0x0, 0x0,
    0x0, 0x0, 0x0, 0x8, 0xff, 0xf0, 0x0, 0x0,
    0x0, 0x0, 0x0, 0x8f, 0xff, 0x0, 0x0, 0x0,

    /* U+005A "Z" */
    0x1f, 0xff, 0xff, 0xff, 0xff, 0xff, 0x71, 0xff,
    0xff, 0xff, 0xff, 0xff, 0xf7, 0xf, 0xff, 0xff,
    0xff, 0xff, 0xff, 0x70, 0x0, 0x0, 0x0, 0xd,
    0xff, 0xf3, 0x0, 0x0, 0x0, 0x9, 0xff, 0xf7,
    0x0, 0x0, 0x0, 0x6, 0xff, 0xfa, 0x0, 0x0,
    0x0, 0x3, 0xff, 0xfd, 0x0, 0x0, 0x0, 0x1,
    0xdf, 0xff, 0x20, 0x0, 0x0, 0x0, 0xbf, 0xff,
    0x50, 0x0, 0x0, 0x0, 0x7f, 0xff, 0x80, 0x0,
    0x0, 0x0, 0x4f, 0xff, 0xc0, 0x0, 0x0, 0x0,
    0x1e, 0xff, 0xe1, 0x0, 0x0, 0x0, 0xc, 0xff,
    0xf3, 0x0, 0x0, 0x0, 0x1, 0xff, 0xff, 0xff,
    0xff, 0xff, 0xf7, 0x1f, 0xff, 0xff, 0xff, 0xff,
    0xff, 0x71, 0xff, 0xff, 0xff, 0xff, 0xff, 0xf7,

    /* U+005B "[" */
    0x4f, 0xff, 0xff, 0x34, 0xff, 0xff, 0xf3, 0x4f,
    0xff, 0xff, 0x34, 0xff, 0xf4, 0x0, 0x4f, 0xff,
    0x40, 0x4, 0xff, 0xf4, 0x0, 0x4f, 0xff, 0x40,
    0x4, 0xff, 0xf4, 0x0, 0x4f, 0xff, 0x40, 0x4,
    0xff, 0xf4, 0x0, 0x4f, 0xff, 0x40, 0x4, 0xff,
    0xf4, 0x0, 0x4f, 0xff, 0x40, 0x4, 0xff, 0xf4,
    0x0, 0x4f, 0xff, 0x40, 0x4, 0xff, 0xf4, 0x0,
    0x4f, 0xff, 0x40, 0x4, 0xff, 0xf4, 0x0, 0x4f,
    0xff, 0x40, 0x4, 0xff, 0xff, 0xf3, 0x4f, 0xff,
    0xff, 0x34, 0xff, 0xff, 0xf3,

    /* U+005C "\\" */
    0x1f, 0xff, 0x70, 0x0, 0x0, 0xb, 0xff, 0xd0,
    0x0, 0x0, 0x6, 0xff, 0xf2, 0x0, 0x0, 0x1,
    0xff, 0xf8, 0x0, 0x0, 0x0, 0xbf, 0xfd, 0x0,
    0x0, 0x0, 0x5f, 0xff, 0x30, 0x0, 0x0, 0xf,
    0xff, 0x80, 0x0, 0x0, 0xb, 0xff, 0xe0, 0x0,
    0x0, 0x5, 0xff, 0xf3, 0x0, 0x0, 0x0, 0xff,
    0xf9, 0x0, 0x0, 0x0, 0xaf, 0xfe, 0x0, 0x0,
    0x0, 0x5f, 0xff, 0x40, 0x0, 0x0, 0xf, 0xff,
    0x90, 0x0, 0x0, 0xa, 0xff, 0xe0, 0x0, 0x0,
    0x4, 0xff, 0xf4, 0x0, 0x0, 0x0, 0xef, 0xfa,

    /* U+005D "]" */
    0x4f, 0xff, 0xff, 0x34, 0xff, 0xff, 0xf3, 0x4f,
    0xff, 0xff, 0x30, 0x5, 0xff, 0xf3, 0x0, 0x5f,
    0xff, 0x30, 0x5, 0xff, 0xf3, 0x0, 0x5f, 0xff,
    0x30, 0x5, 0xff, 0xf3, 0x0, 0x5f, 0xff, 0x30,
    0x5, 0xff, 0xf3, 0x0, 0x5f, 0xff, 0x30, 0x5,
    0xff, 0xf3, 0x0, 0x5f, 0xff, 0x30, 0x5, 0xff,
    0xf3, 0x0, 0x5f, 0xff, 0x30, 0x5, 0xff, 0xf3,
    0x0, 0x5f, 0xff, 0x30, 0x5, 0xff, 0xf3, 0x0,
    0x5f, 0xff, 0x34, 0xff, 0xff, 0xf3, 0x4f, 0xff,
    0xff, 0x34, 0xff, 0xff, 0xf3,

    /* U+005F "_" */
    0x6a, 0xaa, 0xaa, 0xaa, 0xa9, 0xbf, 0xff, 0xff,
    0xff, 0xfe, 0xbf, 0xff, 0xff, 0xff, 0xfe,

    /* U+0061 "a" */
    0x0, 0x29, 0xdf, 0xfd, 0x81, 0x0, 0x6, 0xff,
    0xff, 0xff, 0xfe, 0x30, 0x1f, 0xff, 0xff, 0xff,
    0xff, 0xe0, 0x3b, 0xdf, 0x80, 0x1b, 0xff, 0xf3,
    0x0, 0x0, 0x0, 0x4, 0xff, 0xf4, 0x0, 0x49,
    0xbc, 0xcd, 0xff, 0xf4, 0xb, 0xff, 0xff, 0xff,
    0xff, 0xf4, 0x6f, 0xff, 0x70, 0x4, 0xff, 0xf4,
    0x9f, 0xff, 0x0, 0x6, 0xff, 0xf4, 0x8f, 0xff,
    0x94, 0x7f, 0xff, 0xf4, 0x2f, 0xff, 0xff, 0xfd,
    0xff, 0xf4, 0x2, 0xae, 0xfe, 0x85, 0xff, 0xf4,

    /* U+0062 "b" */
    0x7f, 0xff, 0x10, 0x0, 0x0, 0x7, 0xff, 0xf1,
    0x0, 0x0, 0x0, 0x7f, 0xff, 0x10, 0x0, 0x0,
    0x7, 0xff, 0xf1, 0x0, 0x0, 0x0, 0x7f, 0xff,
    0x5c, 0xfe, 0xb2, 0x7, 0xff, 0xff, 0xff, 0xff,
    0xf2, 0x7f, 0xff, 0xd8, 0xaf, 0xff, 0x87, 0xff,
    0xf3, 0x0, 0xcf, 0xfb, 0x7f, 0xff, 0x10, 0xa,
    0xff, 0xc7, 0xff, 0xf1, 0x0, 0xaf, 0xfc, 0x7f,
    0xff, 0x10, 0xa, 0xff, 0xc7, 0xff, 0xf1, 0x0,
    0xaf, 0xfc, 0x7f, 0xff, 0x30, 0xc, 0xff, 0xb7,
    0xff, 0xfe, 0x8b, 0xff, 0xf8, 0x7f, 0xff, 0xff,
    0xff, 0xff, 0x27, 0xff, 0xf5, 0xcf, 0xeb, 0x20,

    /* U+0063 "c" */
    0x0, 0x17, 0xcf, 0xec, 0x60, 0x0, 0x2, 0xef,
    0xff, 0xff, 0xfd, 0x20, 0xd, 0xff, 0xff, 0xff,
    0xff, 0xc0, 0x5f, 0xff, 0x90, 0x1a, 0xff, 0xf4,
    0xaf, 0xff, 0x0, 0x1, 0xc9, 0x72, 0xbf, 0xfd,
    0x0, 0x0, 0x0, 0x0, 0xbf, 0xfd, 0x0, 0x0,
    0x0, 0x0, 0x9f, 0xff, 0x10, 0x2, 0xa7, 0x51,
    0x5f, 0xff, 0x90, 0x1a, 0xff, 0xf4, 0xd, 0xff,
    0xff, 0xff, 0xff, 0xc0, 0x2, 0xdf, 0xff, 0xff,
    0xfd, 0x20, 0x0, 0x17, 0xcf, 0xec, 0x70, 0x0,

    /* U+0064 "d" */
    0x0, 0x0, 0x0, 0x7, 0xff, 0xf1, 0x0, 0x0,
    0x0, 0x7, 0xff, 0xf1, 0x0, 0x0, 0x0, 0x7,
    0xff, 0xf1, 0x0, 0x0, 0x0, 0x7, 0xff, 0xf1,
    0x0, 0x9e, 0xfe, 0x88, 0xff, 0xf1, 0xc, 0xff,
    0xff, 0xff, 0xff, 0xf1, 0x4f, 0xff, 0xd8, 0xcf,
    0xff, 0xf1, 0x7f, 0xff, 0x10, 0xe, 0xff, 0xf1,
    0x8f, 0xfe, 0x0, 0xc, 0xff, 0xf1, 0x8f, 0xfe,
    0x0, 0xc, 0xff, 0xf1, 0x8f, 0xfe, 0x0, 0xc,
    0xff, 0xf1, 0x8f, 0xfe, 0x0, 0xc, 0xff, 0xf1,
    0x7f, 0xff, 0x0, 0xd, 0xff, 0xf1, 0x4f, 0xff,
    0xa4, 0x9f, 0xff, 0xf1, 0xc, 0xff, 0xff, 0xff,
    0xff, 0xf1, 0x1, 0x9e, 0xfe, 0x98, 0xff, 0xf1,

    /* U+0065 "e" */
    0x0, 0x19, 0xdf, 0xfc, 0x60, 0x0, 0x3, 0xff,
    0xff, 0xff, 0xfc, 0x0, 0xe, 0xff, 0xff, 0xff,
    0xff, 0xa0, 0x5f, 0xff, 0x50, 0x1a, 0xff, 0xf1,
    0x7f, 0xfb, 0x0, 0x2, 0xff, 0xf3, 0x8f, 0xff,
    0xff, 0xff, 0xff, 0xf3, 0x8f, 0xff, 0xee, 0xee,
    0xee, 0xe3, 0x8f, 0xfb, 0x0, 0x0, 0x10, 0x0,
    0x6f, 0xff, 0x50, 0x9, 0xfe, 0xa0, 0x1e, 0xff,
    0xff, 0xff, 0xff, 0x80, 0x4, 0xff, 0xff, 0xff,
    0xfc, 0x0, 0x0, 0x19, 0xdf, 0xfc, 0x60, 0x0,

    /* U+0066 "f" */
    0x0, 0x4, 0xbe, 0xff, 0x40, 0x3, 0xff, 0xff,
    0xf4, 0x0, 0xaf, 0xff, 0x96, 0x10, 0xb, 0xff,
    0xd0, 0x0, 0x0, 0xcf, 0xfd, 0x0, 0x0, 0xc,
    0xff, 0xd0, 0x0, 0x7f, 0xff, 0xff, 0xff, 0x47,
    0xff, 0xff, 0xff, 0xf4, 0x49, 0xef, 0xfe, 0x99,
    0x20, 0xc, 0xff, 0xd0, 0x0, 0x0, 0xcf, 0xfd,
    0x0, 0x0, 0xc, 0xff, 0xd0, 0x0, 0x0, 0xcf,
    0xfd, 0x0, 0x0, 0xc, 0xff, 0xd0, 0x0, 0x0,
    0xcf, 0xfd, 0x0, 0x0, 0xc, 0xff, 0xd0, 0x0,

    /* U+0067 "g" */
    0x0, 0x9e, 0xfe, 0x9d, 0xff, 0xc0, 0xcf, 0xff,
    0xff, 0xff, 0xfc, 0x4f, 0xff, 0xb5, 0x9f, 0xff,
    0xc7, 0xff, 0xf0, 0x0, 0xef, 0xfc, 0x8f, 0xfe,
    0x0, 0xc, 0xff, 0xc8, 0xff, 0xe0, 0x0, 0xcf,
    0xfc, 0x8f, 0xfe, 0x0, 0xc, 0xff, 0xc8, 0xff,
    0xe0, 0x0, 0xcf, 0xfc, 0x7f, 0xff, 0x10, 0xe,
    0xff, 0xc4, 0xff, 0xfd, 0x8c, 0xff, 0xfc, 0xc,
    0xff, 0xff, 0xff, 0xff, 0xc0, 0x19, 0xef, 0xd7,
    0xef, 0xfb, 0x0, 0x0, 0x0, 0x3f, 0xff, 0xa0,
    0x3, 0x21, 0x4e, 0xff, 0xf5, 0x0, 0xdf, 0xff,
    0xff, 0xfd, 0x0, 0xe, 0xff, 0xff, 0xfd, 0x20,
    0x0, 0xce, 0xfe, 0xb5, 0x0, 0x0,

    /* U+0068 "h" */
    0x7f, 0xff, 0x10, 0x0, 0x0, 0x7, 0xff, 0xf1,
    0x0, 0x0, 0x0, 0x7f, 0xff, 0x10, 0x0, 0x0,
    0x7, 0xff, 0xf1, 0x0, 0x0, 0x0, 0x7f, 0xff,
    0x5c, 0xfe, 0xb2, 0x7, 0xff, 0xff, 0xff, 0xff,
    0xf1, 0x7f, 0xff, 0xd8, 0xaf, 0xff, 0x87, 0xff,
    0xf3, 0x0, 0xcf, 0xfb, 0x7f, 0xff, 0x10, 0xa,
    0xff, 0xc7, 0xff, 0xf1, 0x0, 0xaf, 0xfc, 0x7f,
    0xff, 0x10, 0xa, 0xff, 0xc7, 0xff, 0xf1, 0x0,
    0xaf, 0xfc, 0x7f, 0xff, 0x10, 0xa, 0xff, 0xc7,
    0xff, 0xf1, 0x0, 0xaf, 0xfc, 0x7f, 0xff, 0x10,
    0xa, 0xff, 0xc7, 0xff, 0xf1, 0x0, 0xaf, 0xfc,

    /* U+0069 "i" */
    0x0, 0x65, 0x0, 0xbf, 0xf8, 0xf, 0xff, 0xc0,
    0x8f, 0xf6, 0x0, 0x21, 0x0, 0xff, 0xf9, 0xf,
    0xff, 0x90, 0xff, 0xf9, 0xf, 0xff, 0x90, 0xff,
    0xf9, 0xf, 0xff, 0x90, 0xff, 0xf9, 0xf, 0xff,
    0x90, 0xff, 0xf9, 0xf, 0xff, 0x90, 0xff, 0xf9,
    0xf, 0xff, 0x90,

    /* U+006A "j" */
    0x0, 0x0, 0x47, 0x10, 0x0, 0x5, 0xff, 0xe0,
    0x0, 0x9, 0xff, 0xf2, 0x0, 0x3, 0xff, 0xb0,
    0x0, 0x0, 0x13, 0x0, 0x0, 0x8, 0xff, 0xf1,
    0x0, 0x7, 0xff, 0xf1, 0x0, 0x7, 0xff, 0xf1,
    0x0, 0x7, 0xff, 0xf1, 0x0, 0x7, 0xff, 0xf1,
    0x0, 0x7, 0xff, 0xf1, 0x0, 0x7, 0xff, 0xf1,
    0x0, 0x7, 0xff, 0xf1, 0x0, 0x7, 0xff, 0xf1,
    0x0, 0x7, 0xff, 0xf1, 0x0, 0x7, 0xff, 0xf1,
    0x0, 0x7, 0xff, 0xf1, 0x0, 0x8, 0xff, 0xf0,
    0x0, 0x2d, 0xff, 0xf0, 0x3f, 0xff, 0xff, 0xb0,
    0x3f, 0xff, 0xff, 0x30, 0x3f, 0xec, 0x92, 0x0,

    /* U+006B "k" */
    0x7f, 0xff, 0x10, 0x0, 0x0, 0x0, 0x7f, 0xff,
    0x10, 0x0, 0x0, 0x0, 0x7f, 0xff, 0x10, 0x0,
    0x0, 0x0, 0x7f, 0xff, 0x10, 0x0, 0x0, 0x0,
    0x7f, 0xff, 0x10, 0x3f, 0xff, 0xd0, 0x7f, 0xff,
    0x11, 0xef, 0xff, 0x20, 0x7f, 0xff, 0x1c, 0xff,
    0xf5, 0x0, 0x7f, 0xff, 0xbf, 0xff, 0x90, 0x0,
    0x7f, 0xff, 0xff, 0xff, 0x20, 0x0, 0x7f, 0xff,
    0xff, 0xff, 0x90, 0x0, 0x7f, 0xff, 0xfc, 0xff,
    0xf1, 0x0, 0x7f, 0xff, 0xb0, 0xff, 0xf8, 0x0,
    0x7f, 0xff, 0x10, 0x8f, 0xff, 0x10, 0x7f, 0xff,
    0x10, 0x2f, 0xff, 0x80, 0x7f, 0xff, 0x10, 0xb,
    0xff, 0xe0, 0x7f, 0xff, 0x10, 0x4, 0xff, 0xf7,

    /* U+006C "l" */
    0x7f, 0xff, 0x10, 0x7f, 0xff, 0x10, 0x7f, 0xff,
    0x10, 0x7f, 0xff, 0x10, 0x7f, 0xff, 0x10, 0x7f,
    0xff, 0x10, 0x7f, 0xff, 0x10, 0x7f, 0xff, 0x10,
    0x7f, 0xff, 0x10, 0x7f, 0xff, 0x10, 0x7f, 0xff,
    0x10, 0x7f, 0xff, 0x10, 0x7f, 0xff, 0x10, 0x7f,
    0xff, 0xfa, 0x7f, 0xff, 0xfa, 0x7f, 0xff, 0xfa,

    /* U+006D "m" */
    0x8f, 0xff, 0x6c, 0xfe, 0xa2, 0x8, 0xef, 0xe9,
    0x0, 0x8f, 0xff, 0xff, 0xff, 0xfe, 0xbf, 0xff,
    0xff, 0xc0, 0x8f, 0xff, 0xd8, 0xbf, 0xff, 0xfb,
    0x7d, 0xff, 0xf3, 0x8f, 0xff, 0x30, 0xc, 0xff,
    0xe0, 0x1, 0xff, 0xf7, 0x8f, 0xff, 0x10, 0xa,
    0xff, 0xc0, 0x0, 0xef, 0xf7, 0x8f, 0xff, 0x10,
    0xa, 0xff, 0xc0, 0x0, 0xef, 0xf7, 0x8f, 0xff,
    0x10, 0xa, 0xff, 0xc0, 0x0, 0xef, 0xf7, 0x8f,
    0xff, 0x10, 0xa, 0xff, 0xc0, 0x0, 0xef, 0xf7,
    0x8f, 0xff, 0x10, 0xa, 0xff, 0xc0, 0x0, 0xef,
    0xf7, 0x8f, 0xff, 0x10, 0xa, 0xff, 0xc0, 0x0,
    0xef, 0xf7, 0x8f, 0xff, 0x10, 0xa, 0xff, 0xc0,
    0x0, 0xef, 0xf7, 0x8f, 0xff, 0x10, 0xa, 0xff,
    0xc0, 0x0, 0xef, 0xf7,

    /* U+006E "n" */
    0x8f, 0xff, 0x6c, 0xfe, 0xb2, 0x8, 0xff, 0xff,
    0xff, 0xff, 0xf1, 0x8f, 0xff, 0xd8, 0xbf, 0xff,
    0x88, 0xff, 0xf3, 0x0, 0xcf, 0xfb, 0x8f, 0xff,
    0x10, 0xa, 0xff, 0xc8, 0xff, 0xf1, 0x0, 0xaf,
    0xfc, 0x8f, 0xff, 0x10, 0xa, 0xff, 0xc8, 0xff,
    0xf1, 0x0, 0xaf, 0xfc, 0x8f, 0xff, 0x10, 0xa,
    0xff, 0xc8, 0xff, 0xf1, 0x0, 0xaf, 0xfc, 0x8f,
    0xff, 0x10, 0xa, 0xff, 0xc8, 0xff, 0xf1, 0x0,
    0xaf, 0xfc,

    /* U+006F "o" */
    0x0, 0x19, 0xdf, 0xfc, 0x70, 0x0, 0x4, 0xff,
    0xff, 0xff, 0xfd, 0x10, 0x1f, 0xff, 0xfd, 0xef,
    0xff, 0xb0, 0x6f, 0xff, 0x50, 0x9, 0xff, 0xf1,
    0x8f, 0xff, 0x0, 0x3, 0xff, 0xf2, 0x8f, 0xfe,
    0x0, 0x3, 0xff, 0xf3, 0x8f, 0xfe, 0x0, 0x3,
    0xff, 0xf3, 0x8f, 0xff, 0x0, 0x3, 0xff, 0xf2,
    0x6f, 0xff, 0x40, 0x9, 0xff, 0xf1, 0x1f, 0xff,
    0xfc, 0xdf, 0xff, 0xb0, 0x4, 0xff, 0xff, 0xff,
    0xfd, 0x10, 0x0, 0x29, 0xdf, 0xfc, 0x70, 0x0,

    /* U+0070 "p" */
    0x7f, 0xff, 0x6c, 0xfe, 0xa2, 0x7, 0xff, 0xff,
    0xff, 0xff, 0xe1, 0x7f, 0xff, 0xd7, 0xaf, 0xff,
    0x87, 0xff, 0xf2, 0x0, 0xcf, 0xfb, 0x7f, 0xff,
    0x10, 0xa, 0xff, 0xc7, 0xff, 0xf1, 0x0, 0xaf,
    0xfc, 0x7f, 0xff, 0x10, 0xa, 0xff, 0xc7, 0xff,
    0xf1, 0x0, 0xaf, 0xfc, 0x7f, 0xff, 0x20, 0xc,
    0xff, 0xb7, 0xff, 0xfd, 0x8b, 0xff, 0xf8, 0x7f,
    0xff, 0xff, 0xff, 0xfe, 0x17, 0xff, 0xf5, 0xcf,
    0xeb, 0x20, 0x7f, 0xff, 0x10, 0x0, 0x0, 0x7,
    0xff, 0xf1, 0x0, 0x0, 0x0, 0x7f, 0xff, 0x10,
    0x0, 0x0, 0x7, 0xff, 0xf1, 0x0, 0x0, 0x0,
    0x7f, 0xff, 0x10, 0x0, 0x0, 0x0,

    /* U+0071 "q" */
    0x0, 0x9e, 0xfd, 0x7d, 0xff, 0xc0, 0xcf, 0xff,
    0xff, 0xff, 0xfc, 0x4f, 0xff, 0xd8, 0xcf, 0xff,
    0xc7, 0xff, 0xf1, 0x0, 0xef, 0xfc, 0x8f, 0xfe,
    0x0, 0xc, 0xff, 0xc8, 0xff, 0xe0, 0x0, 0xcf,
    0xfc, 0x8f, 0xfe, 0x0, 0xc, 0xff, 0xc8, 0xff,
    0xe0, 0x0, 0xcf, 0xfc, 0x7f, 0xff, 0x10, 0xe,
    0xff, 0xc4, 0xff, 0xfd, 0x8c, 0xff, 0xfc, 0xc,
    0xff, 0xff, 0xff, 0xff, 0xc0, 0x19, 0xef, 0xd7,
    0xdf, 0xfc, 0x0, 0x0, 0x0, 0xc, 0xff, 0xc0,
    0x0, 0x0, 0x0, 0xcf, 0xfc, 0x0, 0x0, 0x0,
    0xc, 0xff, 0xc0, 0x0, 0x0, 0x0, 0xcf, 0xfc,
    0x0, 0x0, 0x0, 0xc, 0xff, 0xc0,

    /* U+0072 "r" */
    0x1f, 0xff, 0x75, 0xdf, 0x61, 0xff, 0xfb, 0xff,
    0xf6, 0x1f, 0xff, 0xff, 0xff, 0x31, 0xff, 0xff,
    0xd8, 0x81, 0x1f, 0xff, 0xc0, 0x0, 0x1, 0xff,
    0xf8, 0x0, 0x0, 0x1f, 0xff, 0x70, 0x0, 0x1,
    0xff, 0xf7, 0x0, 0x0, 0x1f, 0xff, 0x70, 0x0,
    0x1, 0xff, 0xf7, 0x0, 0x0, 0x1f, 0xff, 0x70,
    0x0, 0x1, 0xff, 0xf7, 0x0, 0x0,

    /* U+0073 "s" */
    0x0, 0x5b, 0xef, 0xeb, 0x50, 0x0, 0xaf, 0xff,
    0xff, 0xff, 0xa0, 0x5f, 0xff, 0xeb, 0xef, 0xff,
    0x58, 0xff, 0xf0, 0x0, 0xdf, 0xf9, 0x6f, 0xff,
    0x94, 0x10, 0x11, 0x0, 0xdf, 0xff, 0xff, 0xd7,
    0x10, 0x0, 0x8e, 0xff, 0xff, 0xfe, 0x20, 0x0,
    0x3, 0x7c, 0xff, 0xfa, 0x7f, 0xfd, 0x0, 0xd,
    0xff, 0xd4, 0xff, 0xfc, 0x9b, 0xff, 0xfa, 0x9,
    0xff, 0xff, 0xff, 0xfe, 0x20, 0x5, 0xbe, 0xfe,
    0xc7, 0x10,

    /* U+0074 "t" */
    0x0, 0xaf, 0xfb, 0x0, 0x0, 0xa, 0xff, 0xb0,
    0x0, 0x0, 0xaf, 0xfb, 0x0, 0x6, 0xff, 0xff,
    0xff, 0xf5, 0x6f, 0xff, 0xff, 0xff, 0x54, 0x9d,
    0xff, 0xe9, 0x93, 0x0, 0xaf, 0xfb, 0x0, 0x0,
    0xa, 0xff, 0xb0, 0x0, 0x0, 0xaf, 0xfb, 0x0,
    0x0, 0xa, 0xff, 0xb0, 0x0, 0x0, 0xaf, 0xfb,
    0x0, 0x0, 0xa, 0xff, 0xe2, 0x0, 0x0, 0x9f,
    0xff, 0xff, 0x10, 0x5, 0xff, 0xff, 0xf1, 0x0,
    0x6, 0xcf, 0xff, 0x0,

    /* U+0075 "u" */
    0x8f, 0xfe, 0x0, 0xc, 0xff, 0xc8, 0xff, 0xe0,
    0x0, 0xcf, 0xfc, 0x8f, 0xfe, 0x0, 0xc, 0xff,
    0xc8, 0xff, 0xe0, 0x0, 0xcf, 0xfc, 0x8f, 0xfe,
    0x0, 0xc, 0xff, 0xc8, 0xff, 0xe0, 0x0, 0xcf,
    0xfc, 0x8f, 0xfe, 0x0, 0xc, 0xff, 0xc8, 0xff,
    0xe0, 0x0, 0xcf, 0xfc, 0x7f, 0xff, 0x0, 0xe,
    0xff, 0xc4, 0xff, 0xfb, 0x59, 0xff, 0xfc, 0xc,
    0xff, 0xff, 0xff, 0xff, 0xc0, 0x19, 0xef, 0xe9,
    0xdf, 0xfc,

    /* U+0076 "v" */
    0x4f, 0xff, 0x80, 0x0, 0xdf, 0xfe, 0x0, 0xef,
    0xfc, 0x0, 0x1f, 0xff, 0x90, 0xa, 0xff, 0xf0,
    0x5, 0xff, 0xf4, 0x0, 0x4f, 0xff, 0x40, 0x8f,
    0xff, 0x0, 0x0, 0xff, 0xf7, 0xc, 0xff, 0xa0,
    0x0, 0xa, 0xff, 0xb0, 0xff, 0xf5, 0x0, 0x0,
    0x5f, 0xff, 0x4f, 0xff, 0x0, 0x0, 0x0, 0xff,
    0xfb, 0xff, 0xb0, 0x0, 0x0, 0xb, 0xff, 0xff,
    0xf6, 0x0, 0x0, 0x0, 0x6f, 0xff, 0xff, 0x10,
    0x0, 0x0, 0x1, 0xff, 0xff, 0xc0, 0x0, 0x0,
    0x0, 0xb, 0xff, 0xf7, 0x0, 0x0,

    /* U+0077 "w" */
    0x4f, 0xff, 0x80, 0x0, 0xdf, 0xf9, 0x0, 0xc,
    0xff, 0xf0, 0xe, 0xff, 0xc0, 0x1, 0xff, 0xfc,
    0x0, 0xf, 0xff, 0xa0, 0xa, 0xff, 0xf0, 0x5,
    0xff, 0xff, 0x0, 0x4f, 0xff, 0x50, 0x5, 0xff,
    0xf3, 0x8, 0xff, 0xff, 0x40, 0x8f, 0xff, 0x0,
    0x0, 0xff, 0xf7, 0xc, 0xff, 0xff, 0x80, 0xbf,
    0xfb, 0x0, 0x0, 0xaf, 0xfb, 0xf, 0xfd, 0xff,
    0xc0, 0xff, 0xf6, 0x0, 0x0, 0x5f, 0xff, 0x4f,
    0xf7, 0xcf, 0xf4, 0xff, 0xf1, 0x0, 0x0, 0xf,
    0xff, 0xbf, 0xf2, 0x7f, 0xfb, 0xff, 0xc0, 0x0,
    0x0, 0xb, 0xff, 0xff, 0xd0, 0x2f, 0xff, 0xff,
    0x60, 0x0, 0x0, 0x6, 0xff, 0xff, 0x80, 0xd,
    0xff, 0xff, 0x10, 0x0, 0x0, 0x1, 0xff, 0xff,
    0x40, 0x8, 0xff, 0xfc, 0x0, 0x0, 0x0, 0x0,
    0xcf, 0xfe, 0x0, 0x3, 0xff, 0xf7, 0x0, 0x0,

    /* U+0078 "x" */
    0x2f, 0xff, 0xb0, 0x0, 0xaf, 0xff, 0x60, 0x6f,
    0xff, 0x50, 0x4f, 0xff, 0xb0, 0x0, 0xcf, 0xfe,
    0x2e, 0xff, 0xf1, 0x0, 0x2, 0xff, 0xfe, 0xff,
    0xf6, 0x0, 0x0, 0x7, 0xff, 0xff, 0xfb, 0x0,
    0x0, 0x0, 0xc, 0xff, 0xff, 0x10, 0x0, 0x0,
    0x0, 0xcf, 0xff, 0xf1, 0x0, 0x0, 0x0, 0x6f,
    0xff, 0xff, 0xb0, 0x0, 0x0, 0x2f, 0xff, 0xff,
    0xff, 0x60, 0x0, 0xc, 0xff, 0xf4, 0xbf, 0xff,
    0x10, 0x6, 0xff, 0xf9, 0x1, 0xff, 0xfb, 0x2,
    0xff, 0xfe, 0x0, 0x6, 0xff, 0xf6,

    /* U+0079 "y" */
    0x4f, 0xff, 0x70, 0x0, 0xef, 0xfc, 0xe, 0xff,
    0xb0, 0x1, 0xff, 0xf7, 0xa, 0xff, 0xf0, 0x5,
    0xff, 0xf2, 0x5, 0xff, 0xf3, 0x9, 0xff, 0xd0,
    0x0, 0xff, 0xf7, 0xd, 0xff, 0x80, 0x0, 0xaf,
    0xfb, 0x1f, 0xff, 0x20, 0x0, 0x5f, 0xff, 0x5f,
    0xfd, 0x0, 0x0, 0x1f, 0xff, 0xcf, 0xf8, 0x0,
    0x0, 0xb, 0xff, 0xff, 0xf3, 0x0, 0x0, 0x6,
    0xff, 0xff, 0xd0, 0x0, 0x0, 0x1, 0xff, 0xff,
    0x80, 0x0, 0x0, 0x0, 0xcf, 0xff, 0x30, 0x0,
    0x0, 0x0, 0x9f, 0xfe, 0x0, 0x0, 0x0, 0x4,
    0xff, 0xf8, 0x0, 0x0, 0xb, 0xff, 0xff, 0xf1,
    0x0, 0x0, 0xc, 0xff, 0xff, 0x50, 0x0, 0x0,
    0xc, 0xfe, 0xa3, 0x0, 0x0, 0x0,

    /* U+007A "z" */
    0x8f, 0xff, 0xff, 0xff, 0xfe, 0x8, 0xff, 0xff,
    0xff, 0xff, 0xe0, 0x8f, 0xff, 0xff, 0xff, 0xfe,
    0x1, 0x22, 0x22, 0xcf, 0xff, 0x80, 0x0, 0x0,
    0x9f, 0xff, 0x90, 0x0, 0x0, 0x8f, 0xff, 0x90,
    0x0, 0x0, 0x7f, 0xff, 0xa0, 0x0, 0x0, 0x6f,
    0xff, 0xa0, 0x0, 0x0, 0x5f, 0xff, 0xc2, 0x22,
    0x22, 0xb, 0xff, 0xff, 0xff, 0xff, 0xf0, 0xbf,
    0xff, 0xff, 0xff, 0xff, 0xb, 0xff, 0xff, 0xff,
    0xff, 0xf0,

    /* U+007B "{" */
    0x0, 0x6, 0xdf, 0xfc, 0x0, 0x4f, 0xff, 0xfc,
    0x0, 0x9f, 0xff, 0xfc, 0x0, 0xaf, 0xff, 0x40,
    0x0, 0xaf, 0xff, 0x0, 0x0, 0xaf, 0xfe, 0x0,
    0x0, 0xaf, 0xfe, 0x0, 0x0, 0xaf, 0xfe, 0x0,
    0x0, 0xbf, 0xfe, 0x0, 0x3, 0xff, 0xfc, 0x0,
    0x4f, 0xff, 0xf6, 0x0, 0x4f, 0xff, 0xc0, 0x0,
    0x3e, 0xff, 0xf9, 0x0, 0x0, 0xef, 0xfd, 0x0,
    0x0, 0xaf, 0xfe, 0x0, 0x0, 0xaf, 0xfe, 0x0,
    0x0, 0xaf, 0xfe, 0x0, 0x0, 0xaf, 0xfe, 0x0,
    0x0, 0xaf, 0xff, 0x30, 0x0, 0x9f, 0xff, 0xfc,
    0x0, 0x5f, 0xff, 0xfc, 0x0, 0x7, 0xef, 0xfc,

    /* U+007C "|" */
    0x9f, 0xfa, 0x9f, 0xfa, 0x9f, 0xfa, 0x9f, 0xfa,
    0x9f, 0xfa, 0x9f, 0xfa, 0x9f, 0xfa, 0x9f, 0xfa,
    0x9f, 0xfa, 0x9f, 0xfa, 0x9f, 0xfa, 0x9f, 0xfa,
    0x9f, 0xfa, 0x9f, 0xfa, 0x9f, 0xfa, 0x9f, 0xfa,
    0x9f, 0xfa, 0x9f, 0xfa, 0x8e, 0xe9,

    /* U+007D "}" */
    0xaf, 0xfd, 0x70, 0x0, 0xbf, 0xff, 0xf5, 0x0,
    0xbf, 0xff, 0xfa, 0x0, 0x3, 0xff, 0xfb, 0x0,
    0x0, 0xdf, 0xfc, 0x0, 0x0, 0xdf, 0xfc, 0x0,
    0x0, 0xdf, 0xfc, 0x0, 0x0, 0xdf, 0xfc, 0x0,
    0x0, 0xcf, 0xfd, 0x0, 0x0, 0xaf, 0xff, 0x50,
    0x0, 0x4f, 0xff, 0xf6, 0x0, 0xb, 0xff, 0xf6,
    0x0, 0x7f, 0xff, 0xf4, 0x0, 0xcf, 0xff, 0x10,
    0x0, 0xdf, 0xfc, 0x0, 0x0, 0xdf, 0xfc, 0x0,
    0x0, 0xdf, 0xfc, 0x0, 0x0, 0xdf, 0xfc, 0x0,
    0x2, 0xff, 0xfc, 0x0, 0xaf, 0xff, 0xfb, 0x0,
    0xbf, 0xff, 0xf7, 0x0, 0xbf, 0xfe, 0x80, 0x0,

    /* U+060C "،" */
    0x1, 0xa2, 0x0, 0x7f, 0x30, 0xe, 0xc0, 0x6,
    0xfe, 0x40, 0xcf, 0xfe, 0xc, 0xff, 0xe0, 0x3d,
    0xe5, 0x0,

    /* U+061B "؛" */
    0x0, 0x20, 0x0, 0x4f, 0x50, 0xb, 0xf1, 0x2,
    0xfb, 0x0, 0x9f, 0xfa, 0xd, 0xff, 0xf0, 0x9f,
    0xfb, 0x0, 0x56, 0x0, 0x0, 0x0, 0x0, 0x0,
    0x0, 0x3c, 0xd4, 0xc, 0xff, 0xe0, 0xcf, 0xfe,
    0x3, 0xde, 0x40,

    /* U+061F "؟" */
    0x0, 0x8, 0xdf, 0xe9, 0x10, 0x0, 0x1d, 0xff,
    0xff, 0xfe, 0x20, 0xc, 0xff, 0xff, 0xff, 0xfd,
    0x3, 0xff, 0xfb, 0x7a, 0xff, 0xf5, 0x7f, 0xfb,
    0x0, 0x9, 0xff, 0x98, 0xff, 0x70, 0x0, 0x5f,
    0xfa, 0x7f, 0xfd, 0x0, 0x2, 0x66, 0x41, 0xff,
    0xfd, 0x20, 0x0, 0x0, 0x4, 0xff, 0xff, 0x40,
    0x0, 0x0, 0x3, 0xef, 0xfe, 0x0, 0x0, 0x0,
    0x3, 0xff, 0xf1, 0x0, 0x0, 0x0, 0xe, 0xff,
    0x20, 0x0, 0x0, 0x0, 0x56, 0x60, 0x0, 0x0,
    0x0, 0x0, 0x0, 0x0, 0x0, 0x0, 0x0, 0x9f,
    0xb0, 0x0, 0x0, 0x0, 0x4f, 0xff, 0x70, 0x0,
    0x0, 0x4, 0xff, 0xf6, 0x0, 0x0, 0x0, 0x8,
    0xea, 0x0, 0x0,

    /* U+0621 "ء" */
    0x0, 0x0, 0x0, 0x0, 0x0, 0x0, 0x7, 0xef,
    0xda, 0x0, 0x0, 0xaf, 0xff, 0xfe, 0x0, 0x4,
    0xff, 0xff, 0xfa, 0x0, 0x8, 0xff, 0x60, 0x22,
    0x0, 0x9, 0xff, 0x20, 0x0, 0x20, 0x6, 0xff,
    0xe9, 0xcf, 0xf1, 0x7d, 0xff, 0xff, 0xff, 0xf3,
    0x9f, 0xff, 0xff, 0xff, 0xf5, 0x7f, 0xfe, 0xb8,
    0x52, 0x0, 0x24, 0x10, 0x0, 0x0, 0x0,

    /* U+0622 "آ" */
    0x19, 0xa8, 0x54, 0xe9, 0xbf, 0xff, 0xff, 0xf7,
    0xfc, 0x68, 0xbc, 0x80, 0x10, 0x23, 0x30, 0x0,
    0x0, 0xcf, 0xf4, 0x0, 0x0, 0xcf, 0xf4, 0x0,
    0x0, 0xbf, 0xf5, 0x0, 0x0, 0xaf, 0xf5, 0x0,
    0x0, 0xaf, 0xf6, 0x0, 0x0, 0x9f, 0xf7, 0x0,
    0x0, 0x8f, 0xf7, 0x0, 0x0, 0x8f, 0xf8, 0x0,
    0x0, 0x7f, 0xf8, 0x0, 0x0, 0x7f, 0xf9, 0x0,
    0x0, 0x6f, 0xfa, 0x0, 0x0, 0x5f, 0xfa, 0x0,
    0x0, 0x5f, 0xfb, 0x0, 0x0, 0x4f, 0xfb, 0x0,

    /* U+0623 "أ" */
    0x0, 0x16, 0x63, 0x0, 0x2, 0xef, 0xfc, 0x0,
    0xa, 0xf5, 0x44, 0x0, 0xa, 0xd0, 0x3, 0x40,
    0x8, 0xfe, 0xff, 0xe0, 0xdf, 0xff, 0xb8, 0x40,
    0x67, 0x30, 0x0, 0x0, 0x0, 0x23, 0x30, 0x0,
    0x0, 0xcf, 0xf4, 0x0, 0x0, 0xcf, 0xf4, 0x0,
    0x0, 0xbf, 0xf5, 0x0, 0x0, 0xaf, 0xf5, 0x0,
    0x0, 0xaf, 0xf6, 0x0, 0x0, 0x9f, 0xf7, 0x0,
    0x0, 0x8f, 0xf7, 0x0, 0x0, 0x8f, 0xf8, 0x0,
    0x0, 0x7f, 0xf8, 0x0, 0x0, 0x7f, 0xf9, 0x0,
    0x0, 0x6f, 0xfa, 0x0, 0x0, 0x5f, 0xfa, 0x0,
    0x0, 0x5f, 0xfb, 0x0, 0x0, 0x4f, 0xfb, 0x0,

    /* U+0624 "ؤ" */
    0x0, 0x0, 0x26, 0x63, 0x0, 0x0, 0x0, 0x4f,
    0xff, 0xa0, 0x0, 0x0, 0xd, 0xd3, 0x32, 0x0,
    0x0, 0x0, 0xdc, 0x12, 0x65, 0x0, 0x0, 0x3b,
    0xff, 0xff, 0xb0, 0x0, 0xf, 0xff, 0xd9, 0x62,
    0x0, 0x0, 0x75, 0x10, 0x0, 0x0, 0x0, 0x0,
    0x25, 0x51, 0x0, 0x0, 0x0, 0x9f, 0xff, 0xf9,
    0x0, 0x0, 0x8f, 0xff, 0xff, 0xfb, 0x0, 0x2f,
    0xff, 0xff, 0xff, 0xf5, 0x7, 0xff, 0xd2, 0x1b,
    0xff, 0xc0, 0x9f, 0xf7, 0x0, 0x2f, 0xff, 0x9,
    0xff, 0x70, 0x0, 0xef, 0xf2, 0x7f, 0xfe, 0x77,
    0x8e, 0xff, 0x41, 0xff, 0xff, 0xff, 0xff, 0xf6,
    0x6, 0xff, 0xff, 0xff, 0xff, 0x70, 0x4, 0xcf,
    0xfe, 0xef, 0xf8, 0x0, 0x0, 0x0, 0x9, 0xff,
    0x80, 0x0, 0x0, 0x17, 0xff, 0xf6, 0x1, 0x59,
    0xdf, 0xff, 0xff, 0x10, 0x5f, 0xff, 0xff, 0xff,
    0x50, 0x2, 0xff, 0xff, 0xfa, 0x20, 0x0, 0xf,
    0xda, 0x50, 0x0, 0x0, 0x0, 0x0, 0x0, 0x0,
    0x0, 0x0,

    /* U+0625 "إ" */
    0x3, 0xff, 0xd0, 0x0, 0x2, 0xff, 0xe0, 0x0,
    0x2, 0xff, 0xe0, 0x0, 0x1, 0xff, 0xf0, 0x0,
    0x0, 0xff, 0xf0, 0x0, 0x0, 0xff, 0xf0, 0x0,
    0x0, 0xff, 0xf1, 0x0, 0x0, 0xff, 0xf1, 0x0,
    0x0, 0xef, 0xf2, 0x0, 0x0, 0xdf, 0xf2, 0x0,
    0x0, 0xdf, 0xf3, 0x0, 0x0, 0xcf, 0xf3, 0x0,
    0x0, 0xcf, 0xf4, 0x0, 0x0, 0xbf, 0xf5, 0x0,
    0x0, 0xaf, 0xf5, 0x0, 0x0, 0xaf, 0xf6, 0x0,
    0x0, 0x9f, 0xf6, 0x0, 0x0, 0x0, 0x0, 0x0,
    0x0, 0x6e, 0xfc, 0x0, 0x3, 0xfe, 0xcd, 0x0,
    0x8, 0xf1, 0x0, 0x0, 0x6, 0xf7, 0x69, 0xc0,
    0x5a, 0xff, 0xff, 0xe1, 0x9f, 0xd9, 0x52, 0x0,
    0x11, 0x0, 0x0, 0x0,

    /* U+0626 "ئ" */
    0x0, 0x0, 0x47, 0x51, 0x0, 0x0, 0x0, 0x0,
    0x0, 0x9, 0xff, 0xf5, 0x0, 0x0, 0x0, 0x0,
    0x0, 0x2f, 0xa2, 0x30, 0x0, 0x0, 0x0, 0x0,
    0x0, 0x2f, 0x81, 0x37, 0x20, 0x0, 0x0, 0x0,
    0x0, 0x5e, 0xff, 0xff, 0x60, 0x0, 0x0, 0x0,
    0x4, 0xff, 0xfb, 0x84, 0x4, 0xcf, 0xfd, 0x80,
    0x1, 0x63, 0x0, 0x0, 0x7f, 0xff, 0xff, 0xd0,
    0x0, 0x0, 0x0, 0x5, 0xff, 0xff, 0xff, 0x90,
    0x0, 0x0, 0x0, 0xe, 0xff, 0xd7, 0x7a, 0x50,
    0xe, 0x82, 0x0, 0x6f, 0xfe, 0x10, 0x0, 0x0,
    0x4f, 0xfe, 0x0, 0xaf, 0xf8, 0x0, 0x0, 0x0,
    0x8f, 0xf9, 0x0, 0xcf, 0xf8, 0x0, 0x0, 0x0,
    0xaf, 0xf6, 0x0, 0xbf, 0xff, 0xd8, 0x30, 0x0,
    0xcf, 0xf4, 0x0, 0x4f, 0xff, 0xff, 0xfc, 0x20,
    0xbf, 0xf4, 0x0, 0x4, 0xef, 0xff, 0xff, 0xe0,
    0xaf, 0xf7, 0x0, 0x0, 0x5, 0xae, 0xff, 0xf3,
    0x7f, 0xfd, 0x0, 0x0, 0x0, 0x5, 0xff, 0xf3,
    0x1f, 0xff, 0xd5, 0x34, 0x7b, 0xff, 0xff, 0xd0,
    0x8, 0xff, 0xff, 0xff, 0xff, 0xff, 0xfe, 0x30,
    0x0, 0xbf, 0xff, 0xff, 0xff, 0xff, 0xa1, 0x0,
    0x0, 0x7, 0xdf, 0xff, 0xfc, 0x71, 0x0, 0x0,
    0x0, 0x0, 0x1, 0x21, 0x0, 0x0, 0x0, 0x0,

    /* U+0627 "ا" */
    0x3f, 0xfd, 0x2, 0xff, 0xe0, 0x2f, 0xfe, 0x1,
    0xff, 0xf0, 0xf, 0xff, 0x0, 0xff, 0xf0, 0xf,
    0xff, 0x10, 0xff, 0xf1, 0xe, 0xff, 0x20, 0xdf,
    0xf2, 0xd, 0xff, 0x30, 0xcf, 0xf3, 0xc, 0xff,
    0x40, 0xbf, 0xf5, 0xa, 0xff, 0x50, 0xaf, 0xf6,
    0x9, 0xff, 0x60,

    /* U+0628 "ب" */
    0x0, 0x0, 0x0, 0x0, 0x0, 0x0, 0x0, 0x0,
    0x0, 0x0, 0x0, 0x0, 0xb, 0xa5, 0x0, 0x0,
    0x0, 0x0, 0x0, 0x0, 0x5, 0xae, 0x0, 0x0,
    0xff, 0xf1, 0x0, 0x0, 0x0, 0x0, 0x0, 0x0,
    0xdf, 0xf4, 0x0, 0x4f, 0xfd, 0x0, 0x0, 0x0,
    0x0, 0x0, 0x0, 0x9, 0xff, 0x90, 0x8, 0xff,
    0x90, 0x0, 0x0, 0x0, 0x0, 0x0, 0x0, 0x5f,
    0xfd, 0x0, 0xbf, 0xf5, 0x0, 0x0, 0x0, 0x0,
    0x0, 0x0, 0x1, 0xff, 0xf0, 0xc, 0xff, 0x50,
    0x0, 0x0, 0x0, 0x0, 0x0, 0x0, 0x1f, 0xff,
    0x0, 0x9f, 0xff, 0xb8, 0x76, 0x66, 0x66, 0x66,
    0x78, 0xae, 0xff, 0xd0, 0x2, 0xff, 0xff, 0xff,
    0xff, 0xff, 0xff, 0xff, 0xff, 0xff, 0xf7, 0x0,
    0x5, 0xff, 0xff, 0xff, 0xff, 0xff, 0xff, 0xff,
    0xff, 0xfa, 0x0, 0x0, 0x2, 0x8c, 0xef, 0xff,
    0xff, 0xff, 0xff, 0xec, 0x93, 0x0, 0x0, 0x0,
    0x0, 0x0, 0x0, 0x0, 0x0, 0x0, 0x0, 0x0,
    0x0, 0x0, 0x0, 0x0, 0x0, 0x0, 0x0, 0x6,
    0x0, 0x0, 0x0, 0x0, 0x0, 0x0, 0x0, 0x0,
    0x0, 0x0, 0x9, 0xfc, 0x0, 0x0, 0x0, 0x0,
    0x0, 0x0, 0x0, 0x0, 0x0, 0x5, 0xff, 0xf9,
    0x0, 0x0, 0x0, 0x0, 0x0, 0x0, 0x0, 0x0,
    0x0, 0x9, 0xfc, 0x10, 0x0, 0x0, 0x0, 0x0,
    0x0, 0x0, 0x0, 0x0, 0x0, 0x7, 0x0, 0x0,
    0x0, 0x0, 0x0, 0x0,

    /* U+0629 "ة" */
    0x1, 0x60, 0x0, 0x34, 0x0, 0x1d, 0xf6, 0x3,
    0xff, 0x40, 0x6f, 0xfd, 0x9, 0xff, 0xa0, 0x8,
    0xd1, 0x0, 0xbb, 0x0, 0x0, 0x2, 0x50, 0x0,
    0x0, 0x0, 0x1d, 0xf6, 0x0, 0x0, 0x0, 0xbf,
    0xff, 0x70, 0x0, 0x0, 0xaf, 0xff, 0xf8, 0x0,
    0x6, 0xff, 0xff, 0xff, 0x60, 0x1f, 0xff, 0xce,
    0xff, 0xf1, 0x8f, 0xfd, 0x12, 0xef, 0xf6, 0xbf,
    0xf5, 0x0, 0x7f, 0xf8, 0xcf, 0xf4, 0x0, 0x6f,
    0xf9, 0x9f, 0xfd, 0x66, 0xef, 0xf6, 0x3f, 0xff,
    0xff, 0xff, 0xe1, 0x7, 0xff, 0xff, 0xff, 0x40,
    0x0, 0x4c, 0xff, 0xb3, 0x0,

    /* U+062A "ت" */
    0x0, 0x0, 0x0, 0x0, 0x1, 0x0, 0x0, 0x0,
    0x0, 0x0, 0x0, 0x0, 0x0, 0x0, 0x0, 0x8,
    0xd1, 0x0, 0xbc, 0x0, 0x0, 0x0, 0x0, 0x0,
    0x0, 0x0, 0x7, 0xff, 0xd0, 0xaf, 0xfb, 0x0,
    0x0, 0x0, 0x0, 0xb, 0xa5, 0x0, 0x1d, 0xf6,
    0x3, 0xef, 0x30, 0x5, 0xae, 0x0, 0x0, 0xff,
    0xf1, 0x0, 0x15, 0x0, 0x3, 0x30, 0x0, 0xdf,
    0xf4, 0x0, 0x4f, 0xfd, 0x0, 0x0, 0x0, 0x0,
    0x0, 0x0, 0x9, 0xff, 0x90, 0x8, 0xff, 0x90,
    0x0, 0x0, 0x0, 0x0, 0x0, 0x0, 0x5f, 0xfd,
    0x0, 0xbf, 0xf5, 0x0, 0x0, 0x0, 0x0, 0x0,
    0x0, 0x1, 0xff, 0xf0, 0xc, 0xff, 0x50, 0x0,
    0x0, 0x0, 0x0, 0x0, 0x0, 0x1f, 0xff, 0x0,
    0x9f, 0xff, 0xb8, 0x76, 0x66, 0x66, 0x66, 0x78,
    0xae, 0xff, 0xd0, 0x2, 0xff, 0xff, 0xff, 0xff,
    0xff, 0xff, 0xff, 0xff, 0xff, 0xf7, 0x0, 0x5,
    0xff, 0xff, 0xff, 0xff, 0xff, 0xff, 0xff, 0xff,
    0xfa, 0x0, 0x0, 0x2, 0x8c, 0xef, 0xff, 0xff,
    0xff, 0xff, 0xec, 0x93, 0x0, 0x0,

    /* U+062B "ث" */
    0x0, 0x0, 0x0, 0x0, 0x0, 0x2, 0x0, 0x0,
    0x0, 0x0, 0x0, 0x0, 0x0, 0x0, 0x0, 0x0,
    0x4, 0xf8, 0x0, 0x0, 0x0, 0x0, 0x0, 0x0,
    0x0, 0x0, 0x0, 0x0, 0xaf, 0xd0, 0x0, 0x0,
    0x0, 0x0, 0x0, 0x0, 0x0, 0x0, 0x0, 0x10,
    0x81, 0x0, 0x0, 0x0, 0x0, 0x0, 0x0, 0x0,
    0x0, 0x0, 0x8d, 0x10, 0xb, 0xb0, 0x0, 0x0,
    0x0, 0x0, 0x0, 0x0, 0x0, 0x7f, 0xfd, 0xa,
    0xff, 0xa0, 0x0, 0x0, 0x0, 0x0, 0xba, 0x50,
    0x1, 0xdf, 0x60, 0x3f, 0xe3, 0x0, 0x5a, 0xe0,
    0x0, 0xf, 0xff, 0x10, 0x1, 0x50, 0x0, 0x33,
    0x0, 0xd, 0xff, 0x40, 0x4, 0xff, 0xd0, 0x0,
    0x0, 0x0, 0x0, 0x0, 0x0, 0x9f, 0xf9, 0x0,
    0x8f, 0xf9, 0x0, 0x0, 0x0, 0x0, 0x0, 0x0,
    0x5, 0xff, 0xd0, 0xb, 0xff, 0x50, 0x0, 0x0,
    0x0, 0x0, 0x0, 0x0, 0x1f, 0xff, 0x0, 0xcf,
    0xf5, 0x0, 0x0, 0x0, 0x0, 0x0, 0x0, 0x1,
    0xff, 0xf0, 0x9, 0xff, 0xfb, 0x87, 0x66, 0x66,
    0x66, 0x67, 0x8a, 0xef, 0xfd, 0x0, 0x2f, 0xff,
    0xff, 0xff, 0xff, 0xff, 0xff, 0xff, 0xff, 0xff,
    0x70, 0x0, 0x5f, 0xff, 0xff, 0xff, 0xff, 0xff,
    0xff, 0xff, 0xff, 0xa0, 0x0, 0x0, 0x28, 0xce,
    0xff, 0xff, 0xff, 0xff, 0xfe, 0xc9, 0x30, 0x0,

    /* U+062C "ج" */
    0x0, 0x0, 0x2, 0x67, 0x40, 0x0, 0x0, 0x0,
    0x0, 0x0, 0xa, 0xff, 0xff, 0xe6, 0x0, 0x0,
    0x0, 0x0, 0xc, 0xff, 0xff, 0xff, 0xfd, 0x40,
    0x0, 0x0, 0x7, 0xff, 0xff, 0xff, 0xff, 0xff,
    0xb2, 0x0, 0x0, 0x6f, 0xfb, 0x10, 0x4c, 0xff,
    0xff, 0xf9, 0x0, 0x0, 0x1a, 0x0, 0x0, 0x4,
    0xcf, 0xff, 0xf0, 0x0, 0x0, 0x0, 0x0, 0x1,
    0x59, 0xff, 0xfe, 0x0, 0x0, 0x0, 0x3, 0x9d,
    0xff, 0xff, 0xff, 0xc0, 0x0, 0x0, 0x5d, 0xff,
    0xff, 0xff, 0xff, 0xf8, 0x0, 0x0, 0x8f, 0xff,
    0xff, 0xff, 0xd9, 0x40, 0x0, 0x0, 0x7f, 0xff,
    0xff, 0xa6, 0x10, 0x0, 0x0, 0x0, 0x1f, 0xff,
    0xe5, 0x0, 0x0, 0x0, 0x0, 0x0, 0x7, 0xff,
    0xe1, 0x0, 0xb, 0x80, 0x0, 0x0, 0x0, 0xbf,
    0xf7, 0x0, 0xb, 0xff, 0x80, 0x0, 0x0, 0xc,
    0xff, 0x40, 0x1, 0xdf, 0xfa, 0x0, 0x0, 0x0,
    0xbf, 0xf6, 0x0, 0x1, 0xda, 0x0, 0x0, 0x0,
    0x7, 0xff, 0xd0, 0x0, 0x1, 0x0, 0x2, 0x75,
    0x0, 0x2f, 0xff, 0xc3, 0x0, 0x15, 0xae, 0xff,
    0xb0, 0x0, 0x9f, 0xff, 0xfe, 0xef, 0xff, 0xff,
    0xfe, 0x0, 0x0, 0xbf, 0xff, 0xff, 0xff, 0xff,
    0xff, 0xc1, 0x0, 0x0, 0x7f, 0xff, 0xff, 0xfd,
    0x95, 0x10, 0x0, 0x0, 0x0, 0x5, 0x77, 0x52,
    0x0, 0x0, 0x0,

    /* U+062D "ح" */
    0x0, 0x0, 0x2, 0x67, 0x40, 0x0, 0x0, 0x0,
    0x0, 0x0, 0xa, 0xff, 0xff, 0xe6, 0x0, 0x0,
    0x0, 0x0, 0xc, 0xff, 0xff, 0xff, 0xfd, 0x40,
    0x0, 0x0, 0x7, 0xff, 0xff, 0xff, 0xff, 0xff,
    0xb2, 0x0, 0x0, 0x6f, 0xfb, 0x10, 0x4c, 0xff,
    0xff, 0xf9, 0x0, 0x0, 0x1a, 0x0, 0x0, 0x4,
    0xcf, 0xff, 0xf0, 0x0, 0x0, 0x0, 0x0, 0x1,
    0x59, 0xff, 0xfe, 0x0, 0x0, 0x0, 0x3, 0x9d,
    0xff, 0xff, 0xff, 0xc0, 0x0, 0x0, 0x5d, 0xff,
    0xff, 0xff, 0xff, 0xf8, 0x0, 0x0, 0x8f, 0xff,
    0xff, 0xff, 0xd9, 0x40, 0x0, 0x0, 0x7f, 0xff,
    0xff, 0xa6, 0x10, 0x0, 0x0, 0x0, 0x1f, 0xff,
    0xe5, 0x0, 0x0, 0x0, 0x0, 0x0, 0x7, 0xff,
    0xe1, 0x0, 0x0, 0x0, 0x0, 0x0, 0x0, 0xbf,
    0xf7, 0x0, 0x0, 0x0, 0x0, 0x0, 0x0, 0xc,
    0xff, 0x40, 0x0, 0x0, 0x0, 0x0, 0x0, 0x0,
    0xbf, 0xf6, 0x0, 0x0, 0x0, 0x0, 0x0, 0x0,
    0x7, 0xff, 0xd0, 0x0, 0x0, 0x0, 0x2, 0x75,
    0x0, 0x2f, 0xff, 0xc3, 0x0, 0x15, 0xae, 0xff,
    0xb0, 0x0, 0x9f, 0xff, 0xfe, 0xef, 0xff, 0xff,
    0xfe, 0x0, 0x0, 0xbf, 0xff, 0xff, 0xff, 0xff,
    0xff, 0xc1, 0x0, 0x0, 0x7f, 0xff, 0xff, 0xfd,
    0x95, 0x10, 0x0, 0x0, 0x0, 0x5, 0x77, 0x52,
    0x0, 0x0, 0x0,

    /* U+062E "خ" */
    0x0, 0x0, 0x0, 0x39, 0x0, 0x0, 0x0, 0x0,
    0x0, 0x0, 0x0, 0x3f, 0xfa, 0x0, 0x0, 0x0,
    0x0, 0x0, 0x0, 0xb, 0xff, 0xf3, 0x0, 0x0,
    0x0, 0x0, 0x0, 0x0, 0xb, 0xf4, 0x0, 0x0,
    0x0, 0x0, 0x0, 0x0, 0x0, 0x3, 0x0, 0x0,
    0x0, 0x0, 0x0, 0x0, 0x0, 0x26, 0x74, 0x0,
    0x0, 0x0, 0x0, 0x0, 0x0, 0xaf, 0xff, 0xfe,
    0x60, 0x0, 0x0, 0x0, 0x0, 0xcf, 0xff, 0xff,
    0xff, 0xd4, 0x0, 0x0, 0x0, 0x7f, 0xff, 0xff,
    0xff, 0xff, 0xfb, 0x20, 0x0, 0x6, 0xff, 0xb1,
    0x4, 0xcf, 0xff, 0xff, 0x90, 0x0, 0x1, 0xa0,
    0x0, 0x0, 0x4c, 0xff, 0xff, 0x0, 0x0, 0x0,
    0x0, 0x0, 0x15, 0x9f, 0xff, 0xe0, 0x0, 0x0,
    0x0, 0x39, 0xdf, 0xff, 0xff, 0xfc, 0x0, 0x0,
    0x5, 0xdf, 0xff, 0xff, 0xff, 0xff, 0x80, 0x0,
    0x8, 0xff, 0xff, 0xff, 0xfd, 0x94, 0x0, 0x0,
    0x7, 0xff, 0xff, 0xfa, 0x61, 0x0, 0x0, 0x0,
    0x1, 0xff, 0xfe, 0x50, 0x0, 0x0, 0x0, 0x0,
    0x0, 0x7f, 0xfe, 0x10, 0x0, 0x0, 0x0, 0x0,
    0x0, 0xb, 0xff, 0x70, 0x0, 0x0, 0x0, 0x0,
    0x0, 0x0, 0xcf, 0xf4, 0x0, 0x0, 0x0, 0x0,
    0x0, 0x0, 0xb, 0xff, 0x60, 0x0, 0x0, 0x0,
    0x0, 0x0, 0x0, 0x7f, 0xfd, 0x0, 0x0, 0x0,
    0x0, 0x27, 0x50, 0x2, 0xff, 0xfc, 0x30, 0x1,
    0x5a, 0xef, 0xfb, 0x0, 0x9, 0xff, 0xff, 0xee,
    0xff, 0xff, 0xff, 0xe0, 0x0, 0xb, 0xff, 0xff,
    0xff, 0xff, 0xff, 0xfc, 0x10, 0x0, 0x7, 0xff,
    0xff, 0xff, 0xd9, 0x51, 0x0, 0x0, 0x0, 0x0,
    0x57, 0x75, 0x20, 0x0, 0x0, 0x0,

    /* U+062F "د" */
    0x0, 0x0, 0x0, 0x0, 0x0, 0x0, 0x0, 0x0,
    0x2, 0xd7, 0x0, 0x0, 0x0, 0x0, 0x3f, 0xff,
    0x20, 0x0, 0x0, 0x0, 0x1e, 0xff, 0xc0, 0x0,
    0x0, 0x0, 0x6, 0xff, 0xf5, 0x0, 0x0, 0x0,
    0x0, 0xcf, 0xfd, 0x0, 0x0, 0x0, 0x0, 0x3f,
    0xff, 0x50, 0x0, 0x0, 0x0, 0xa, 0xff, 0xc0,
    0x0, 0x0, 0x0, 0x2, 0xff, 0xf1, 0xaf, 0xf2,
    0x0, 0x0, 0xdf, 0xf3, 0x9f, 0xfa, 0x66, 0x68,
    0xff, 0xf2, 0x7f, 0xff, 0xff, 0xff, 0xff, 0xe0,
    0xd, 0xff, 0xff, 0xff, 0xff, 0x40, 0x0, 0x8d,
    0xff, 0xfe, 0xa3, 0x0,

    /* U+0630 "ذ" */
    0x0, 0x0, 0x1, 0x0, 0x0, 0x0, 0x0, 0x0,
    0x2e, 0x70, 0x0, 0x0, 0x0, 0x2, 0xef, 0xf7,
    0x0, 0x0, 0x0, 0x1, 0xdf, 0xf5, 0x0, 0x0,
    0x0, 0x0, 0x1d, 0x50, 0x0, 0x0, 0x0, 0x0,
    0x0, 0x0, 0x0, 0x0, 0x0, 0x0, 0x2, 0xd7,
    0x0, 0x0, 0x0, 0x0, 0x3f, 0xff, 0x20, 0x0,
    0x0, 0x0, 0x1e, 0xff, 0xc0, 0x0, 0x0, 0x0,
    0x6, 0xff, 0xf5, 0x0, 0x0, 0x0, 0x0, 0xcf,
    0xfd, 0x0, 0x0, 0x0, 0x0, 0x3f, 0xff, 0x50,
    0x0, 0x0, 0x0, 0xa, 0xff, 0xc0, 0x0, 0x0,
    0x0, 0x2, 0xff, 0xf1, 0xaf, 0xf2, 0x0, 0x0,
    0xdf, 0xf3, 0x9f, 0xfa, 0x66, 0x68, 0xff, 0xf2,
    0x7f, 0xff, 0xff, 0xff, 0xff, 0xe0, 0xd, 0xff,
    0xff, 0xff, 0xff, 0x40, 0x0, 0x8d, 0xff, 0xfe,
    0xa3, 0x0,

    /* U+0631 "ر" */
    0x0, 0x3, 0x9b, 0x80, 0x0, 0x5, 0xff, 0xb0,
    0x0, 0x2, 0xff, 0xe0, 0x0, 0x0, 0xff, 0xf0,
    0x0, 0x0, 0xef, 0xf2, 0x0, 0x0, 0xcf, 0xf4,
    0x0, 0x0, 0x9f, 0xf6, 0x0, 0x0, 0x7f, 0xf8,
    0x0, 0x0, 0x8f, 0xf9, 0x0, 0x5, 0xff, 0xf6,
    0x49, 0xef, 0xff, 0xf1, 0xdf, 0xff, 0xff, 0x50,
    0x9f, 0xff, 0xc3, 0x0, 0x5e, 0x93, 0x0, 0x0,
    0x0, 0x0, 0x0, 0x0,

    /* U+0632 "ز" */
    0x0, 0x0, 0x0, 0x0, 0x0, 0x0, 0xc7, 0x0,
    0x0, 0xc, 0xff, 0x70, 0x0, 0x1d, 0xff, 0xa0,
    0x0, 0x1, 0xda, 0x0, 0x0, 0x0, 0x10, 0x0,
    0x0, 0x0, 0x0, 0x0, 0x0, 0x3, 0x9b, 0x80,
    0x0, 0x5, 0xff, 0xb0, 0x0, 0x2, 0xff, 0xe0,
    0x0, 0x0, 0xff, 0xf0, 0x0, 0x0, 0xef, 0xf2,
    0x0, 0x0, 0xcf, 0xf4, 0x0, 0x0, 0x9f, 0xf6,
    0x0, 0x0, 0x7f, 0xf8, 0x0, 0x0, 0x8f, 0xf9,
    0x0, 0x5, 0xff, 0xf6, 0x49, 0xef, 0xff, 0xf1,
    0xdf, 0xff, 0xff, 0x50, 0x9f, 0xff, 0xc3, 0x0,
    0x5e, 0x93, 0x0, 0x0, 0x0, 0x0, 0x0, 0x0,

    /* U+0633 "س" */
    0x0, 0x0, 0x0, 0x0, 0x0, 0x0, 0x0, 0x0,
    0x0, 0x0, 0x0, 0x2, 0x7c, 0x10, 0x0, 0x0,
    0x0, 0x0, 0x0, 0x0, 0x0, 0x0, 0x0, 0x0,
    0x0, 0xc, 0xff, 0x50, 0x0, 0x0, 0x0, 0x0,
    0x0, 0x5, 0x8a, 0x10, 0x0, 0x58, 0x81, 0x8,
    0xff, 0xa0, 0x1, 0x0, 0x0, 0x0, 0x0, 0xc,
    0xff, 0x40, 0x0, 0xbf, 0xf2, 0x4, 0xff, 0xe0,
    0x1f, 0xb5, 0x0, 0x0, 0x0, 0xa, 0xff, 0x70,
    0x0, 0xbf, 0xf2, 0x0, 0xff, 0xf1, 0x5f, 0xfd,
    0x0, 0x0, 0x0, 0x7, 0xff, 0xb0, 0x0, 0xbf,
    0xf2, 0x0, 0xef, 0xf2, 0x9f, 0xf8, 0x0, 0x0,
    0x0, 0x5, 0xff, 0xfa, 0x68, 0xff, 0xfb, 0x6a,
    0xff, 0xf1, 0xbf, 0xf5, 0x0, 0x0, 0x0, 0x3,
    0xff, 0xff, 0xff, 0xff, 0xff, 0xff, 0xff, 0xb0,
    0xcf, 0xf3, 0x0, 0x0, 0x0, 0x0, 0xff, 0xff,
    0xff, 0xff, 0xff, 0xff, 0xfe, 0x20, 0xbf, 0xf4,
    0x0, 0x0, 0x0, 0x0, 0xef, 0xfd, 0xfe, 0xa2,
    0x7d, 0xfe, 0xa2, 0x0, 0x9f, 0xf8, 0x0, 0x0,
    0x0, 0x0, 0xff, 0xf1, 0x0, 0x0, 0x0, 0x0,
    0x0, 0x0, 0x5f, 0xfe, 0x20, 0x0, 0x0, 0x3b,
    0xff, 0xf0, 0x0, 0x0, 0x0, 0x0, 0x0, 0x0,
    0xe, 0xff, 0xf9, 0x68, 0xae, 0xff, 0xff, 0x80,
    0x0, 0x0, 0x0, 0x0, 0x0, 0x0, 0x5, 0xff,
    0xff, 0xff, 0xff, 0xff, 0xfb, 0x0, 0x0, 0x0,
    0x0, 0x0, 0x0, 0x0, 0x0, 0x7f, 0xff, 0xff,
    0xff, 0xfd, 0x50, 0x0, 0x0, 0x0, 0x0, 0x0,
    0x0, 0x0, 0x0, 0x3, 0x9d, 0xed, 0xb7, 0x30,
    0x0, 0x0, 0x0, 0x0, 0x0, 0x0, 0x0, 0x0,
    0x0, 0x0, 0x0, 0x0, 0x0, 0x0, 0x0, 0x0,
    0x0, 0x0, 0x0, 0x0, 0x0, 0x0,

    /* U+0634 "ش" */
    0x0, 0x0, 0x0, 0x0, 0x0, 0x0, 0x0, 0x0,
    0x0, 0xa, 0x10, 0x0, 0x0, 0x0, 0x0, 0x0,
    0x0, 0x0, 0x0, 0x0, 0x0, 0x0, 0x0, 0xcf,
    0xd0, 0x0, 0x0, 0x0, 0x0, 0x0, 0x0, 0x0,
    0x0, 0x0, 0x0, 0x0, 0x0, 0x4f, 0x60, 0x0,
    0x0, 0x0, 0x0, 0x0, 0x0, 0x0, 0x0, 0x0,
    0x0, 0x0, 0x36, 0x1, 0x5, 0x30, 0x0, 0x0,
    0x0, 0x0, 0x0, 0x0, 0x0, 0x0, 0x0, 0x3,
    0xef, 0x60, 0x5f, 0xf3, 0x0, 0x0, 0x0, 0x0,
    0x0, 0x0, 0x0, 0x0, 0x0, 0x7, 0xff, 0xc0,
    0xbf, 0xf8, 0x0, 0x0, 0x0, 0x0, 0x0, 0x0,
    0x0, 0x0, 0x0, 0x0, 0x8c, 0x0, 0xb, 0x90,
    0x0, 0x0, 0x0, 0x0, 0x0, 0x0, 0x0, 0x0,
    0x0, 0x0, 0x0, 0x0, 0x0, 0x2, 0x7c, 0x10,
    0x0, 0x0, 0x0, 0x0, 0x0, 0x0, 0x0, 0x0,
    0x0, 0x0, 0x0, 0xc, 0xff, 0x50, 0x0, 0x0,
    0x0, 0x0, 0x0, 0x5, 0x8a, 0x10, 0x0, 0x58,
    0x81, 0x8, 0xff, 0xa0, 0x1, 0x0, 0x0, 0x0,
    0x0, 0xc, 0xff, 0x40, 0x0, 0xbf, 0xf2, 0x4,
    0xff, 0xe0, 0x1f, 0xb5, 0x0, 0x0, 0x0, 0xa,
    0xff, 0x70, 0x0, 0xbf, 0xf2, 0x0, 0xff, 0xf1,
    0x5f, 0xfd, 0x0, 0x0, 0x0, 0x7, 0xff, 0xb0,
    0x0, 0xbf, 0xf2, 0x0, 0xef, 0xf2, 0x9f, 0xf8,
    0x0, 0x0, 0x0, 0x5, 0xff, 0xfa, 0x68, 0xff,
    0xfb, 0x6a, 0xff, 0xf1, 0xbf, 0xf5, 0x0, 0x0,
    0x0, 0x3, 0xff, 0xff, 0xff, 0xff, 0xff, 0xff,
    0xff, 0xb0, 0xcf, 0xf3, 0x0, 0x0, 0x0, 0x0,
    0xff, 0xff, 0xff, 0xff, 0xff, 0xff, 0xfe, 0x20,
    0xbf, 0xf4, 0x0, 0x0, 0x0, 0x0, 0xef, 0xfd,
    0xfe, 0xa2, 0x7d, 0xfe, 0xa2, 0x0, 0x9f, 0xf8,
    0x0, 0x0, 0x0, 0x0, 0xff, 0xf1, 0x0, 0x0,
    0x0, 0x0, 0x0, 0x0, 0x5f, 0xfe, 0x20, 0x0,
    0x0, 0x3b, 0xff, 0xf0, 0x0, 0x0, 0x0, 0x0,
    0x0, 0x0, 0xe, 0xff, 0xf9, 0x68, 0xae, 0xff,
    0xff, 0x80, 0x0, 0x0, 0x0, 0x0, 0x0, 0x0,
    0x5, 0xff, 0xff, 0xff, 0xff, 0xff, 0xfb, 0x0,
    0x0, 0x0, 0x0, 0x0, 0x0, 0x0, 0x0, 0x7f,
    0xff, 0xff, 0xff, 0xfd, 0x50, 0x0, 0x0, 0x0,
    0x0, 0x0, 0x0, 0x0, 0x0, 0x3, 0x9d, 0xed,
    0xb7, 0x30, 0x0, 0x0, 0x0, 0x0, 0x0, 0x0,
    0x0, 0x0, 0x0, 0x0, 0x0, 0x0, 0x0, 0x0,
    0x0, 0x0, 0x0, 0x0, 0x0, 0x0, 0x0, 0x0,

    /* U+0635 "ص" */
    0x0, 0x0, 0x0, 0x0, 0x0, 0x0, 0x0, 0x0,
    0x0, 0x0, 0x0, 0x15, 0x52, 0x0, 0x0, 0x0,
    0x0, 0x0, 0x0, 0x0, 0x0, 0x0, 0x0, 0x0,
    0x0, 0x9, 0xff, 0xff, 0xb1, 0x0, 0x0, 0x0,
    0x0, 0x0, 0x0, 0x0, 0x0, 0x0, 0x0, 0x0,
    0xaf, 0xff, 0xff, 0xfd, 0x0, 0x0, 0x0, 0x0,
    0x0, 0x0, 0x8, 0xce, 0x20, 0x0, 0x8, 0xff,
    0xff, 0xff, 0xff, 0x70, 0x4, 0x0, 0x0, 0x0,
    0x0, 0xc, 0xff, 0x50, 0x0, 0x4f, 0xff, 0xc2,
    0x1a, 0xff, 0xd0, 0x2f, 0xe7, 0x0, 0x0, 0x0,
    0x9, 0xff, 0x70, 0x1, 0xef, 0xfd, 0x0, 0x1,
    0xff, 0xf0, 0x6f, 0xfc, 0x0, 0x0, 0x0, 0x7,
    0xff, 0xb0, 0xb, 0xff, 0xf3, 0x0, 0x3, 0xff,
    0xf0, 0x9f, 0xf8, 0x0, 0x0, 0x0, 0x5, 0xff,
    0xf8, 0x9f, 0xff, 0xc6, 0x66, 0x7e, 0xff, 0xc0,
    0xbf, 0xf5, 0x0, 0x0, 0x0, 0x2, 0xff, 0xff,
    0xff, 0xff, 0xff, 0xff, 0xff, 0xff, 0x50, 0xcf,
    0xf3, 0x0, 0x0, 0x0, 0x0, 0xff, 0xff, 0xff,
    0xff, 0xff, 0xff, 0xff, 0xf8, 0x0, 0xbf, 0xf4,
    0x0, 0x0, 0x0, 0x0, 0xef, 0xff, 0xff, 0xff,
    0xff, 0xff, 0xfc, 0x50, 0x0, 0x9f, 0xf8, 0x0,
    0x0, 0x0, 0x1, 0xff, 0xf1, 0x0, 0x0, 0x0,
    0x0, 0x0, 0x0, 0x0, 0x5f, 0xff, 0x30, 0x0,
    0x0, 0x5d, 0xff, 0xe0, 0x0, 0x0, 0x0, 0x0,
    0x0, 0x0, 0x0, 0xe, 0xff, 0xfb, 0x8a, 0xcf,
    0xff, 0xff, 0x80, 0x0, 0x0, 0x0, 0x0, 0x0,
    0x0, 0x0, 0x5, 0xff, 0xff, 0xff, 0xff, 0xff,
    0xfa, 0x0, 0x0, 0x0, 0x0, 0x0, 0x0, 0x0,
    0x0, 0x0, 0x7f, 0xff, 0xff, 0xff, 0xfd, 0x50,
    0x0, 0x0, 0x0, 0x0, 0x0, 0x0, 0x0, 0x0,
    0x0, 0x3, 0x9d, 0xed, 0xb7, 0x30, 0x0, 0x0,
    0x0, 0x0, 0x0, 0x0, 0x0, 0x0, 0x0, 0x0,
    0x0, 0x0, 0x0, 0x0, 0x0, 0x0, 0x0, 0x0,
    0x0, 0x0, 0x0, 0x0, 0x0, 0x0,

    /* U+0636 "ض" */
    0x0, 0x0, 0x0, 0x0, 0x0, 0x0, 0x0, 0x0,
    0x0, 0x0, 0x0, 0x4, 0x10, 0x0, 0x0, 0x0,
    0x0, 0x0, 0x0, 0x0, 0x0, 0x0, 0x0, 0x0,
    0x0, 0x0, 0x4f, 0xd1, 0x0, 0x0, 0x0, 0x0,
    0x0, 0x0, 0x0, 0x0, 0x0, 0x0, 0x0, 0x0,
    0x2, 0xff, 0xfc, 0x0, 0x0, 0x0, 0x0, 0x0,
    0x0, 0x0, 0x0, 0x0, 0x0, 0x0, 0x0, 0x0,
    0x8f, 0xf4, 0x0, 0x0, 0x0, 0x0, 0x0, 0x0,
    0x0, 0x0, 0x0, 0x0, 0x0, 0x0, 0x0, 0x7,
    0x30, 0x0, 0x0, 0x0, 0x0, 0x0, 0x0, 0x0,
    0x0, 0x0, 0x0, 0x0, 0x0, 0x0, 0x0, 0x0,
    0x0, 0x0, 0x0, 0x0, 0x0, 0x0, 0x0, 0x0,
    0x0, 0x0, 0x0, 0x0, 0x0, 0x15, 0x52, 0x0,
    0x0, 0x0, 0x0, 0x0, 0x0, 0x0, 0x0, 0x0,
    0x0, 0x0, 0x0, 0x9, 0xff, 0xff, 0xb1, 0x0,
    0x0, 0x0, 0x0, 0x0, 0x0, 0x0, 0x0, 0x0,
    0x0, 0x0, 0xaf, 0xff, 0xff, 0xfd, 0x0, 0x0,
    0x0, 0x0, 0x0, 0x0, 0x8, 0xce, 0x20, 0x0,
    0x8, 0xff, 0xff, 0xff, 0xff, 0x70, 0x4, 0x0,
    0x0, 0x0, 0x0, 0xc, 0xff, 0x50, 0x0, 0x4f,
    0xff, 0xc2, 0x1a, 0xff, 0xd0, 0x2f, 0xe7, 0x0,
    0x0, 0x0, 0x9, 0xff, 0x70, 0x1, 0xef, 0xfd,
    0x0, 0x1, 0xff, 0xf0, 0x6f, 0xfc, 0x0, 0x0,
    0x0, 0x7, 0xff, 0xb0, 0xb, 0xff, 0xf3, 0x0,
    0x3, 0xff, 0xf0, 0x9f, 0xf8, 0x0, 0x0, 0x0,
    0x5, 0xff, 0xf8, 0x9f, 0xff, 0xc6, 0x66, 0x7e,
    0xff, 0xc0, 0xbf, 0xf5, 0x0, 0x0, 0x0, 0x2,
    0xff, 0xff, 0xff, 0xff, 0xff, 0xff, 0xff, 0xff,
    0x50, 0xcf, 0xf3, 0x0, 0x0, 0x0, 0x0, 0xff,
    0xff, 0xff, 0xff, 0xff, 0xff, 0xff, 0xf8, 0x0,
    0xbf, 0xf4, 0x0, 0x0, 0x0, 0x0, 0xef, 0xff,
    0xff, 0xff, 0xff, 0xff, 0xfc, 0x50, 0x0, 0x9f,
    0xf8, 0x0, 0x0, 0x0, 0x1, 0xff, 0xf1, 0x0,
    0x0, 0x0, 0x0, 0x0, 0x0, 0x0, 0x5f, 0xff,
    0x30, 0x0, 0x0, 0x5d, 0xff, 0xe0, 0x0, 0x0,
    0x0, 0x0, 0x0, 0x0, 0x0, 0xe, 0xff, 0xfb,
    0x8a, 0xcf, 0xff, 0xff, 0x80, 0x0, 0x0, 0x0,
    0x0, 0x0, 0x0, 0x0, 0x5, 0xff, 0xff, 0xff,
    0xff, 0xff, 0xfa, 0x0, 0x0, 0x0, 0x0, 0x0,
    0x0, 0x0, 0x0, 0x0, 0x7f, 0xff, 0xff, 0xff,
    0xfd, 0x50, 0x0, 0x0, 0x0, 0x0, 0x0, 0x0,
    0x0, 0x0, 0x0, 0x3, 0x9d, 0xed, 0xb7, 0x30,
    0x0, 0x0, 0x0, 0x0, 0x0, 0x0, 0x0, 0x0,
    0x0, 0x0, 0x0, 0x0, 0x0, 0x0, 0x0, 0x0,
    0x0, 0x0, 0x0, 0x0, 0x0, 0x0, 0x0, 0x0,

    /* U+0637 "ط" */
    0x0, 0x5f, 0xfb, 0x0, 0x0, 0x0, 0x0, 0x0,
    0x5, 0xff, 0xb0, 0x0, 0x0, 0x0, 0x0, 0x0,
    0x4f, 0xfc, 0x0, 0x0, 0x0, 0x0, 0x0, 0x3,
    0xff, 0xc0, 0x0, 0x0, 0x0, 0x0, 0x0, 0x3f,
    0xfd, 0x0, 0x0, 0x0, 0x0, 0x0, 0x2, 0xff,
    0xe0, 0x0, 0x0, 0x0, 0x0, 0x0, 0x2f, 0xfe,
    0x0, 0x15, 0x52, 0x0, 0x0, 0x1, 0xff, 0xf0,
    0x9f, 0xff, 0xfb, 0x0, 0x0, 0xf, 0xff, 0xbf,
    0xff, 0xff, 0xfc, 0x0, 0x0, 0xff, 0xff, 0xff,
    0xff, 0xff, 0xf6, 0x0, 0xf, 0xff, 0xff, 0xb2,
    0x1b, 0xff, 0xc0, 0x0, 0xef, 0xff, 0xd0, 0x0,
    0x2f, 0xff, 0x0, 0xe, 0xff, 0xf2, 0x0, 0x4,
    0xff, 0xe5, 0x69, 0xff, 0xfb, 0x66, 0x68, 0xef,
    0xfb, 0xcf, 0xff, 0xff, 0xff, 0xff, 0xff, 0xff,
    0x4c, 0xff, 0xff, 0xff, 0xff, 0xff, 0xff, 0x70,
    0xcf, 0xff, 0xff, 0xff, 0xff, 0xfb, 0x40, 0x0,

    /* U+0638 "ظ" */
    0x0, 0x0, 0x0, 0x0, 0x0, 0x0, 0x0, 0x0,
    0x5, 0xff, 0xb0, 0x0, 0x3d, 0x10, 0x0, 0x0,
    0x5f, 0xfb, 0x0, 0x2e, 0xfd, 0x10, 0x0, 0x4,
    0xff, 0xc0, 0x7, 0xff, 0xf5, 0x0, 0x0, 0x3f,
    0xfc, 0x0, 0x9, 0xf7, 0x0, 0x0, 0x3, 0xff,
    0xd0, 0x0, 0x4, 0x0, 0x0, 0x0, 0x2f, 0xfe,
    0x0, 0x0, 0x0, 0x0, 0x0, 0x2, 0xff, 0xe0,
    0x1, 0x55, 0x20, 0x0, 0x0, 0x1f, 0xff, 0x9,
    0xff, 0xff, 0xb0, 0x0, 0x0, 0xff, 0xfb, 0xff,
    0xff, 0xff, 0xc0, 0x0, 0xf, 0xff, 0xff, 0xff,
    0xff, 0xff, 0x60, 0x0, 0xff, 0xff, 0xfb, 0x21,
    0xbf, 0xfc, 0x0, 0xe, 0xff, 0xfd, 0x0, 0x2,
    0xff, 0xf0, 0x0, 0xef, 0xff, 0x20, 0x0, 0x4f,
    0xfe, 0x56, 0x9f, 0xff, 0xb6, 0x66, 0x8e, 0xff,
    0xbc, 0xff, 0xff, 0xff, 0xff, 0xff, 0xff, 0xf4,
    0xcf, 0xff, 0xff, 0xff, 0xff, 0xff, 0xf7, 0xc,
    0xff, 0xff, 0xff, 0xff, 0xff, 0xb4, 0x0,

    /* U+0639 "ع" */
    0x0, 0x0, 0x7, 0xcd, 0xc9, 0x50, 0x0, 0x0,
    0x1, 0xdf, 0xff, 0xff, 0xa0, 0x0, 0x0, 0xb,
    0xff, 0xff, 0xff, 0x60, 0x0, 0x0, 0x2f, 0xff,
    0xc8, 0xad, 0x20, 0x0, 0x0, 0x6f, 0xfc, 0x0,
    0x0, 0x0, 0x0, 0x0, 0x6f, 0xfa, 0x0, 0x0,
    0x0, 0x0, 0x0, 0x4f, 0xff, 0x62, 0x47, 0xac,
    0x0, 0x0, 0xd, 0xff, 0xff, 0xff, 0xff, 0x10,
    0x0, 0x4e, 0xff, 0xff, 0xff, 0xff, 0x40, 0x5,
    0xff, 0xff, 0xff, 0xff, 0xc9, 0x30, 0x1f, 0xff,
    0xfc, 0x85, 0x20, 0x0, 0x0, 0x7f, 0xff, 0x40,
    0x0, 0x0, 0x0, 0x0, 0xbf, 0xf7, 0x0, 0x0,
    0x0, 0x0, 0x0, 0xcf, 0xf4, 0x0, 0x0, 0x0,
    0x0, 0x0, 0xbf, 0xf8, 0x0, 0x0, 0x0, 0x0,
    0x0, 0x7f, 0xff, 0x60, 0x0, 0x2, 0x35, 0x70,
    0x1e, 0xff, 0xfe, 0xde, 0xff, 0xff, 0xf0, 0x4,
    0xff, 0xff, 0xff, 0xff, 0xff, 0xf2, 0x0, 0x4e,
    0xff, 0xff, 0xff, 0xff, 0xf3, 0x0, 0x0, 0x58,
    0x87, 0x64, 0x21, 0x0,

    /* U+063A "غ" */
    0x0, 0x0, 0x0, 0x12, 0x0, 0x0, 0x0, 0x0,
    0x0, 0x1, 0xde, 0x20, 0x0, 0x0, 0x0, 0x0,
    0xd, 0xff, 0xe1, 0x0, 0x0, 0x0, 0x0, 0x6,
    0xff, 0x70, 0x0, 0x0, 0x0, 0x0, 0x0, 0x67,
    0x0, 0x0, 0x0, 0x0, 0x0, 0x0, 0x0, 0x0,
    0x0, 0x0, 0x0, 0x0, 0x7, 0xcd, 0xc9, 0x50,
    0x0, 0x0, 0x1, 0xdf, 0xff, 0xff, 0xa0, 0x0,
    0x0, 0xb, 0xff, 0xff, 0xff, 0x60, 0x0, 0x0,
    0x2f, 0xff, 0xc8, 0xad, 0x20, 0x0, 0x0, 0x6f,
    0xfc, 0x0, 0x0, 0x0, 0x0, 0x0, 0x6f, 0xfa,
    0x0, 0x0, 0x0, 0x0, 0x0, 0x4f, 0xff, 0x62,
    0x47, 0xac, 0x0, 0x0, 0xd, 0xff, 0xff, 0xff,
    0xff, 0x10, 0x0, 0x4e, 0xff, 0xff, 0xff, 0xff,
    0x40, 0x5, 0xff, 0xff, 0xff, 0xff, 0xc9, 0x30,
    0x1f, 0xff, 0xfc, 0x85, 0x20, 0x0, 0x0, 0x7f,
    0xff, 0x40, 0x0, 0x0, 0x0, 0x0, 0xbf, 0xf7,
    0x0, 0x0, 0x0, 0x0, 0x0, 0xcf, 0xf4, 0x0,
    0x0, 0x0, 0x0, 0x0, 0xbf, 0xf8, 0x0, 0x0,
    0x0, 0x0, 0x0, 0x7f, 0xff, 0x60, 0x0, 0x2,
    0x35, 0x70, 0x1e, 0xff, 0xfe, 0xde, 0xff, 0xff,
    0xf0, 0x4, 0xff, 0xff, 0xff, 0xff, 0xff, 0xf2,
    0x0, 0x4e, 0xff, 0xff, 0xff, 0xff, 0xf3, 0x0,
    0x0, 0x58, 0x87, 0x64, 0x21, 0x0,

    /* U+0640 "ـ" */
    0x6, 0x66, 0x66, 0x66, 0x22, 0xff, 0xff, 0xff,
    0xf5, 0x2f, 0xff, 0xff, 0xff, 0x52, 0xff, 0xff,
    0xff, 0xf5,

    /* U+0641 "ف" */
    0x0, 0x0, 0x0, 0x0, 0x0, 0x0, 0x0, 0x0,
    0x59, 0x0, 0x0, 0x0, 0x0, 0x0, 0x0, 0x0,
    0x0, 0x0, 0x0, 0x5f, 0xfa, 0x0, 0x0, 0x0,
    0x0, 0x0, 0x0, 0x0, 0x0, 0x0, 0xc, 0xff,
    0xe2, 0x0, 0x0, 0x0, 0x0, 0x0, 0x0, 0x0,
    0x0, 0x0, 0xc, 0xe2, 0x0, 0x0, 0x0, 0x0,
    0x0, 0x0, 0x0, 0x0, 0x0, 0x0, 0x2, 0x0,
    0x0, 0x0, 0x0, 0x0, 0x0, 0x0, 0x0, 0x0,
    0x0, 0x0, 0x0, 0x0, 0x0, 0x0, 0x0, 0x0,
    0x0, 0x0, 0x0, 0x0, 0x5c, 0xff, 0xc5, 0x0,
    0x0, 0x0, 0x0, 0x0, 0x0, 0x0, 0x0, 0x6f,
    0xff, 0xff, 0xf8, 0x0, 0x0, 0x0, 0x0, 0x0,
    0x0, 0x0, 0xf, 0xff, 0xff, 0xff, 0xf3, 0x0,
    0x0, 0x0, 0x0, 0x0, 0x0, 0x4, 0xff, 0xb1,
    0x1c, 0xff, 0x90, 0x0, 0xbb, 0x60, 0x0, 0x0,
    0x0, 0x7f, 0xf5, 0x0, 0x3f, 0xfc, 0x0, 0xf,
    0xff, 0x10, 0x0, 0x0, 0x6, 0xff, 0x90, 0x1,
    0xff, 0xe0, 0x4, 0xff, 0xd0, 0x0, 0x0, 0x0,
    0x3f, 0xff, 0xff, 0xff, 0xff, 0x0, 0x8f, 0xf9,
    0x0, 0x0, 0x0, 0x0, 0xbf, 0xff, 0xff, 0xff,
    0xf1, 0xb, 0xff, 0x50, 0x0, 0x0, 0x0, 0x0,
    0x8e, 0xff, 0xff, 0xff, 0x20, 0xcf, 0xf5, 0x0,
    0x0, 0x0, 0x0, 0x0, 0x1, 0x11, 0xcf, 0xf2,
    0x9, 0xff, 0xfb, 0x87, 0x66, 0x66, 0x66, 0x66,
    0x67, 0x9f, 0xff, 0x10, 0x2f, 0xff, 0xff, 0xff,
    0xff, 0xff, 0xff, 0xff, 0xff, 0xff, 0xd0, 0x0,
    0x5f, 0xff, 0xff, 0xff, 0xff, 0xff, 0xff, 0xff,
    0xff, 0xf4, 0x0, 0x0, 0x28, 0xce, 0xff, 0xff,
    0xff, 0xff, 0xff, 0xec, 0x92, 0x0,

    /* U+0642 "ق" */
    0x0, 0x0, 0x0, 0x3, 0x0, 0x0, 0x30, 0x0,
    0x0, 0x0, 0x0, 0x4, 0xfa, 0x0, 0x7f, 0x80,
    0x0, 0x0, 0x0, 0x0, 0xef, 0xf7, 0x3f, 0xff,
    0x40, 0x0, 0x0, 0x0, 0x4, 0xfa, 0x0, 0x7f,
    0x70, 0x0, 0x0, 0x0, 0x0, 0x3, 0x0, 0x0,
    0x30, 0x0, 0x0, 0x0, 0x0, 0x0, 0x0, 0x45,
    0x20, 0x0, 0x0, 0x0, 0x0, 0x0, 0x6, 0xff,
    0xff, 0xc2, 0x0, 0x0, 0x0, 0x0, 0x4, 0xff,
    0xff, 0xff, 0xe1, 0x0, 0x0, 0x0, 0x0, 0xdf,
    0xff, 0xff, 0xff, 0xa0, 0x0, 0x10, 0x0, 0x3f,
    0xff, 0x41, 0x8f, 0xff, 0x0, 0x1f, 0xa4, 0x6,
    0xff, 0xb0, 0x0, 0xdf, 0xf4, 0x5, 0xff, 0xd0,
    0x6f, 0xfb, 0x0, 0xa, 0xff, 0x60, 0x9f, 0xf9,
    0x3, 0xff, 0xf8, 0x67, 0xcf, 0xf8, 0xb, 0xff,
    0x50, 0xd, 0xff, 0xff, 0xff, 0xff, 0xa0, 0xcf,
    0xf4, 0x0, 0x3f, 0xff, 0xff, 0xff, 0xfb, 0xb,
    0xff, 0x40, 0x0, 0x2a, 0xef, 0xee, 0xff, 0xc0,
    0xaf, 0xf7, 0x0, 0x0, 0x0, 0x0, 0x4f, 0xfc,
    0x6, 0xff, 0xe1, 0x0, 0x0, 0x0, 0x5e, 0xff,
    0xa0, 0x1f, 0xff, 0xd6, 0x45, 0x8b, 0xff, 0xff,
    0xf4, 0x0, 0x7f, 0xff, 0xff, 0xff, 0xff, 0xff,
    0xf8, 0x0, 0x0, 0x9f, 0xff, 0xff, 0xff, 0xff,
    0xb3, 0x0, 0x0, 0x0, 0x4b, 0xff, 0xfd, 0x95,
    0x10, 0x0, 0x0, 0x0, 0x0, 0x0, 0x0, 0x0,
    0x0, 0x0, 0x0, 0x0,

    /* U+0643 "ك" */
    0x0, 0x0, 0x0, 0x0, 0x0, 0x0, 0x0, 0x0,
    0x0, 0x0, 0x0, 0x0, 0x0, 0x0, 0x0, 0x0,
    0x0, 0x0, 0x0, 0x0, 0x0, 0x4a, 0xb0, 0x0,
    0x0, 0x0, 0x0, 0x0, 0x0, 0x0, 0x0, 0x28,
    0xef, 0xff, 0x20, 0x0, 0x0, 0x0, 0x0, 0x0,
    0x0, 0x17, 0xcf, 0xff, 0xff, 0xf7, 0x0, 0x0,
    0x0, 0x0, 0x0, 0x0, 0x2f, 0xff, 0xff, 0xff,
    0xe9, 0x20, 0x0, 0x0, 0x0, 0x0, 0x0, 0x7,
    0xff, 0xff, 0xfa, 0x40, 0x0, 0x0, 0x0, 0x0,
    0x0, 0x0, 0x0, 0xaf, 0xff, 0x70, 0x0, 0x0,
    0x0, 0x0, 0x0, 0x0, 0x0, 0x0, 0x3, 0xff,
    0xfa, 0x0, 0x0, 0x0, 0x0, 0x0, 0x0, 0x0,
    0x0, 0x0, 0x8, 0xff, 0xf5, 0x0, 0x0, 0x0,
    0xb, 0xa5, 0x0, 0x0, 0x0, 0x0, 0xc, 0xff,
    0xe1, 0x0, 0x0, 0x0, 0xff, 0xf1, 0x0, 0x0,
    0x0, 0x0, 0x2f, 0xff, 0xb0, 0x0, 0x0, 0x4f,
    0xfd, 0x0, 0x0, 0x0, 0x0, 0x0, 0x6f, 0xff,
    0x60, 0x0, 0x8, 0xff, 0x90, 0x0, 0x0, 0x0,
    0x0, 0x0, 0xaf, 0xfe, 0x0, 0x0, 0xbf, 0xf5,
    0x0, 0x0, 0x0, 0x0, 0x0, 0x1, 0xef, 0xf7,
    0x0, 0xc, 0xff, 0x50, 0x0, 0x0, 0x0, 0x0,
    0x0, 0x5, 0xff, 0xb0, 0x0, 0x9f, 0xff, 0xb8,
    0x76, 0x66, 0x66, 0x66, 0x66, 0xbf, 0xfc, 0x0,
    0x2, 0xff, 0xff, 0xff, 0xff, 0xff, 0xff, 0xff,
    0xff, 0xff, 0x90, 0x0, 0x5, 0xff, 0xff, 0xff,
    0xff, 0xff, 0xff, 0xff, 0xff, 0xe1, 0x0, 0x0,
    0x2, 0x8c, 0xef, 0xff, 0xff, 0xff, 0xff, 0xfe,
    0xa2, 0x0, 0x0,

    /* U+0644 "ل" */
    0x0, 0x0, 0x0, 0x0, 0x0, 0x8, 0xff, 0x80,
    0x0, 0x0, 0x0, 0x0, 0x0, 0x8, 0xff, 0x80,
    0x0, 0x0, 0x0, 0x0, 0x0, 0x7, 0xff, 0x90,
    0x0, 0x0, 0x0, 0x0, 0x0, 0x6, 0xff, 0x90,
    0x0, 0x0, 0x0, 0x0, 0x0, 0x6, 0xff, 0xa0,
    0x0, 0x0, 0x0, 0x0, 0x0, 0x5, 0xff, 0xb0,
    0x0, 0x0, 0x0, 0x0, 0x0, 0x5, 0xff, 0xb0,
    0x0, 0x0, 0x0, 0x0, 0x0, 0x4, 0xff, 0xc0,
    0x0, 0x0, 0x0, 0x0, 0x0, 0x3, 0xff, 0xc0,
    0x0, 0x0, 0x0, 0x0, 0x0, 0x3, 0xff, 0xd0,
    0x9, 0x30, 0x0, 0x0, 0x0, 0x2, 0xff, 0xe0,
    0x4f, 0xfc, 0x0, 0x0, 0x0, 0x2, 0xff, 0xe0,
    0x8f, 0xfa, 0x0, 0x0, 0x0, 0x1, 0xff, 0xf0,
    0xbf, 0xf6, 0x0, 0x0, 0x0, 0x0, 0xff, 0xf0,
    0xcf, 0xf4, 0x0, 0x0, 0x0, 0x0, 0xff, 0xf0,
    0xcf, 0xf3, 0x0, 0x0, 0x0, 0x0, 0xff, 0xf1,
    0xaf, 0xf5, 0x0, 0x0, 0x0, 0x0, 0xff, 0xf0,
    0x7f, 0xfa, 0x0, 0x0, 0x0, 0x7, 0xff, 0xe0,
    0x3f, 0xff, 0x70, 0x0, 0x26, 0xcf, 0xff, 0x90,
    0xc, 0xff, 0xff, 0xdf, 0xff, 0xff, 0xfe, 0x20,
    0x2, 0xef, 0xff, 0xff, 0xff, 0xff, 0xd2, 0x0,
    0x0, 0x2b, 0xff, 0xff, 0xff, 0xb5, 0x0, 0x0,
    0x0, 0x0, 0x36, 0x87, 0x40, 0x0, 0x0, 0x0,

    /* U+0645 "م" */
    0x0, 0x0, 0x0, 0x3, 0x10, 0x0, 0x0, 0x0,
    0x0, 0x8f, 0xff, 0xb1, 0x0, 0x0, 0x0, 0x8f,
    0xff, 0xff, 0xd0, 0x0, 0x0, 0x2f, 0xff, 0xff,
    0xff, 0x70, 0x0, 0x2a, 0xff, 0xc2, 0x4f, 0xfc,
    0x2, 0xcf, 0xff, 0xf2, 0x0, 0xcf, 0xe0, 0xcf,
    0xff, 0xfe, 0x20, 0xe, 0xfd, 0xb, 0xff, 0xff,
    0xff, 0xa6, 0xff, 0xa0, 0xbf, 0xff, 0xff, 0xff,
    0xff, 0xf5, 0xa, 0xff, 0x47, 0xef, 0xff, 0xfc,
    0x0, 0xaf, 0xf4, 0x0, 0x7d, 0xfa, 0x10, 0x9,
    0xff, 0x50, 0x0, 0x0, 0x0, 0x0, 0x8f, 0xf6,
    0x0, 0x0, 0x0, 0x0, 0x8, 0xff, 0x70, 0x0,
    0x0, 0x0, 0x0, 0x7f, 0xf8, 0x0, 0x0, 0x0,
    0x0, 0x7, 0xff, 0x80, 0x0, 0x0, 0x0, 0x0,
    0x6f, 0xf9, 0x0, 0x0, 0x0, 0x0, 0x5, 0xff,
    0xa0, 0x0, 0x0, 0x0, 0x0,

    /* U+0646 "ن" */
    0x0, 0x0, 0x0, 0x0, 0x0, 0x0, 0x0, 0x0,
    0x0, 0x0, 0x0, 0x6e, 0x20, 0x0, 0x0, 0x0,
    0x0, 0x0, 0x6, 0xff, 0xe2, 0x0, 0x0, 0x0,
    0x0, 0x0, 0x6, 0xff, 0xe2, 0x6, 0xac, 0x20,
    0x2, 0x0, 0x0, 0x6e, 0x20, 0xc, 0xff, 0x40,
    0x1f, 0xd6, 0x0, 0x0, 0x0, 0x9, 0xff, 0x70,
    0x6f, 0xfc, 0x0, 0x0, 0x0, 0x7, 0xff, 0x90,
    0x9f, 0xf8, 0x0, 0x0, 0x0, 0x5, 0xff, 0xb0,
    0xbf, 0xf5, 0x0, 0x0, 0x0, 0x2, 0xff, 0xe0,
    0xcf, 0xf3, 0x0, 0x0, 0x0, 0x0, 0xff, 0xf0,
    0xbf, 0xf4, 0x0, 0x0, 0x0, 0x0, 0xef, 0xf1,
    0x9f, 0xf8, 0x0, 0x0, 0x0, 0x0, 0xff, 0xf1,
    0x5f, 0xff, 0x20, 0x0, 0x0, 0x4c, 0xff, 0xe0,
    0xe, 0xff, 0xfa, 0x79, 0xbf, 0xff, 0xff, 0x80,
    0x5, 0xff, 0xff, 0xff, 0xff, 0xff, 0xfa, 0x0,
    0x0, 0x7f, 0xff, 0xff, 0xff, 0xfd, 0x50, 0x0,
    0x0, 0x3, 0x9d, 0xed, 0xb7, 0x30, 0x0, 0x0,
    0x0, 0x0, 0x0, 0x0, 0x0, 0x0, 0x0, 0x0,

    /* U+0647 "ه" */
    0x0, 0x2, 0x50, 0x0, 0x0, 0x0, 0x1d, 0xf6,
    0x0, 0x0, 0x0, 0xbf, 0xff, 0x70, 0x0, 0x0,
    0xaf, 0xff, 0xf8, 0x0, 0x6, 0xff, 0xff, 0xff,
    0x60, 0x1f, 0xff, 0xce, 0xff, 0xf1, 0x8f, 0xfd,
    0x12, 0xef, 0xf6, 0xbf, 0xf5, 0x0, 0x7f, 0xf8,
    0xcf, 0xf4, 0x0, 0x6f, 0xf9, 0x9f, 0xfd, 0x66,
    0xef, 0xf6, 0x3f, 0xff, 0xff, 0xff, 0xe1, 0x7,
    0xff, 0xff, 0xff, 0x40, 0x0, 0x4c, 0xff, 0xb3,
    0x0,

    /* U+0648 "و" */
    0x0, 0x2, 0x55, 0x10, 0x0, 0x0, 0x9, 0xff,
    0xff, 0x90, 0x0, 0x8, 0xff, 0xff, 0xff, 0xb0,
    0x2, 0xff, 0xff, 0xff, 0xff, 0x50, 0x7f, 0xfd,
    0x21, 0xbf, 0xfc, 0x9, 0xff, 0x70, 0x2, 0xff,
    0xf0, 0x9f, 0xf7, 0x0, 0xe, 0xff, 0x27, 0xff,
    0xe7, 0x78, 0xef, 0xf4, 0x1f, 0xff, 0xff, 0xff,
    0xff, 0x60, 0x6f, 0xff, 0xff, 0xff, 0xf7, 0x0,
    0x4c, 0xff, 0xee, 0xff, 0x80, 0x0, 0x0, 0x0,
    0x9f, 0xf8, 0x0, 0x0, 0x1, 0x7f, 0xff, 0x60,
    0x15, 0x9d, 0xff, 0xff, 0xf1, 0x5, 0xff, 0xff,
    0xff, 0xf5, 0x0, 0x2f, 0xff, 0xff, 0xa2, 0x0,
    0x0, 0xfd, 0xa5, 0x0, 0x0, 0x0, 0x0, 0x0,
    0x0, 0x0, 0x0,

    /* U+0649 "ى" */
    0x0, 0x0, 0x0, 0x0, 0x0, 0x4, 0x41, 0x0,
    0x0, 0x0, 0x0, 0x0, 0x8, 0xff, 0xff, 0xd0,
    0x0, 0x0, 0x0, 0x0, 0xbf, 0xff, 0xff, 0xc0,
    0x0, 0x0, 0x0, 0x8, 0xff, 0xff, 0xff, 0x80,
    0x2, 0x0, 0x0, 0x1f, 0xff, 0xa2, 0x26, 0x30,
    0x1f, 0xd6, 0x0, 0x7f, 0xfd, 0x0, 0x0, 0x0,
    0x6f, 0xfc, 0x0, 0xbf, 0xf6, 0x0, 0x0, 0x0,
    0x9f, 0xf8, 0x0, 0xcf, 0xfb, 0x20, 0x0, 0x0,
    0xbf, 0xf5, 0x0, 0xaf, 0xff, 0xfc, 0x71, 0x0,
    0xcf, 0xf3, 0x0, 0x2e, 0xff, 0xff, 0xff, 0x60,
    0xbf, 0xf4, 0x0, 0x1, 0x9f, 0xff, 0xff, 0xf1,
    0x9f, 0xf8, 0x0, 0x0, 0x1, 0x5a, 0xff, 0xf4,
    0x5f, 0xff, 0x20, 0x0, 0x0, 0x49, 0xff, 0xf2,
    0xe, 0xff, 0xfa, 0x79, 0xbf, 0xff, 0xff, 0xb0,
    0x5, 0xff, 0xff, 0xff, 0xff, 0xff, 0xfb, 0x0,
    0x0, 0x7f, 0xff, 0xff, 0xff, 0xfd, 0x50, 0x0,
    0x0, 0x3, 0x9d, 0xed, 0xb7, 0x30, 0x0, 0x0,
    0x0, 0x0, 0x0, 0x0, 0x0, 0x0, 0x0, 0x0,

    /* U+064A "ي" */
    0x0, 0x0, 0x0, 0x0, 0x0, 0x4, 0x41, 0x0,
    0x0, 0x0, 0x0, 0x0, 0x8, 0xff, 0xff, 0xd0,
    0x0, 0x0, 0x0, 0x0, 0xbf, 0xff, 0xff, 0xc0,
    0x0, 0x0, 0x0, 0x8, 0xff, 0xff, 0xff, 0x80,
    0x2, 0x0, 0x0, 0x1f, 0xff, 0xa2, 0x26, 0x30,
    0x1f, 0xd6, 0x0, 0x7f, 0xfd, 0x0, 0x0, 0x0,
    0x6f, 0xfc, 0x0, 0xbf, 0xf6, 0x0, 0x0, 0x0,
    0x9f, 0xf8, 0x0, 0xcf, 0xfb, 0x20, 0x0, 0x0,
    0xbf, 0xf5, 0x0, 0xaf, 0xff, 0xfc, 0x71, 0x0,
    0xcf, 0xf3, 0x0, 0x2e, 0xff, 0xff, 0xff, 0x60,
    0xbf, 0xf4, 0x0, 0x1, 0x9f, 0xff, 0xff, 0xf1,
    0x9f, 0xf8, 0x0, 0x0, 0x1, 0x5a, 0xff, 0xf4,
    0x5f, 0xff, 0x20, 0x0, 0x0, 0x49, 0xff, 0xf2,
    0xe, 0xff, 0xfa, 0x79, 0xbf, 0xff, 0xff, 0xb0,
    0x5, 0xff, 0xff, 0xff, 0xff, 0xff, 0xfb, 0x0,
    0x0, 0x7f, 0xff, 0xff, 0xff, 0xfd, 0x50, 0x0,
    0x0, 0x3, 0x9d, 0xed, 0xb7, 0x30, 0x0, 0x0,
    0x0, 0x0, 0x0, 0x0, 0x0, 0x0, 0x0, 0x0,

    /* U+064B "ً" */
    0x0, 0x0, 0x0, 0x0, 0x15, 0x9d, 0xc0, 0xdf,
    0xff, 0xea, 0xa, 0xa6, 0x20, 0x0, 0x0, 0x37,
    0xbb, 0xb, 0xff, 0xff, 0xc0, 0xbc, 0x84, 0x0,
    0x0, 0x0, 0x0, 0x0,

    /* U+064C "ٌ" */
    0x0, 0x0, 0x0, 0x0, 0x0, 0x0, 0x4, 0xbc,
    0x70, 0x43, 0x2, 0xfe, 0xdf, 0x7d, 0xf8, 0x5f,
    0x30, 0xcc, 0x7, 0xf4, 0xf6, 0x4e, 0xb0, 0x3f,
    0x6f, 0xff, 0xf3, 0x2e, 0xff, 0xfd, 0x82, 0x0,
    0xc8, 0x41, 0x0, 0x0,

    /* U+064D "ٍ" */
    0x0, 0x0, 0x1, 0x0, 0x36, 0xae, 0xc0, 0xdf,
    0xff, 0xd9, 0x8, 0x85, 0x10, 0x0, 0x1, 0x59,
    0xdc, 0xc, 0xff, 0xff, 0xa0, 0xaa, 0x73, 0x0,
    0x0,

    /* U+064E "َ" */
    0x0, 0x0, 0x0, 0x0, 0x14, 0x8c, 0xc0, 0xcf,
    0xff, 0xfb, 0xa, 0xb7, 0x30, 0x0,

    /* U+064F "ُ" */
    0x0, 0x4, 0x74, 0x0, 0x0, 0xbf, 0xff, 0x90,
    0x2, 0xf9, 0x2b, 0xf1, 0x2, 0xf7, 0x9, 0xf2,
    0x0, 0xfd, 0xcf, 0xc0, 0xcf, 0xff, 0xf9, 0x0,
    0xbb, 0x74, 0x0, 0x0,

    /* U+0650 "ِ" */
    0x0, 0x15, 0x99, 0x9, 0xdf, 0xff, 0xe0, 0xce,
    0xa6, 0x30, 0x1, 0x0, 0x0, 0x0,

    /* U+0651 "ّ" */
    0x0, 0x0, 0x0, 0x1, 0x0, 0x85, 0x18, 0xc,
    0xa0, 0xe, 0x83, 0xf2, 0x9e, 0x0, 0xee, 0xdf,
    0xde, 0xe0, 0x4, 0xee, 0xaf, 0xd4, 0x0,

    /* U+0652 "ْ" */
    0x8, 0xee, 0x80, 0x8, 0xfc, 0xcf, 0x90, 0xeb,
    0x0, 0xaf, 0xe, 0xb0, 0xa, 0xf0, 0x8f, 0xcc,
    0xf9, 0x0, 0x8e, 0xe9, 0x0,

    /* U+0653 "ٓ" */
    0x0, 0x0, 0x0, 0x1, 0x2b, 0xdb, 0x86, 0xf9,
    0xcf, 0xff, 0xff, 0xf5, 0xea, 0x36, 0x9a, 0x60,

    /* U+0654 "ٔ" */
    0x0, 0x8f, 0xe9, 0x0, 0x7f, 0xdd, 0xa0, 0xc,
    0xd0, 0x0, 0x0, 0x9f, 0x66, 0xaa, 0x7c, 0xff,
    0xff, 0xcd, 0xfc, 0x85, 0x10, 0x20, 0x0, 0x0,
    0x0,

    /* U+0655 "ٕ" */
    0x0, 0x8f, 0xe9, 0x0, 0x7f, 0xdc, 0x90, 0xc,
    0xc0, 0x0, 0x0, 0x9f, 0x66, 0xaa, 0x7c, 0xff,
    0xff, 0xcd, 0xfc, 0x95, 0x10, 0x20, 0x0, 0x0,
    0x0,

    /* U+0656 "ٖ" */
    0xd6, 0xf7, 0xf7, 0xf7,

    /* U+0660 "٠" */
    0x0, 0x0, 0x22, 0x0, 0x0, 0x0, 0x6e, 0xff,
    0xe6, 0x0, 0x8, 0xff, 0xff, 0xff, 0x80, 0x2f,
    0xff, 0xff, 0xff, 0xf2, 0x7f, 0xfb, 0x11, 0xbf,
    0xf7, 0x9f, 0xf5, 0x0, 0x5f, 0xf9, 0x7f, 0xfd,
    0x44, 0xdf, 0xf7, 0x1f, 0xff, 0xff, 0xff, 0xf1,
    0x5, 0xff, 0xff, 0xff, 0x50, 0x0, 0x4b, 0xff,
    0xb3, 0x0,

    /* U+0661 "١" */
    0x5a, 0xc6, 0x7, 0xff, 0x80, 0x6f, 0xfa, 0x4,
    0xff, 0xc0, 0x3f, 0xfd, 0x1, 0xff, 0xf0, 0xf,
    0xff, 0x0, 0xef, 0xf2, 0xc, 0xff, 0x30, 0xbf,
    0xf5, 0x9, 0xff, 0x60, 0x8f, 0xf8, 0x6, 0xff,
    0xa0, 0x5f, 0xfb, 0x3, 0xff, 0xd0, 0x2f, 0xfc,
    0x0, 0x10, 0x0,

    /* U+0662 "٢" */
    0x48, 0xa5, 0x0, 0x5, 0x9b, 0x38, 0xff, 0x80,
    0x0, 0xaf, 0xf6, 0x6f, 0xfa, 0x0, 0x9, 0xff,
    0x74, 0xff, 0xb0, 0x0, 0x7f, 0xf9, 0x3f, 0xfd,
    0x0, 0x6, 0xff, 0xa1, 0xff, 0xf9, 0x66, 0xdf,
    0xf9, 0xf, 0xff, 0xff, 0xff, 0xff, 0x40, 0xef,
    0xff, 0xff, 0xff, 0x80, 0xd, 0xff, 0xdf, 0xfd,
    0x60, 0x0, 0xbf, 0xf5, 0x0, 0x0, 0x0, 0xa,
    0xff, 0x60, 0x0, 0x0, 0x0, 0x8f, 0xf8, 0x0,
    0x0, 0x0, 0x6, 0xff, 0x90, 0x0, 0x0, 0x0,
    0x5f, 0xfb, 0x0, 0x0, 0x0, 0x3, 0xff, 0xc0,
    0x0, 0x0, 0x0, 0x2f, 0xfe, 0x0, 0x0, 0x0,
    0x0, 0x32, 0x0, 0x0, 0x0, 0x0,

    /* U+0663 "٣" */
    0x48, 0xa5, 0x0, 0x0, 0x2, 0x0, 0x17, 0x99,
    0x8, 0xff, 0x80, 0x1, 0xff, 0xf0, 0x1, 0xff,
    0xf0, 0x6f, 0xfa, 0x0, 0xf, 0xff, 0x0, 0xf,
    0xff, 0x4, 0xff, 0xb0, 0x0, 0xef, 0xf2, 0x0,
    0xef, 0xf2, 0x3f, 0xfe, 0x0, 0xd, 0xff, 0x40,
    0xd, 0xff, 0x31, 0xff, 0xfa, 0x69, 0xff, 0xfd,
    0x69, 0xff, 0xf2, 0xf, 0xff, 0xff, 0xff, 0xff,
    0xff, 0xff, 0xfc, 0x0, 0xef, 0xff, 0xff, 0xff,
    0xff, 0xff, 0xfe, 0x20, 0xd, 0xff, 0xef, 0xea,
    0x16, 0xdf, 0xea, 0x20, 0x0, 0xbf, 0xf5, 0x0,
    0x0, 0x0, 0x0, 0x0, 0x0, 0xa, 0xff, 0x60,
    0x0, 0x0, 0x0, 0x0, 0x0, 0x0, 0x8f, 0xf8,
    0x0, 0x0, 0x0, 0x0, 0x0, 0x0, 0x6, 0xff,
    0x90, 0x0, 0x0, 0x0, 0x0, 0x0, 0x0, 0x5f,
    0xfb, 0x0, 0x0, 0x0, 0x0, 0x0, 0x0, 0x3,
    0xff, 0xc0, 0x0, 0x0, 0x0, 0x0, 0x0, 0x0,
    0x2f, 0xfe, 0x0, 0x0, 0x0, 0x0, 0x0, 0x0,
    0x0, 0x31, 0x0, 0x0, 0x0, 0x0, 0x0, 0x0,
    0x0,

    /* U+0664 "٤" */
    0x0, 0x0, 0x0, 0x6, 0xcf, 0xea, 0x50, 0x36,
    0x84, 0x0, 0xbf, 0xff, 0xff, 0xfa, 0x8f, 0xf8,
    0x8, 0xff, 0xff, 0xff, 0xf4, 0x6f, 0xfa, 0xe,
    0xff, 0xa4, 0x7d, 0xd0, 0x5f, 0xfb, 0x1f, 0xff,
    0x0, 0x0, 0x10, 0x3f, 0xfd, 0x1f, 0xff, 0x0,
    0x0, 0x0, 0x2f, 0xff, 0x9f, 0xff, 0xb6, 0x66,
    0x65, 0xf, 0xff, 0xff, 0xff, 0xff, 0xff, 0xfe,
    0xe, 0xff, 0xff, 0xff, 0xff, 0xff, 0xfe, 0xd,
    0xff, 0xff, 0xff, 0xff, 0xff, 0xfe, 0xb, 0xff,
    0x50, 0x0, 0x0, 0x0, 0x0, 0xa, 0xff, 0x60,
    0x0, 0x0, 0x0, 0x0, 0x8, 0xff, 0x80, 0x0,
    0x0, 0x0, 0x0, 0x7, 0xff, 0x90, 0x0, 0x0,
    0x0, 0x0, 0x5, 0xff, 0xb0, 0x0, 0x0, 0x0,
    0x0, 0x4, 0xff, 0xc0, 0x0, 0x0, 0x0, 0x0,
    0x2, 0xff, 0xe0, 0x0, 0x0, 0x0, 0x0, 0x0,
    0x31, 0x0, 0x0, 0x0, 0x0, 0x0,

    /* U+0665 "٥" */
    0x0, 0x0, 0x0, 0x15, 0x0, 0x0, 0x0, 0x0,
    0x0, 0x0, 0x1, 0xef, 0x50, 0x0, 0x0, 0x0,
    0x0, 0x0, 0xc, 0xff, 0xf3, 0x0, 0x0, 0x0,
    0x0, 0x0, 0xa, 0xff, 0xfe, 0x20, 0x0, 0x0,
    0x0, 0x0, 0x7f, 0xff, 0xff, 0xd1, 0x0, 0x0,
    0x0, 0x4, 0xff, 0xfd, 0xff, 0xfc, 0x0, 0x0,
    0x0, 0x2f, 0xff, 0xe1, 0x7f, 0xff, 0xa0, 0x0,
    0x0, 0xdf, 0xff, 0x20, 0x9, 0xff, 0xf6, 0x0,
    0x7, 0xff, 0xf4, 0x0, 0x0, 0xcf, 0xff, 0x10,
    0xf, 0xff, 0x80, 0x0, 0x0, 0x1f, 0xff, 0x80,
    0x5f, 0xfe, 0x0, 0x0, 0x0, 0x7, 0xff, 0xd0,
    0x7f, 0xf9, 0x0, 0x0, 0x0, 0x1, 0xff, 0xf0,
    0x8f, 0xf7, 0x0, 0xcf, 0xf4, 0x0, 0xff, 0xf1,
    0x9f, 0xf7, 0x0, 0xcf, 0xf5, 0x0, 0xef, 0xf2,
    0x7f, 0xfe, 0x78, 0xff, 0xfd, 0x69, 0xff, 0xf0,
    0x2f, 0xff, 0xff, 0xff, 0xff, 0xff, 0xff, 0xb0,
    0x8, 0xff, 0xff, 0xff, 0xff, 0xff, 0xfe, 0x20,
    0x0, 0x5d, 0xff, 0xb2, 0x6d, 0xfe, 0xa1, 0x0,

    /* U+0666 "٦" */
    0x0, 0x2, 0xa0, 0x0, 0x0, 0x0, 0x0, 0x6f,
    0xf5, 0x0, 0x0, 0x0, 0x7, 0xff, 0xfd, 0x0,
    0x0, 0x0, 0x1f, 0xff, 0xe6, 0x0, 0x19, 0x10,
    0x6f, 0xfe, 0x10, 0x0, 0xaf, 0xd3, 0x8f, 0xf8,
    0x0, 0x5, 0xff, 0xf6, 0x7f, 0xfc, 0x0, 0x2e,
    0xff, 0xb0, 0x3f, 0xff, 0xeb, 0xff, 0xff, 0x10,
    0xa, 0xff, 0xff, 0xff, 0xf6, 0x0, 0x0, 0xbf,
    0xff, 0xff, 0xb0, 0x0, 0x0, 0x4, 0xff, 0xfe,
    0x10, 0x0, 0x0, 0x6, 0xff, 0xf5, 0x0, 0x0,
    0x0, 0x2f, 0xff, 0xb0, 0x0, 0x0, 0x0, 0xbf,
    0xfe, 0x10, 0x0, 0x0, 0x6, 0xff, 0xf5, 0x0,
    0x0, 0x0, 0x2f, 0xff, 0xa0, 0x0, 0x0, 0x0,
    0x1c, 0xfe, 0x10, 0x0, 0x0, 0x0, 0x0, 0x84,
    0x0, 0x0, 0x0, 0x0,

    /* U+0667 "٧" */
    0x0, 0x0, 0x0, 0x0, 0x0, 0x0, 0x0, 0x0,
    0x28, 0xd0, 0x0, 0x0, 0x0, 0x7b, 0x50, 0xe,
    0xff, 0x50, 0x0, 0x0, 0xd, 0xff, 0x50, 0x9f,
    0xfa, 0x0, 0x0, 0x3, 0xff, 0xf0, 0x3, 0xff,
    0xf1, 0x0, 0x0, 0x9f, 0xfa, 0x0, 0xd, 0xff,
    0x60, 0x0, 0xe, 0xff, 0x40, 0x0, 0x7f, 0xfc,
    0x0, 0x4, 0xff, 0xe0, 0x0, 0x2, 0xff, 0xf1,
    0x0, 0xaf, 0xf9, 0x0, 0x0, 0xc, 0xff, 0x70,
    0xf, 0xff, 0x30, 0x0, 0x0, 0x6f, 0xfd, 0x6,
    0xff, 0xd0, 0x0, 0x0, 0x1, 0xff, 0xf2, 0xbf,
    0xf7, 0x0, 0x0, 0x0, 0xb, 0xff, 0xaf, 0xff,
    0x20, 0x0, 0x0, 0x0, 0x5f, 0xff, 0xff, 0xc0,
    0x0, 0x0, 0x0, 0x0, 0xef, 0xff, 0xf6, 0x0,
    0x0, 0x0, 0x0, 0x9, 0xff, 0xff, 0x0, 0x0,
    0x0, 0x0, 0x0, 0x3f, 0xff, 0xa0, 0x0, 0x0,
    0x0, 0x0, 0x0, 0xef, 0xf4, 0x0, 0x0, 0x0,

    /* U+0668 "٨" */
    0x0, 0x0, 0x0, 0xdf, 0xf5, 0x0, 0x0, 0x0,
    0x0, 0x0, 0x3f, 0xff, 0xb0, 0x0, 0x0, 0x0,
    0x0, 0x9, 0xff, 0xff, 0x10, 0x0, 0x0, 0x0,
    0x0, 0xef, 0xff, 0xf6, 0x0, 0x0, 0x0, 0x0,
    0x4f, 0xff, 0xff, 0xc0, 0x0, 0x0, 0x0, 0xa,
    0xff, 0xbf, 0xff, 0x20, 0x0, 0x0, 0x0, 0xff,
    0xf3, 0xcf, 0xf7, 0x0, 0x0, 0x0, 0x6f, 0xfd,
    0x6, 0xff, 0xd0, 0x0, 0x0, 0xb, 0xff, 0x80,
    0x1f, 0xff, 0x30, 0x0, 0x1, 0xff, 0xf2, 0x0,
    0xaf, 0xf9, 0x0, 0x0, 0x7f, 0xfc, 0x0, 0x5,
    0xff, 0xe0, 0x0, 0xd, 0xff, 0x70, 0x0, 0xe,
    0xff, 0x40, 0x3, 0xff, 0xf1, 0x0, 0x0, 0x9f,
    0xfa, 0x0, 0x8f, 0xfb, 0x0, 0x0, 0x3, 0xff,
    0xf0, 0xe, 0xff, 0x50, 0x0, 0x0, 0xe, 0xff,
    0x50, 0x39, 0xe0, 0x0, 0x0, 0x0, 0x8c, 0x60,
    0x0, 0x0, 0x0, 0x0, 0x0, 0x0, 0x0, 0x0,

    /* U+0669 "٩" */
    0x0, 0x29, 0xef, 0xd7, 0x0, 0x0, 0x3, 0xef,
    0xff, 0xff, 0xc0, 0x0, 0xe, 0xff, 0xff, 0xff,
    0xf9, 0x0, 0x5f, 0xff, 0x85, 0xbf, 0xff, 0x0,
    0x8f, 0xf9, 0x0, 0xe, 0xff, 0x40, 0x8f, 0xf8,
    0x0, 0xa, 0xff, 0x60, 0x5f, 0xff, 0x84, 0x4b,
    0xff, 0x80, 0xe, 0xff, 0xff, 0xff, 0xff, 0xa0,
    0x3, 0xff, 0xff, 0xff, 0xff, 0xb0, 0x0, 0x2a,
    0xef, 0xff, 0xff, 0xd0, 0x0, 0x0, 0x0, 0x1,
    0xff, 0xf0, 0x0, 0x0, 0x0, 0x0, 0xff, 0xf0,
    0x0, 0x0, 0x0, 0x0, 0xef, 0xf2, 0x0, 0x0,
    0x0, 0x0, 0xcf, 0xf4, 0x0, 0x0, 0x0, 0x0,
    0xaf, 0xf6, 0x0, 0x0, 0x0, 0x0, 0x9f, 0xf6,
    0x0, 0x0, 0x0, 0x0, 0x11, 0x0,

    /* U+066A "٪" */
    0xb, 0xf9, 0x0, 0xe, 0xff, 0xa0, 0x7, 0xff,
    0xf4, 0x3, 0xff, 0xf5, 0x0, 0x6f, 0xff, 0x40,
    0x8f, 0xff, 0x0, 0x0, 0xae, 0x90, 0xd, 0xff,
    0xb0, 0x0, 0x0, 0x0, 0x2, 0xff, 0xf6, 0x0,
    0x0, 0x0, 0x0, 0x8f, 0xff, 0x10, 0x0, 0x0,
    0x0, 0xd, 0xff, 0xc0, 0x0, 0x0, 0x0, 0x2,
    0xff, 0xf6, 0x0, 0x0, 0x0, 0x0, 0x7f, 0xff,
    0x10, 0x0, 0x0, 0x0, 0xc, 0xff, 0xc0, 0x0,
    0x0, 0x0, 0x1, 0xff, 0xf7, 0x0, 0x0, 0x0,
    0x0, 0x6f, 0xff, 0x20, 0x0, 0x0, 0x0, 0xc,
    0xff, 0xd0, 0x0, 0x0, 0x0, 0x1, 0xff, 0xf8,
    0x1, 0xce, 0x70, 0x0, 0x6f, 0xff, 0x20, 0x9f,
    0xff, 0x20, 0xb, 0xff, 0xd0, 0x9, 0xff, 0xf2,
    0x1, 0xff, 0xf8, 0x0, 0x2c, 0xf7, 0x0,

    /* U+066B "٫" */
    0x0, 0x0, 0x0, 0x0, 0x0, 0x0, 0x0, 0x1e,
    0x70, 0x0, 0x0, 0x8, 0xff, 0x0, 0x0, 0x0,
    0xef, 0x90, 0x0, 0x0, 0x4f, 0xf2, 0x0, 0x0,
    0xb, 0xfc, 0x0, 0x0, 0x1, 0xff, 0x50, 0x0,
    0x0, 0x8f, 0xe0, 0x0, 0x0, 0xe, 0xf9, 0x0,
    0x0, 0x5, 0xff, 0x20, 0x0, 0x0, 0xbf, 0xc0,
    0x0, 0x0, 0x2f, 0xf5, 0x0, 0x0, 0x8, 0xfe,
    0x0, 0x0, 0x0, 0xdf, 0x80, 0x0, 0x0, 0x0,
    0x72, 0x0, 0x0, 0x0,

    /* U+066C "٬" */
    0x0, 0x10, 0x0, 0x9, 0xf8, 0x0, 0xef, 0x80,
    0x4f, 0xf2, 0xa, 0xfc, 0x0, 0xff, 0x70, 0x1b,
    0xf1, 0x0, 0x0, 0x0,

    /* U+066D "٭" */
    0x0, 0x4, 0xff, 0xb0, 0x0, 0x0, 0x0, 0x4f,
    0xfb, 0x0, 0x0, 0x1f, 0xb9, 0xff, 0xd8, 0xe7,
    0x6, 0xff, 0xff, 0xff, 0xff, 0xc0, 0x9f, 0xff,
    0xff, 0xff, 0xff, 0x10, 0x2a, 0xff, 0xff, 0xe5,
    0x0, 0x0, 0xdf, 0xff, 0xff, 0x50, 0x0, 0x9f,
    0xff, 0xbf, 0xfe, 0x10, 0x1, 0xbf, 0x61, 0xee,
    0x40, 0x0, 0x0, 0x40, 0x3, 0x10, 0x0,

    /* U+066E "ٮ" */
    0x0, 0x0, 0x0, 0x0, 0x0, 0x0, 0x0, 0x0,
    0x0, 0x0, 0x0, 0x0, 0xb, 0xa5, 0x0, 0x0,
    0x0, 0x0, 0x0, 0x0, 0x5, 0xae, 0x0, 0x0,
    0xff, 0xf1, 0x0, 0x0, 0x0, 0x0, 0x0, 0x0,
    0xdf, 0xf4, 0x0, 0x4f, 0xfd, 0x0, 0x0, 0x0,
    0x0, 0x0, 0x0, 0x9, 0xff, 0x90, 0x8, 0xff,
    0x90, 0x0, 0x0, 0x0, 0x0, 0x0, 0x0, 0x5f,
    0xfd, 0x0, 0xbf, 0xf5, 0x0, 0x0, 0x0, 0x0,
    0x0, 0x0, 0x1, 0xff, 0xf0, 0xc, 0xff, 0x50,
    0x0, 0x0, 0x0, 0x0, 0x0, 0x0, 0x1f, 0xff,
    0x0, 0x9f, 0xff, 0xb8, 0x76, 0x66, 0x66, 0x66,
    0x78, 0xae, 0xff, 0xd0, 0x2, 0xff, 0xff, 0xff,
    0xff, 0xff, 0xff, 0xff, 0xff, 0xff, 0xf7, 0x0,
    0x5, 0xff, 0xff, 0xff, 0xff, 0xff, 0xff, 0xff,
    0xff, 0xfa, 0x0, 0x0, 0x2, 0x8c, 0xef, 0xff,
    0xff, 0xff, 0xff, 0xec, 0x93, 0x0, 0x0,

    /* U+066F "ٯ" */
    0x0, 0x0, 0x0, 0x0, 0x4, 0x52, 0x0, 0x0,
    0x0, 0x0, 0x0, 0x0, 0x6f, 0xff, 0xfc, 0x20,
    0x0, 0x0, 0x0, 0x0, 0x4f, 0xff, 0xff, 0xfe,
    0x10, 0x0, 0x0, 0x0, 0xd, 0xff, 0xff, 0xff,
    0xfa, 0x0, 0x1, 0x0, 0x3, 0xff, 0xf4, 0x18,
    0xff, 0xf0, 0x1, 0xfa, 0x40, 0x6f, 0xfb, 0x0,
    0xd, 0xff, 0x40, 0x5f, 0xfd, 0x6, 0xff, 0xb0,
    0x0, 0xaf, 0xf6, 0x9, 0xff, 0x90, 0x3f, 0xff,
    0x86, 0x7c, 0xff, 0x80, 0xbf, 0xf5, 0x0, 0xdf,
    0xff, 0xff, 0xff, 0xfa, 0xc, 0xff, 0x40, 0x3,
    0xff, 0xff, 0xff, 0xff, 0xb0, 0xbf, 0xf4, 0x0,
    0x2, 0xae, 0xfe, 0xef, 0xfc, 0xa, 0xff, 0x70,
    0x0, 0x0, 0x0, 0x4, 0xff, 0xc0, 0x6f, 0xfe,
    0x10, 0x0, 0x0, 0x5, 0xef, 0xfa, 0x1, 0xff,
    0xfd, 0x64, 0x58, 0xbf, 0xff, 0xff, 0x40, 0x7,
    0xff, 0xff, 0xff, 0xff, 0xff, 0xff, 0x80, 0x0,
    0x9, 0xff, 0xff, 0xff, 0xff, 0xfb, 0x30, 0x0,
    0x0, 0x4, 0xbf, 0xff, 0xd9, 0x51, 0x0, 0x0,
    0x0, 0x0, 0x0, 0x0, 0x0, 0x0, 0x0, 0x0,
    0x0,

    /* U+0670 "ٰ" */
    0xd6, 0xf7, 0xf7, 0xf7,

    /* U+0671 "ٱ" */
    0x0, 0x0, 0x3c, 0xfa, 0x0, 0x0, 0x2f, 0xeb,
    0xf8, 0x0, 0xd, 0xd1, 0xd, 0xb0, 0x5e, 0xff,
    0xff, 0xf6, 0x2f, 0xeb, 0xbb, 0xa6, 0x0, 0x52,
    0x23, 0x30, 0x0, 0x0, 0xc, 0xff, 0x40, 0x0,
    0x0, 0xcf, 0xf4, 0x0, 0x0, 0xb, 0xff, 0x50,
    0x0, 0x0, 0xaf, 0xf5, 0x0, 0x0, 0xa, 0xff,
    0x60, 0x0, 0x0, 0x9f, 0xf7, 0x0, 0x0, 0x8,
    0xff, 0x70, 0x0, 0x0, 0x8f, 0xf8, 0x0, 0x0,
    0x7, 0xff, 0x80, 0x0, 0x0, 0x7f, 0xf9, 0x0,
    0x0, 0x6, 0xff, 0xa0, 0x0, 0x0, 0x5f, 0xfa,
    0x0, 0x0, 0x5, 0xff, 0xb0, 0x0, 0x0, 0x4f,
    0xfb, 0x0,

    /* U+067E "پ" */
    0x0, 0x0, 0x0, 0x0, 0x0, 0x0, 0x0, 0x0,
    0x0, 0x0, 0x0, 0x0, 0xb, 0xa5, 0x0, 0x0,
    0x0, 0x0, 0x0, 0x0, 0x5, 0xae, 0x0, 0x0,
    0xff, 0xf1, 0x0, 0x0, 0x0, 0x0, 0x0, 0x0,
    0xdf, 0xf4, 0x0, 0x4f, 0xfd, 0x0, 0x0, 0x0,
    0x0, 0x0, 0x0, 0x9, 0xff, 0x90, 0x8, 0xff,
    0x90, 0x0, 0x0, 0x0, 0x0, 0x0, 0x0, 0x5f,
    0xfd, 0x0, 0xbf, 0xf5, 0x0, 0x0, 0x0, 0x0,
    0x0, 0x0, 0x1, 0xff, 0xf0, 0xc, 0xff, 0x50,
    0x0, 0x0, 0x0, 0x0, 0x0, 0x0, 0x1f, 0xff,
    0x0, 0x9f, 0xff, 0xb8, 0x76, 0x66, 0x66, 0x66,
    0x78, 0xae, 0xff, 0xd0, 0x2, 0xff, 0xff, 0xff,
    0xff, 0xff, 0xff, 0xff, 0xff, 0xff, 0xf7, 0x0,
    0x5, 0xff, 0xff, 0xff, 0xff, 0xff, 0xff, 0xff,
    0xff, 0xfa, 0x0, 0x0, 0x2, 0x8c, 0xef, 0xff,
    0xff, 0xff, 0xff, 0xec, 0x93, 0x0, 0x0, 0x0,
    0x0, 0x0, 0x0, 0x0, 0x0, 0x0, 0x0, 0x0,
    0x0, 0x0, 0x0, 0x0, 0x0, 0x0, 0x4, 0x0,
    0x0, 0x30, 0x0, 0x0, 0x0, 0x0, 0x0, 0x0,
    0x0, 0x9, 0xf6, 0x0, 0xcf, 0x30, 0x0, 0x0,
    0x0, 0x0, 0x0, 0x0, 0x4, 0xff, 0xf2, 0x8f,
    0xfe, 0x0, 0x0, 0x0, 0x0, 0x0, 0x0, 0x0,
    0x8, 0xf5, 0x0, 0xbe, 0x30, 0x0, 0x0, 0x0,
    0x0, 0x0, 0x0, 0x0, 0x2, 0x5, 0x10, 0x20,
    0x0, 0x0, 0x0, 0x0, 0x0, 0x0, 0x0, 0x0,
    0x6, 0xfe, 0x10, 0x0, 0x0, 0x0, 0x0, 0x0,
    0x0, 0x0, 0x0, 0x0, 0x4f, 0xc0, 0x0, 0x0,
    0x0, 0x0, 0x0, 0x0, 0x0, 0x0, 0x0, 0x0,
    0x30, 0x0, 0x0, 0x0, 0x0, 0x0,

    /* U+0686 "چ" */
    0x0, 0x0, 0x2, 0x67, 0x40, 0x0, 0x0, 0x0,
    0x0, 0x0, 0xa, 0xff, 0xff, 0xe6, 0x0, 0x0,
    0x0, 0x0, 0xc, 0xff, 0xff, 0xff, 0xfd, 0x40,
    0x0, 0x0, 0x7, 0xff, 0xff, 0xff, 0xff, 0xff,
    0xb2, 0x0, 0x0, 0x6f, 0xfb, 0x10, 0x4c, 0xff,
    0xff, 0xf9, 0x0, 0x0, 0x1a, 0x0, 0x0, 0x4,
    0xcf, 0xff, 0xf0, 0x0, 0x0, 0x0, 0x0, 0x1,
    0x59, 0xff, 0xfe, 0x0, 0x0, 0x0, 0x3, 0x9d,
    0xff, 0xff, 0xff, 0xc0, 0x0, 0x0, 0x5d, 0xff,
    0xff, 0xff, 0xff, 0xf8, 0x0, 0x0, 0x8f, 0xff,
    0xff, 0xff, 0xd9, 0x40, 0x0, 0x0, 0x7f, 0xff,
    0xff, 0xa6, 0x10, 0x0, 0x0, 0x0, 0x1f, 0xff,
    0xe5, 0x0, 0x6, 0xc4, 0x0, 0x0, 0x7, 0xff,
    0xe1, 0x2a, 0x20, 0xef, 0xa0, 0x0, 0x0, 0xbf,
    0xf7, 0xb, 0xfd, 0x14, 0xc2, 0x0, 0x0, 0xc,
    0xff, 0x40, 0x5d, 0x5c, 0xd4, 0x0, 0x0, 0x0,
    0xbf, 0xf6, 0x0, 0x3, 0xff, 0x40, 0x0, 0x0,
    0x7, 0xff, 0xd0, 0x0, 0x2, 0x80, 0x2, 0x75,
    0x0, 0x2f, 0xff, 0xc3, 0x0, 0x15, 0xae, 0xff,
    0xb0, 0x0, 0x9f, 0xff, 0xfe, 0xef, 0xff, 0xff,
    0xfe, 0x0, 0x0, 0xbf, 0xff, 0xff, 0xff, 0xff,
    0xff, 0xc1, 0x0, 0x0, 0x7f, 0xff, 0xff, 0xfd,
    0x95, 0x10, 0x0, 0x0, 0x0, 0x5, 0x77, 0x52,
    0x0, 0x0, 0x0,

    /* U+0698 "ژ" */
    0x0, 0x0, 0x30, 0x0, 0x0, 0x0, 0x5, 0xfc,
    0x0, 0x0, 0x0, 0x6, 0xfd, 0x10, 0x0, 0x0,
    0x20, 0x51, 0x2, 0x0, 0x8, 0xf4, 0x0, 0xce,
    0x20, 0x5f, 0xff, 0x19, 0xff, 0xd0, 0xa, 0xf5,
    0x1, 0xce, 0x30, 0x0, 0x30, 0x0, 0x12, 0x0,
    0x0, 0x0, 0x0, 0x0, 0x0, 0x0, 0x3, 0x9b,
    0x80, 0x0, 0x0, 0x5, 0xff, 0xb0, 0x0, 0x0,
    0x2, 0xff, 0xe0, 0x0, 0x0, 0x0, 0xff, 0xf0,
    0x0, 0x0, 0x0, 0xef, 0xf2, 0x0, 0x0, 0x0,
    0xcf, 0xf4, 0x0, 0x0, 0x0, 0x9f, 0xf6, 0x0,
    0x0, 0x0, 0x7f, 0xf8, 0x0, 0x0, 0x0, 0x8f,
    0xf9, 0x0, 0x0, 0x5, 0xff, 0xf6, 0x0, 0x49,
    0xef, 0xff, 0xf1, 0x0, 0xdf, 0xff, 0xff, 0x50,
    0x0, 0x9f, 0xff, 0xc3, 0x0, 0x0, 0x5e, 0x93,
    0x0, 0x0, 0x0, 0x0, 0x0, 0x0, 0x0, 0x0,

    /* U+06A1 "ڡ" */
    0x0, 0x0, 0x0, 0x0, 0x0, 0x0, 0x0, 0x0,
    0x0, 0x0, 0x0, 0x0, 0x0, 0x0, 0x0, 0x0,
    0x0, 0x0, 0x5, 0xcf, 0xfc, 0x50, 0x0, 0x0,
    0x0, 0x0, 0x0, 0x0, 0x0, 0x6, 0xff, 0xff,
    0xff, 0x70, 0x0, 0x0, 0x0, 0x0, 0x0, 0x0,
    0x0, 0xff, 0xff, 0xff, 0xff, 0x20, 0x0, 0x0,
    0x0, 0x0, 0x0, 0x0, 0x5f, 0xfb, 0x1, 0xcf,
    0xf9, 0x0, 0xb, 0xb6, 0x0, 0x0, 0x0, 0x7,
    0xff, 0x40, 0x3, 0xff, 0xc0, 0x0, 0xff, 0xf1,
    0x0, 0x0, 0x0, 0x7f, 0xf9, 0x0, 0x1f, 0xfe,
    0x0, 0x4f, 0xfd, 0x0, 0x0, 0x0, 0x4, 0xff,
    0xff, 0xff, 0xff, 0xf0, 0x8, 0xff, 0x90, 0x0,
    0x0, 0x0, 0xb, 0xff, 0xff, 0xff, 0xff, 0x0,
    0xbf, 0xf5, 0x0, 0x0, 0x0, 0x0, 0x9, 0xef,
    0xff, 0xff, 0xf1, 0xc, 0xff, 0x50, 0x0, 0x0,
    0x0, 0x0, 0x0, 0x11, 0x1d, 0xff, 0x20, 0x9f,
    0xff, 0xb8, 0x76, 0x66, 0x66, 0x66, 0x66, 0x79,
    0xff, 0xf1, 0x2, 0xff, 0xff, 0xff, 0xff, 0xff,
    0xff, 0xff, 0xff, 0xff, 0xfd, 0x0, 0x5, 0xff,
    0xff, 0xff, 0xff, 0xff, 0xff, 0xff, 0xff, 0xff,
    0x40, 0x0, 0x2, 0x8c, 0xef, 0xff, 0xff, 0xff,
    0xff, 0xfe, 0xc9, 0x20, 0x0,

    /* U+06A4 "ڤ" */
    0x0, 0x0, 0x0, 0x0, 0x0, 0x0, 0x0, 0x0,
    0x0, 0x0, 0x0, 0x0, 0x0, 0x0, 0x0, 0x0,
    0x0, 0x0, 0x0, 0x7, 0xc1, 0x0, 0x0, 0x0,
    0x0, 0x0, 0x0, 0x0, 0x0, 0x0, 0x2, 0xff,
    0x80, 0x0, 0x0, 0x0, 0x0, 0x0, 0x0, 0x0,
    0x0, 0x0, 0x6, 0xb0, 0x0, 0x0, 0x0, 0x0,
    0x0, 0x0, 0x0, 0x0, 0x0, 0xb5, 0x0, 0x1c,
    0x30, 0x0, 0x0, 0x0, 0x0, 0x0, 0x0, 0x0,
    0xbf, 0xf5, 0x1d, 0xfe, 0x20, 0x0, 0x0, 0x0,
    0x0, 0x0, 0x0, 0x9, 0xff, 0x30, 0xcf, 0xd1,
    0x0, 0x0, 0x0, 0x0, 0x0, 0x0, 0x0, 0x8,
    0x30, 0x0, 0xa1, 0x0, 0x0, 0x0, 0x0, 0x0,
    0x0, 0x0, 0x0, 0x0, 0x0, 0x0, 0x0, 0x0,
    0x0, 0x0, 0x0, 0x0, 0x0, 0x0, 0x5, 0xcf,
    0xfc, 0x50, 0x0, 0x0, 0x0, 0x0, 0x0, 0x0,
    0x0, 0x6, 0xff, 0xff, 0xff, 0x80, 0x0, 0x0,
    0x0, 0x0, 0x0, 0x0, 0x0, 0xff, 0xff, 0xff,
    0xff, 0x30, 0x0, 0x0, 0x0, 0x0, 0x0, 0x0,
    0x4f, 0xfb, 0x11, 0xcf, 0xf9, 0x0, 0xb, 0xb6,
    0x0, 0x0, 0x0, 0x7, 0xff, 0x50, 0x3, 0xff,
    0xc0, 0x0, 0xff, 0xf1, 0x0, 0x0, 0x0, 0x6f,
    0xf9, 0x0, 0x1f, 0xfe, 0x0, 0x4f, 0xfd, 0x0,
    0x0, 0x0, 0x3, 0xff, 0xff, 0xff, 0xff, 0xf0,
    0x8, 0xff, 0x90, 0x0, 0x0, 0x0, 0xb, 0xff,
    0xff, 0xff, 0xff, 0x10, 0xbf, 0xf5, 0x0, 0x0,
    0x0, 0x0, 0x8, 0xef, 0xff, 0xff, 0xf2, 0xc,
    0xff, 0x50, 0x0, 0x0, 0x0, 0x0, 0x0, 0x11,
    0x1c, 0xff, 0x20, 0x9f, 0xff, 0xb8, 0x76, 0x66,
    0x66, 0x66, 0x66, 0x79, 0xff, 0xf1, 0x2, 0xff,
    0xff, 0xff, 0xff, 0xff, 0xff, 0xff, 0xff, 0xff,
    0xfd, 0x0, 0x5, 0xff, 0xff, 0xff, 0xff, 0xff,
    0xff, 0xff, 0xff, 0xff, 0x40, 0x0, 0x2, 0x8c,
    0xef, 0xff, 0xff, 0xff, 0xff, 0xfe, 0xc9, 0x20,
    0x0,

    /* U+06A9 "ک" */
    0x0, 0x0, 0x0, 0x0, 0x0, 0x0, 0x0, 0x0,
    0x0, 0x0, 0x0, 0x0, 0x0, 0x0, 0x0, 0x0,
    0x0, 0x0, 0x0, 0x0, 0x0, 0x4a, 0xb0, 0x0,
    0x0, 0x0, 0x0, 0x0, 0x0, 0x0, 0x0, 0x28,
    0xef, 0xff, 0x20, 0x0, 0x0, 0x0, 0x0, 0x0,
    0x0, 0x17, 0xcf, 0xff, 0xff, 0xf7, 0x0, 0x0,
    0x0, 0x0, 0x0, 0x0, 0x2f, 0xff, 0xff, 0xff,
    0xe9, 0x20, 0x0, 0x0, 0x0, 0x0, 0x0, 0x7,
    0xff, 0xff, 0xfa, 0x40, 0x0, 0x0, 0x0, 0x0,
    0x0, 0x0, 0x0, 0xaf, 0xff, 0x70, 0x0, 0x0,
    0x0, 0x0, 0x0, 0x0, 0x0, 0x0, 0x3, 0xff,
    0xfa, 0x0, 0x0, 0x0, 0x0, 0x0, 0x0, 0x0,
    0x0, 0x0, 0x8, 0xff, 0xf5, 0x0, 0x0, 0x0,
    0xb, 0xa5, 0x0, 0x0, 0x0, 0x0, 0xc, 0xff,
    0xe1, 0x0, 0x0, 0x0, 0xff, 0xf1, 0x0, 0x0,
    0x0, 0x0, 0x2f, 0xff, 0xb0, 0x0, 0x0, 0x4f,
    0xfd, 0x0, 0x0, 0x0, 0x0, 0x0, 0x6f, 0xff,
    0x60, 0x0, 0x8, 0xff, 0x90, 0x0, 0x0, 0x0,
    0x0, 0x0, 0xaf, 0xfe, 0x0, 0x0, 0xbf, 0xf5,
    0x0, 0x0, 0x0, 0x0, 0x0, 0x1, 0xef, 0xf7,
    0x0, 0xc, 0xff, 0x50, 0x0, 0x0, 0x0, 0x0,
    0x0, 0x5, 0xff, 0xb0, 0x0, 0x9f, 0xff, 0xb8,
    0x76, 0x66, 0x66, 0x66, 0x66, 0xbf, 0xfc, 0x0,
    0x2, 0xff, 0xff, 0xff, 0xff, 0xff, 0xff, 0xff,
    0xff, 0xff, 0x90, 0x0, 0x5, 0xff, 0xff, 0xff,
    0xff, 0xff, 0xff, 0xff, 0xff, 0xe1, 0x0, 0x0,
    0x2, 0x8c, 0xef, 0xff, 0xff, 0xff, 0xff, 0xfe,
    0xa2, 0x0, 0x0,

    /* U+06AF "گ" */
    0x0, 0x0, 0x0, 0x0, 0x0, 0x0, 0x0, 0x0,
    0x0, 0x10, 0x0, 0x0, 0x0, 0x0, 0x0, 0x0,
    0x0, 0x0, 0x0, 0x17, 0xce, 0x0, 0x0, 0x0,
    0x0, 0x0, 0x0, 0x0, 0x0, 0x5, 0xbf, 0xff,
    0xf3, 0x0, 0x0, 0x0, 0x0, 0x0, 0x0, 0x0,
    0x0, 0xff, 0xfe, 0x83, 0x0, 0x0, 0x0, 0x0,
    0x0, 0x0, 0x0, 0x0, 0x9, 0xa4, 0x0, 0x4,
    0xab, 0x0, 0x0, 0x0, 0x0, 0x0, 0x0, 0x0,
    0x0, 0x2, 0x8e, 0xff, 0xf2, 0x0, 0x0, 0x0,
    0x0, 0x0, 0x0, 0x1, 0x7c, 0xff, 0xff, 0xff,
    0x70, 0x0, 0x0, 0x0, 0x0, 0x0, 0x2, 0xff,
    0xff, 0xff, 0xfe, 0x92, 0x0, 0x0, 0x0, 0x0,
    0x0, 0x0, 0x7f, 0xff, 0xff, 0xa4, 0x0, 0x0,
    0x0, 0x0, 0x0, 0x0, 0x0, 0xa, 0xff, 0xf7,
    0x0, 0x0, 0x0, 0x0, 0x0, 0x0, 0x0, 0x0,
    0x0, 0x3f, 0xff, 0xa0, 0x0, 0x0, 0x0, 0x0,
    0x0, 0x0, 0x0, 0x0, 0x0, 0x8f, 0xff, 0x50,
    0x0, 0x0, 0x0, 0xba, 0x50, 0x0, 0x0, 0x0,
    0x0, 0xcf, 0xfe, 0x10, 0x0, 0x0, 0xf, 0xff,
    0x10, 0x0, 0x0, 0x0, 0x2, 0xff, 0xfb, 0x0,
    0x0, 0x4, 0xff, 0xd0, 0x0, 0x0, 0x0, 0x0,
    0x6, 0xff, 0xf6, 0x0, 0x0, 0x8f, 0xf9, 0x0,
    0x0, 0x0, 0x0, 0x0, 0xa, 0xff, 0xe0, 0x0,
    0xb, 0xff, 0x50, 0x0, 0x0, 0x0, 0x0, 0x0,
    0x1e, 0xff, 0x70, 0x0, 0xcf, 0xf5, 0x0, 0x0,
    0x0, 0x0, 0x0, 0x0, 0x5f, 0xfb, 0x0, 0x9,
    0xff, 0xfb, 0x87, 0x66, 0x66, 0x66, 0x66, 0x6b,
    0xff, 0xc0, 0x0, 0x2f, 0xff, 0xff, 0xff, 0xff,
    0xff, 0xff, 0xff, 0xff, 0xf9, 0x0, 0x0, 0x5f,
    0xff, 0xff, 0xff, 0xff, 0xff, 0xff, 0xff, 0xfe,
    0x10, 0x0, 0x0, 0x28, 0xce, 0xff, 0xff, 0xff,
    0xff, 0xff, 0xea, 0x20, 0x0,

    /* U+06BA "ں" */
    0x0, 0x0, 0x0, 0x0, 0x0, 0x6, 0xac, 0x20,
    0x2, 0x0, 0x0, 0x0, 0x0, 0xc, 0xff, 0x40,
    0x1f, 0xd6, 0x0, 0x0, 0x0, 0x9, 0xff, 0x70,
    0x6f, 0xfc, 0x0, 0x0, 0x0, 0x7, 0xff, 0x90,
    0x9f, 0xf8, 0x0, 0x0, 0x0, 0x5, 0xff, 0xb0,
    0xbf, 0xf5, 0x0, 0x0, 0x0, 0x2, 0xff, 0xe0,
    0xcf, 0xf3, 0x0, 0x0, 0x0, 0x0, 0xff, 0xf0,
    0xbf, 0xf4, 0x0, 0x0, 0x0, 0x0, 0xef, 0xf1,
    0x9f, 0xf8, 0x0, 0x0, 0x0, 0x0, 0xff, 0xf1,
    0x5f, 0xff, 0x20, 0x0, 0x0, 0x4c, 0xff, 0xe0,
    0xe, 0xff, 0xfa, 0x79, 0xbf, 0xff, 0xff, 0x80,
    0x5, 0xff, 0xff, 0xff, 0xff, 0xff, 0xfa, 0x0,
    0x0, 0x7f, 0xff, 0xff, 0xff, 0xfd, 0x50, 0x0,
    0x0, 0x3, 0x9d, 0xed, 0xb7, 0x30, 0x0, 0x0,
    0x0, 0x0, 0x0, 0x0, 0x0, 0x0, 0x0, 0x0,

    /* U+06C0 "ۀ" */
    0x0, 0x1, 0x8a, 0x71, 0x0, 0x0, 0xd, 0xff,
    0xf1, 0x0, 0x0, 0x6f, 0x51, 0x40, 0x0, 0x0,
    0x9f, 0x62, 0x0, 0x0, 0x0, 0x5f, 0xff, 0xc1,
    0x0, 0x0, 0x1, 0x6a, 0xf5, 0x0, 0x0, 0x7f,
    0xff, 0xf3, 0x0, 0x0, 0x5c, 0xb9, 0x40, 0x0,
    0x0, 0x1, 0x30, 0x0, 0x0, 0x0, 0xb, 0xf4,
    0x0, 0x0, 0x0, 0xaf, 0xff, 0x50, 0x0, 0x0,
    0x9f, 0xff, 0xf6, 0x0, 0x4, 0xff, 0xff, 0xff,
    0x40, 0x1e, 0xff, 0xde, 0xff, 0xe0, 0x7f, 0xfe,
    0x12, 0xff, 0xf5, 0xbf, 0xf5, 0x0, 0x7f, 0xf8,
    0xcf, 0xf4, 0x0, 0x6f, 0xf9, 0x9f, 0xfd, 0x66,
    0xef, 0xf6, 0x3f, 0xff, 0xff, 0xff, 0xf1, 0x7,
    0xff, 0xff, 0xff, 0x50, 0x0, 0x4c, 0xff, 0xb3,
    0x0,

    /* U+06CC "ی" */
    0x0, 0x0, 0x0, 0x0, 0x0, 0x4, 0x41, 0x0,
    0x0, 0x0, 0x0, 0x0, 0x8, 0xff, 0xff, 0xd0,
    0x0, 0x0, 0x0, 0x0, 0xbf, 0xff, 0xff, 0xc0,
    0x0, 0x0, 0x0, 0x8, 0xff, 0xff, 0xff, 0x80,
    0x2, 0x0, 0x0, 0x1f, 0xff, 0xa2, 0x26, 0x30,
    0x1f, 0xd6, 0x0, 0x7f, 0xfd, 0x0, 0x0, 0x0,
    0x6f, 0xfc, 0x0, 0xbf, 0xf6, 0x0, 0x0, 0x0,
    0x9f, 0xf8, 0x0, 0xcf, 0xfb, 0x20, 0x0, 0x0,
    0xbf, 0xf5, 0x0, 0xaf, 0xff, 0xfc, 0x71, 0x0,
    0xcf, 0xf3, 0x0, 0x2e, 0xff, 0xff, 0xff, 0x60,
    0xbf, 0xf4, 0x0, 0x1, 0x9f, 0xff, 0xff, 0xf1,
    0x9f, 0xf8, 0x0, 0x0, 0x1, 0x5a, 0xff, 0xf4,
    0x5f, 0xff, 0x20, 0x0, 0x0, 0x49, 0xff, 0xf2,
    0xe, 0xff, 0xfa, 0x79, 0xbf, 0xff, 0xff, 0xb0,
    0x5, 0xff, 0xff, 0xff, 0xff, 0xff, 0xfb, 0x0,
    0x0, 0x7f, 0xff, 0xff, 0xff, 0xfd, 0x50, 0x0,
    0x0, 0x3, 0x9d, 0xed, 0xb7, 0x30, 0x0, 0x0,
    0x0, 0x0, 0x0, 0x0, 0x0, 0x0, 0x0, 0x0,

    /* U+06F0 "۰" */
    0x0, 0x0, 0x22, 0x0, 0x0, 0x0, 0x6e, 0xff,
    0xe6, 0x0, 0x8, 0xff, 0xff, 0xff, 0x80, 0x2f,
    0xff, 0xff, 0xff, 0xf2, 0x7f, 0xfb, 0x11, 0xbf,
    0xf7, 0x9f, 0xf5, 0x0, 0x5f, 0xf9, 0x7f, 0xfd,
    0x44, 0xdf, 0xf7, 0x1f, 0xff, 0xff, 0xff, 0xf1,
    0x5, 0xff, 0xff, 0xff, 0x50, 0x0, 0x4b, 0xff,
    0xb3, 0x0,

    /* U+06F1 "۱" */
    0x5a, 0xc6, 0x7, 0xff, 0x80, 0x6f, 0xfa, 0x4,
    0xff, 0xc0, 0x3f, 0xfd, 0x1, 0xff, 0xf0, 0xf,
    0xff, 0x0, 0xef, 0xf2, 0xc, 0xff, 0x30, 0xbf,
    0xf5, 0x9, 0xff, 0x60, 0x8f, 0xf8, 0x6, 0xff,
    0xa0, 0x5f, 0xfb, 0x3, 0xff, 0xd0, 0x2f, 0xfc,
    0x0, 0x10, 0x0,

    /* U+06F2 "۲" */
    0x48, 0xa5, 0x0, 0x5, 0x9b, 0x38, 0xff, 0x80,
    0x0, 0xaf, 0xf6, 0x6f, 0xfa, 0x0, 0x9, 0xff,
    0x74, 0xff, 0xb0, 0x0, 0x7f, 0xf9, 0x3f, 0xfd,
    0x0, 0x6, 0xff, 0xa1, 0xff, 0xf9, 0x66, 0xdf,
    0xf9, 0xf, 0xff, 0xff, 0xff, 0xff, 0x40, 0xef,
    0xff, 0xff, 0xff, 0x80, 0xd, 0xff, 0xdf, 0xfd,
    0x60, 0x0, 0xbf, 0xf5, 0x0, 0x0, 0x0, 0xa,
    0xff, 0x60, 0x0, 0x0, 0x0, 0x8f, 0xf8, 0x0,
    0x0, 0x0, 0x6, 0xff, 0x90, 0x0, 0x0, 0x0,
    0x5f, 0xfb, 0x0, 0x0, 0x0, 0x3, 0xff, 0xc0,
    0x0, 0x0, 0x0, 0x2f, 0xfe, 0x0, 0x0, 0x0,
    0x0, 0x32, 0x0, 0x0, 0x0, 0x0,

    /* U+06F3 "۳" */
    0x48, 0xa5, 0x0, 0x0, 0x2, 0x0, 0x17, 0x99,
    0x8, 0xff, 0x80, 0x1, 0xff, 0xf0, 0x1, 0xff,
    0xf0, 0x6f, 0xfa, 0x0, 0xf, 0xff, 0x0, 0xf,
    0xff, 0x4, 0xff, 0xb0, 0x0, 0xef, 0xf2, 0x0,
    0xef, 0xf2, 0x3f, 0xfe, 0x0, 0xd, 0xff, 0x40,
    0xd, 0xff, 0x31, 0xff, 0xfa, 0x69, 0xff, 0xfd,
    0x69, 0xff, 0xf2, 0xf, 0xff, 0xff, 0xff, 0xff,
    0xff, 0xff, 0xfc, 0x0, 0xef, 0xff, 0xff, 0xff,
    0xff, 0xff, 0xfe, 0x20, 0xd, 0xff, 0xef, 0xea,
    0x16, 0xdf, 0xea, 0x20, 0x0, 0xbf, 0xf5, 0x0,
    0x0, 0x0, 0x0, 0x0, 0x0, 0xa, 0xff, 0x60,
    0x0, 0x0, 0x0, 0x0, 0x0, 0x0, 0x8f, 0xf8,
    0x0, 0x0, 0x0, 0x0, 0x0, 0x0, 0x6, 0xff,
    0x90, 0x0, 0x0, 0x0, 0x0, 0x0, 0x0, 0x5f,
    0xfb, 0x0, 0x0, 0x0, 0x0, 0x0, 0x0, 0x3,
    0xff, 0xc0, 0x0, 0x0, 0x0, 0x0, 0x0, 0x0,
    0x2f, 0xfe, 0x0, 0x0, 0x0, 0x0, 0x0, 0x0,
    0x0, 0x31, 0x0, 0x0, 0x0, 0x0, 0x0, 0x0,
    0x0,

    /* U+06F4 "۴" */
    0x0, 0x0, 0x0, 0x6, 0xcf, 0xea, 0x50, 0x36,
    0x84, 0x0, 0xbf, 0xff, 0xff, 0xfa, 0x8f, 0xf8,
    0x8, 0xff, 0xff, 0xff, 0xf4, 0x6f, 0xfa, 0xe,
    0xff, 0xa4, 0x7d, 0xd0, 0x5f, 0xfb, 0x1f, 0xff,
    0x0, 0x0, 0x10, 0x3f, 0xfd, 0x1f, 0xff, 0x0,
    0x0, 0x0, 0x2f, 0xff, 0x9f, 0xff, 0xb6, 0x66,
    0x65, 0xf, 0xff, 0xff, 0xff, 0xff, 0xff, 0xfe,
    0xe, 0xff, 0xff, 0xff, 0xff, 0xff, 0xfe, 0xd,
    0xff, 0xff, 0xff, 0xff, 0xff, 0xfe, 0xb, 0xff,
    0x50, 0x0, 0x0, 0x0, 0x0, 0xa, 0xff, 0x60,
    0x0, 0x0, 0x0, 0x0, 0x8, 0xff, 0x80, 0x0,
    0x0, 0x0, 0x0, 0x7, 0xff, 0x90, 0x0, 0x0,
    0x0, 0x0, 0x5, 0xff, 0xb0, 0x0, 0x0, 0x0,
    0x0, 0x4, 0xff, 0xc0, 0x0, 0x0, 0x0, 0x0,
    0x2, 0xff, 0xe0, 0x0, 0x0, 0x0, 0x0, 0x0,
    0x31, 0x0, 0x0, 0x0, 0x0, 0x0,

    /* U+06F5 "۵" */
    0x0, 0x0, 0x0, 0x15, 0x0, 0x0, 0x0, 0x0,
    0x0, 0x0, 0x1, 0xef, 0x50, 0x0, 0x0, 0x0,
    0x0, 0x0, 0xc, 0xff, 0xf3, 0x0, 0x0, 0x0,
    0x0, 0x0, 0xa, 0xff, 0xfe, 0x20, 0x0, 0x0,
    0x0, 0x0, 0x7f, 0xff, 0xff, 0xd1, 0x0, 0x0,
    0x0, 0x4, 0xff, 0xfd, 0xff, 0xfc, 0x0, 0x0,
    0x0, 0x2f, 0xff, 0xe1, 0x7f, 0xff, 0xa0, 0x0,
    0x0, 0xdf, 0xff, 0x20, 0x9, 0xff, 0xf6, 0x0,
    0x7, 0xff, 0xf4, 0x0, 0x0, 0xcf, 0xff, 0x10,
    0xf, 0xff, 0x80, 0x0, 0x0, 0x1f, 0xff, 0x80,
    0x5f, 0xfe, 0x0, 0x0, 0x0, 0x7, 0xff, 0xd0,
    0x7f, 0xf9, 0x0, 0x0, 0x0, 0x1, 0xff, 0xf0,
    0x8f, 0xf7, 0x0, 0xcf, 0xf4, 0x0, 0xff, 0xf1,
    0x9f, 0xf7, 0x0, 0xcf, 0xf5, 0x0, 0xef, 0xf2,
    0x7f, 0xfe, 0x78, 0xff, 0xfd, 0x69, 0xff, 0xf0,
    0x2f, 0xff, 0xff, 0xff, 0xff, 0xff, 0xff, 0xb0,
    0x8, 0xff, 0xff, 0xff, 0xff, 0xff, 0xfe, 0x20,
    0x0, 0x5d, 0xff, 0xb2, 0x6d, 0xfe, 0xa1, 0x0,

    /* U+06F6 "۶" */
    0x0, 0x2, 0xa0, 0x0, 0x0, 0x0, 0x0, 0x6f,
    0xf5, 0x0, 0x0, 0x0, 0x7, 0xff, 0xfd, 0x0,
    0x0, 0x0, 0x1f, 0xff, 0xe6, 0x0, 0x19, 0x10,
    0x6f, 0xfe, 0x10, 0x0, 0xaf, 0xd3, 0x8f, 0xf8,
    0x0, 0x5, 0xff, 0xf6, 0x7f, 0xfc, 0x0, 0x2e,
    0xff, 0xb0, 0x3f, 0xff, 0xeb, 0xff, 0xff, 0x10,
    0xa, 0xff, 0xff, 0xff, 0xf6, 0x0, 0x0, 0xbf,
    0xff, 0xff, 0xb0, 0x0, 0x0, 0x4, 0xff, 0xfe,
    0x10, 0x0, 0x0, 0x6, 0xff, 0xf5, 0x0, 0x0,
    0x0, 0x2f, 0xff, 0xb0, 0x0, 0x0, 0x0, 0xbf,
    0xfe, 0x10, 0x0, 0x0, 0x6, 0xff, 0xf5, 0x0,
    0x0, 0x0, 0x2f, 0xff, 0xa0, 0x0, 0x0, 0x0,
    0x1c, 0xfe, 0x10, 0x0, 0x0, 0x0, 0x0, 0x84,
    0x0, 0x0, 0x0, 0x0,

    /* U+06F7 "۷" */
    0x0, 0x0, 0x0, 0x0, 0x0, 0x0, 0x0, 0x0,
    0x28, 0xd0, 0x0, 0x0, 0x0, 0x7b, 0x50, 0xe,
    0xff, 0x50, 0x0, 0x0, 0xd, 0xff, 0x50, 0x9f,
    0xfa, 0x0, 0x0, 0x3, 0xff, 0xf0, 0x3, 0xff,
    0xf1, 0x0, 0x0, 0x9f, 0xfa, 0x0, 0xd, 0xff,
    0x60, 0x0, 0xe, 0xff, 0x40, 0x0, 0x7f, 0xfc,
    0x0, 0x4, 0xff, 0xe0, 0x0, 0x2, 0xff, 0xf1,
    0x0, 0xaf, 0xf9, 0x0, 0x0, 0xc, 0xff, 0x70,
    0xf, 0xff, 0x30, 0x0, 0x0, 0x6f, 0xfd, 0x6,
    0xff, 0xd0, 0x0, 0x0, 0x1, 0xff, 0xf2, 0xbf,
    0xf7, 0x0, 0x0, 0x0, 0xb, 0xff, 0xaf, 0xff,
    0x20, 0x0, 0x0, 0x0, 0x5f, 0xff, 0xff, 0xc0,
    0x0, 0x0, 0x0, 0x0, 0xef, 0xff, 0xf6, 0x0,
    0x0, 0x0, 0x0, 0x9, 0xff, 0xff, 0x0, 0x0,
    0x0, 0x0, 0x0, 0x3f, 0xff, 0xa0, 0x0, 0x0,
    0x0, 0x0, 0x0, 0xef, 0xf4, 0x0, 0x0, 0x0,

    /* U+06F8 "۸" */
    0x0, 0x0, 0x0, 0xdf, 0xf5, 0x0, 0x0, 0x0,
    0x0, 0x0, 0x3f, 0xff, 0xb0, 0x0, 0x0, 0x0,
    0x0, 0x9, 0xff, 0xff, 0x10, 0x0, 0x0, 0x0,
    0x0, 0xef, 0xff, 0xf6, 0x0, 0x0, 0x0, 0x0,
    0x4f, 0xff, 0xff, 0xc0, 0x0, 0x0, 0x0, 0xa,
    0xff, 0xbf, 0xff, 0x20, 0x0, 0x0, 0x0, 0xff,
    0xf3, 0xcf, 0xf7, 0x0, 0x0, 0x0, 0x6f, 0xfd,
    0x6, 0xff, 0xd0, 0x0, 0x0, 0xb, 0xff, 0x80,
    0x1f, 0xff, 0x30, 0x0, 0x1, 0xff, 0xf2, 0x0,
    0xaf, 0xf9, 0x0, 0x0, 0x7f, 0xfc, 0x0, 0x5,
    0xff, 0xe0, 0x0, 0xd, 0xff, 0x70, 0x0, 0xe,
    0xff, 0x40, 0x3, 0xff, 0xf1, 0x0, 0x0, 0x9f,
    0xfa, 0x0, 0x8f, 0xfb, 0x0, 0x0, 0x3, 0xff,
    0xf0, 0xe, 0xff, 0x50, 0x0, 0x0, 0xe, 0xff,
    0x50, 0x39, 0xe0, 0x0, 0x0, 0x0, 0x8c, 0x60,
    0x0, 0x0, 0x0, 0x0, 0x0, 0x0, 0x0, 0x0,

    /* U+06F9 "۹" */
    0x0, 0x29, 0xef, 0xd7, 0x0, 0x0, 0x3, 0xef,
    0xff, 0xff, 0xc0, 0x0, 0xe, 0xff, 0xff, 0xff,
    0xf9, 0x0, 0x5f, 0xff, 0x85, 0xbf, 0xff, 0x0,
    0x8f, 0xf9, 0x0, 0xe, 0xff, 0x40, 0x8f, 0xf8,
    0x0, 0xa, 0xff, 0x60, 0x5f, 0xff, 0x84, 0x4b,
    0xff, 0x80, 0xe, 0xff, 0xff, 0xff, 0xff, 0xa0,
    0x3, 0xff, 0xff, 0xff, 0xff, 0xb0, 0x0, 0x2a,
    0xef, 0xff, 0xff, 0xd0, 0x0, 0x0, 0x0, 0x1,
    0xff, 0xf0, 0x0, 0x0, 0x0, 0x0, 0xff, 0xf0,
    0x0, 0x0, 0x0, 0x0, 0xef, 0xf2, 0x0, 0x0,
    0x0, 0x0, 0xcf, 0xf4, 0x0, 0x0, 0x0, 0x0,
    0xaf, 0xf6, 0x0, 0x0, 0x0, 0x0, 0x9f, 0xf6,
    0x0, 0x0, 0x0, 0x0, 0x11, 0x0,

    /* U+FB50 "ﭐ" */
    0x0, 0x0, 0x3c, 0xfa, 0x0, 0x0, 0x2f, 0xeb,
    0xf8, 0x0, 0xd, 0xd1, 0xd, 0xb0, 0x5e, 0xff,
    0xff, 0xf6, 0x2f, 0xeb, 0xbb, 0xa6, 0x0, 0x52,
    0x23, 0x30, 0x0, 0x0, 0xc, 0xff, 0x40, 0x0,
    0x0, 0xcf, 0xf4, 0x0, 0x0, 0xb, 0xff, 0x50,
    0x0, 0x0, 0xaf, 0xf5, 0x0, 0x0, 0xa, 0xff,
    0x60, 0x0, 0x0, 0x9f, 0xf7, 0x0, 0x0, 0x8,
    0xff, 0x70, 0x0, 0x0, 0x8f, 0xf8, 0x0, 0x0,
    0x7, 0xff, 0x80, 0x0, 0x0, 0x7f, 0xf9, 0x0,
    0x0, 0x6, 0xff, 0xa0, 0x0, 0x0, 0x5f, 0xfa,
    0x0, 0x0, 0x5, 0xff, 0xb0, 0x0, 0x0, 0x4f,
    0xfb, 0x0,

    /* U+FB51 "ﭑ" */
    0x0, 0x0, 0x5, 0x95, 0x0, 0x0, 0x8, 0xff,
    0xf6, 0x0, 0x5, 0xfa, 0x1c, 0xc0, 0x1, 0xed,
    0x0, 0xcd, 0x6, 0xff, 0xff, 0xff, 0x71, 0xfe,
    0xbb, 0xbb, 0x60, 0x3, 0x21, 0x10, 0x0, 0x0,
    0x5, 0xff, 0xa0, 0x0, 0x0, 0x5f, 0xfa, 0x0,
    0x0, 0x4, 0xff, 0xb0, 0x0, 0x0, 0x4f, 0xfc,
    0x0, 0x0, 0x3, 0xff, 0xc0, 0x0, 0x0, 0x2f,
    0xfd, 0x0, 0x0, 0x2, 0xff, 0xe0, 0x0, 0x0,
    0x1f, 0xfe, 0x0, 0x0, 0x0, 0xff, 0xf0, 0x0,
    0x0, 0xf, 0xff, 0x0, 0x0, 0x0, 0xdf, 0xfa,
    0x60, 0x0, 0x8, 0xff, 0xff, 0x0, 0x0, 0x1e,
    0xff, 0xf0, 0x0, 0x0, 0x2a, 0xef, 0x0,

    /* U+FB56 "ﭖ" */
    0x0, 0x0, 0x0, 0x0, 0x0, 0x0, 0x0, 0x0,
    0x0, 0x0, 0x0, 0x0, 0xb, 0xa5, 0x0, 0x0,
    0x0, 0x0, 0x0, 0x0, 0x5, 0xae, 0x0, 0x0,
    0xff, 0xf1, 0x0, 0x0, 0x0, 0x0, 0x0, 0x0,
    0xdf, 0xf4, 0x0, 0x4f, 0xfd, 0x0, 0x0, 0x0,
    0x0, 0x0, 0x0, 0x9, 0xff, 0x90, 0x8, 0xff,
    0x90, 0x0, 0x0, 0x0, 0x0, 0x0, 0x0, 0x5f,
    0xfd, 0x0, 0xbf, 0xf5, 0x0, 0x0, 0x0, 0x0,
    0x0, 0x0, 0x1, 0xff, 0xf0, 0xc, 0xff, 0x50,
    0x0, 0x0, 0x0, 0x0, 0x0, 0x0, 0x1f, 0xff,
    0x0, 0x9f, 0xff, 0xb8, 0x76, 0x66, 0x66, 0x66,
    0x78, 0xae, 0xff, 0xd0, 0x2, 0xff, 0xff, 0xff,
    0xff, 0xff, 0xff, 0xff, 0xff, 0xff, 0xf7, 0x0,
    0x5, 0xff, 0xff, 0xff, 0xff, 0xff, 0xff, 0xff,
    0xff, 0xfa, 0x0, 0x0, 0x2, 0x8c, 0xef, 0xff,
    0xff, 0xff, 0xff, 0xec, 0x93, 0x0, 0x0, 0x0,
    0x0, 0x0, 0x0, 0x0, 0x0, 0x0, 0x0, 0x0,
    0x0, 0x0, 0x0, 0x0, 0x0, 0x0, 0x4, 0x0,
    0x0, 0x30, 0x0, 0x0, 0x0, 0x0, 0x0, 0x0,
    0x0, 0x9, 0xf6, 0x0, 0xcf, 0x30, 0x0, 0x0,
    0x0, 0x0, 0x0, 0x0, 0x4, 0xff, 0xf2, 0x8f,
    0xfe, 0x0, 0x0, 0x0, 0x0, 0x0, 0x0, 0x0,
    0x8, 0xf5, 0x0, 0xbe, 0x30, 0x0, 0x0, 0x0,
    0x0, 0x0, 0x0, 0x0, 0x2, 0x5, 0x10, 0x20,
    0x0, 0x0, 0x0, 0x0, 0x0, 0x0, 0x0, 0x0,
    0x6, 0xfe, 0x10, 0x0, 0x0, 0x0, 0x0, 0x0,
    0x0, 0x0, 0x0, 0x0, 0x4f, 0xc0, 0x0, 0x0,
    0x0, 0x0, 0x0, 0x0, 0x0, 0x0, 0x0, 0x0,
    0x30, 0x0, 0x0, 0x0, 0x0, 0x0,

    /* U+FB57 "ﭗ" */
    0x0, 0x0, 0x0, 0x0, 0x0, 0x0, 0x0, 0x0,
    0x0, 0x0, 0x0, 0x0, 0x0, 0xba, 0x50, 0x0,
    0x0, 0x0, 0x0, 0x0, 0x0, 0x0, 0x0, 0x0,
    0x0, 0xff, 0xf1, 0x0, 0x0, 0x0, 0x0, 0x0,
    0x0, 0x0, 0x0, 0x0, 0x4, 0xff, 0xd0, 0x0,
    0x0, 0x0, 0x0, 0x0, 0x0, 0x28, 0xa8, 0x0,
    0x8, 0xff, 0x90, 0x0, 0x0, 0x0, 0x0, 0x0,
    0x0, 0x3f, 0xfd, 0x0, 0xb, 0xff, 0x50, 0x0,
    0x0, 0x0, 0x0, 0x0, 0x0, 0x1f, 0xff, 0x0,
    0xc, 0xff, 0x50, 0x0, 0x0, 0x0, 0x0, 0x0,
    0x0, 0xf, 0xff, 0x10, 0x9, 0xff, 0xfb, 0x87,
    0x66, 0x66, 0x66, 0x66, 0x66, 0xaf, 0xff, 0xb3,
    0x2, 0xff, 0xff, 0xff, 0xff, 0xff, 0xff, 0xff,
    0xff, 0xff, 0xff, 0xf9, 0x0, 0x5f, 0xff, 0xff,
    0xff, 0xff, 0xff, 0xff, 0xff, 0xff, 0xff, 0xf9,
    0x0, 0x2, 0x8c, 0xef, 0xff, 0xff, 0xff, 0xff,
    0xff, 0xd9, 0x29, 0xd8, 0x0, 0x0, 0x0, 0x0,
    0x0, 0x0, 0x0, 0x0, 0x0, 0x0, 0x0, 0x0,
    0x0, 0x0, 0x0, 0x0, 0x3, 0x0, 0x0, 0x20,
    0x0, 0x0, 0x0, 0x0, 0x0, 0x0, 0x0, 0x0,
    0x8f, 0x50, 0xb, 0xe3, 0x0, 0x0, 0x0, 0x0,
    0x0, 0x0, 0x0, 0x5, 0xff, 0xf2, 0x8f, 0xfe,
    0x0, 0x0, 0x0, 0x0, 0x0, 0x0, 0x0, 0x0,
    0x9f, 0x60, 0xc, 0xf3, 0x0, 0x0, 0x0, 0x0,
    0x0, 0x0, 0x0, 0x0, 0x3, 0x4, 0x10, 0x30,
    0x0, 0x0, 0x0, 0x0, 0x0, 0x0, 0x0, 0x0,
    0x0, 0x5f, 0xd1, 0x0, 0x0, 0x0, 0x0, 0x0,
    0x0, 0x0, 0x0, 0x0, 0x0, 0x4f, 0xd1, 0x0,
    0x0, 0x0, 0x0, 0x0, 0x0, 0x0, 0x0, 0x0,
    0x0, 0x4, 0x10, 0x0, 0x0, 0x0, 0x0, 0x0,

    /* U+FB58 "ﭘ" */
    0x0, 0x0, 0x0, 0x0, 0x0, 0x0, 0x0, 0x0,
    0x0, 0x27, 0xc8, 0x0, 0x0, 0x0, 0x0, 0x5f,
    0xfc, 0x0, 0x0, 0x0, 0x0, 0x1f, 0xff, 0x0,
    0x0, 0x0, 0x0, 0xd, 0xff, 0x40, 0x0, 0x0,
    0x0, 0x9, 0xff, 0x80, 0x0, 0x0, 0x0, 0x8,
    0xff, 0x90, 0x0, 0x66, 0x66, 0x8f, 0xff, 0x70,
    0x2, 0xff, 0xff, 0xff, 0xff, 0x20, 0x2, 0xff,
    0xff, 0xff, 0xf6, 0x0, 0x2, 0xff, 0xff, 0xea,
    0x30, 0x0, 0x0, 0x0, 0x0, 0x0, 0x0, 0x0,
    0x0, 0x20, 0x0, 0x11, 0x0, 0x0, 0xb, 0xe3,
    0x1, 0xdc, 0x10, 0x0, 0x8f, 0xfe, 0xc, 0xff,
    0xa0, 0x0, 0xc, 0xf3, 0x2, 0xed, 0x10, 0x0,
    0x0, 0x30, 0x50, 0x21, 0x0, 0x0, 0x0, 0x8,
    0xfa, 0x0, 0x0, 0x0, 0x0, 0x8, 0xfa, 0x0,
    0x0, 0x0, 0x0, 0x0, 0x50, 0x0, 0x0, 0x0,

    /* U+FB59 "ﭙ" */
    0x0, 0x0, 0x0, 0x49, 0xa5, 0x0, 0x0, 0x0,
    0x0, 0x8f, 0xf8, 0x0, 0x0, 0x0, 0x0, 0x6f,
    0xf9, 0x0, 0x0, 0x0, 0x0, 0x5f, 0xfb, 0x0,
    0x6, 0x66, 0x66, 0xcf, 0xff, 0x81, 0x2f, 0xff,
    0xff, 0xff, 0xff, 0xf4, 0x2f, 0xff, 0xff, 0xff,
    0xff, 0xf4, 0x2f, 0xff, 0xff, 0xc6, 0x3b, 0xe3,
    0x0, 0x0, 0x0, 0x0, 0x0, 0x0, 0x0, 0x12,
    0x0, 0x2, 0x0, 0x0, 0x1, 0xde, 0x20, 0x3e,
    0xc0, 0x0, 0xa, 0xff, 0xc0, 0xdf, 0xf8, 0x0,
    0x1, 0xcd, 0x20, 0x2e, 0xb0, 0x0, 0x0, 0x11,
    0x6, 0x2, 0x0, 0x0, 0x0, 0x0, 0xbf, 0xa0,
    0x0, 0x0, 0x0, 0x0, 0x8f, 0x70, 0x0, 0x0,
    0x0, 0x0, 0x4, 0x0, 0x0, 0x0,

    /* U+FB6A "ﭪ" */
    0x0, 0x0, 0x0, 0x0, 0x0, 0x0, 0x0, 0x0,
    0x0, 0x0, 0x0, 0x0, 0x0, 0x0, 0x0, 0x0,
    0x0, 0x0, 0x0, 0x7, 0xc1, 0x0, 0x0, 0x0,
    0x0, 0x0, 0x0, 0x0, 0x0, 0x0, 0x2, 0xff,
    0x80, 0x0, 0x0, 0x0, 0x0, 0x0, 0x0, 0x0,
    0x0, 0x0, 0x6, 0xb0, 0x0, 0x0, 0x0, 0x0,
    0x0, 0x0, 0x0, 0x0, 0x0, 0xb5, 0x0, 0x1c,
    0x30, 0x0, 0x0, 0x0, 0x0, 0x0, 0x0, 0x0,
    0xbf, 0xf5, 0x1d, 0xfe, 0x20, 0x0, 0x0, 0x0,
    0x0, 0x0, 0x0, 0x9, 0xff, 0x30, 0xcf, 0xd1,
    0x0, 0x0, 0x0, 0x0, 0x0, 0x0, 0x0, 0x8,
    0x30, 0x0, 0xa1, 0x0, 0x0, 0x0, 0x0, 0x0,
    0x0, 0x0, 0x0, 0x0, 0x0, 0x0, 0x0, 0x0,
    0x0, 0x0, 0x0, 0x0, 0x0, 0x0, 0x5, 0xcf,
    0xfc, 0x50, 0x0, 0x0, 0x0, 0x0, 0x0, 0x0,
    0x0, 0x6, 0xff, 0xff, 0xff, 0x80, 0x0, 0x0,
    0x0, 0x0, 0x0, 0x0, 0x0, 0xff, 0xff, 0xff,
    0xff, 0x30, 0x0, 0x0, 0x0, 0x0, 0x0, 0x0,
    0x4f, 0xfb, 0x11, 0xcf, 0xf9, 0x0, 0xb, 0xb6,
    0x0, 0x0, 0x0, 0x7, 0xff, 0x50, 0x3, 0xff,
    0xc0, 0x0, 0xff, 0xf1, 0x0, 0x0, 0x0, 0x6f,
    0xf9, 0x0, 0x1f, 0xfe, 0x0, 0x4f, 0xfd, 0x0,
    0x0, 0x0, 0x3, 0xff, 0xff, 0xff, 0xff, 0xf0,
    0x8, 0xff, 0x90, 0x0, 0x0, 0x0, 0xb, 0xff,
    0xff, 0xff, 0xff, 0x10, 0xbf, 0xf5, 0x0, 0x0,
    0x0, 0x0, 0x8, 0xef, 0xff, 0xff, 0xf2, 0xc,
    0xff, 0x50, 0x0, 0x0, 0x0, 0x0, 0x0, 0x11,
    0x1c, 0xff, 0x20, 0x9f, 0xff, 0xb8, 0x76, 0x66,
    0x66, 0x66, 0x66, 0x79, 0xff, 0xf1, 0x2, 0xff,
    0xff, 0xff, 0xff, 0xff, 0xff, 0xff, 0xff, 0xff,
    0xfd, 0x0, 0x5, 0xff, 0xff, 0xff, 0xff, 0xff,
    0xff, 0xff, 0xff, 0xff, 0x40, 0x0, 0x2, 0x8c,
    0xef, 0xff, 0xff, 0xff, 0xff, 0xfe, 0xc9, 0x20,
    0x0,

    /* U+FB6B "ﭫ" */
    0x0, 0x0, 0x0, 0x0, 0x0, 0x0, 0x0, 0x0,
    0x0, 0x0, 0x0, 0x0, 0x0, 0x0, 0x0, 0x0,
    0x0, 0x0, 0x0, 0x0, 0x1d, 0x90, 0x0, 0x0,
    0x0, 0x0, 0x0, 0x0, 0x0, 0x0, 0x0, 0x0,
    0x8f, 0xf3, 0x0, 0x0, 0x0, 0x0, 0x0, 0x0,
    0x0, 0x0, 0x0, 0x0, 0x9, 0x50, 0x0, 0x0,
    0x0, 0x0, 0x0, 0x0, 0x0, 0x0, 0x0, 0x3d,
    0x20, 0x6, 0xc0, 0x0, 0x0, 0x0, 0x0, 0x0,
    0x0, 0x0, 0x3, 0xff, 0xe2, 0x6f, 0xfc, 0x0,
    0x0, 0x0, 0x0, 0x0, 0x0, 0x0, 0x1, 0xcf,
    0xb0, 0x2e, 0xf8, 0x0, 0x0, 0x0, 0x0, 0x0,
    0x0, 0x0, 0x0, 0x8, 0x0, 0x2, 0x70, 0x0,
    0x0, 0x0, 0x0, 0x0, 0x0, 0x0, 0x0, 0x0,
    0x1, 0x0, 0x0, 0x0, 0x0, 0x0, 0x0, 0x0,
    0x0, 0x0, 0x0, 0x8, 0xef, 0xfc, 0x20, 0x0,
    0x0, 0xba, 0x50, 0x0, 0x0, 0x0, 0x0, 0xcf,
    0xff, 0xff, 0xf3, 0x0, 0x0, 0xff, 0xf1, 0x0,
    0x0, 0x0, 0x7, 0xff, 0xff, 0xff, 0xfc, 0x0,
    0x4, 0xff, 0xd0, 0x0, 0x0, 0x0, 0xd, 0xff,
    0xc5, 0x8f, 0xff, 0x30, 0x8, 0xff, 0x90, 0x0,
    0x0, 0x0, 0xf, 0xff, 0x10, 0xb, 0xff, 0x50,
    0xb, 0xff, 0x50, 0x0, 0x0, 0x0, 0x1f, 0xff,
    0x0, 0xa, 0xff, 0x50, 0xc, 0xff, 0x50, 0x0,
    0x0, 0x0, 0xe, 0xff, 0xb4, 0x8f, 0xff, 0x30,
    0x9, 0xff, 0xfb, 0x87, 0x66, 0x66, 0x6b, 0xff,
    0xff, 0xff, 0xfe, 0x63, 0x2, 0xff, 0xff, 0xff,
    0xff, 0xff, 0xff, 0xff, 0xff, 0xff, 0xff, 0xf8,
    0x0, 0x5f, 0xff, 0xff, 0xff, 0xff, 0xff, 0xff,
    0xff, 0xff, 0xff, 0xf8, 0x0, 0x2, 0x8c, 0xef,
    0xff, 0xff, 0xfe, 0xda, 0x62, 0x6a, 0xdf, 0xf8,

    /* U+FB6C "ﭬ" */
    0x0, 0x0, 0x0, 0x0, 0x0, 0x0, 0x0, 0x0,
    0x4, 0xe3, 0x0, 0x0, 0x0, 0x0, 0xd, 0xfc,
    0x0, 0x0, 0x0, 0x0, 0x2, 0xc1, 0x0, 0x0,
    0x0, 0x8, 0x90, 0x0, 0xb6, 0x0, 0x0, 0x7f,
    0xf9, 0xb, 0xff, 0x60, 0x0, 0x5f, 0xf7, 0x8,
    0xff, 0x40, 0x0, 0x5, 0x60, 0x0, 0x73, 0x0,
    0x0, 0x0, 0x0, 0x0, 0x0, 0x0, 0x0, 0x2,
    0xae, 0xfe, 0x90, 0x0, 0x0, 0x1e, 0xff, 0xff,
    0xfd, 0x0, 0x0, 0x9f, 0xff, 0xff, 0xff, 0x90,
    0x0, 0xef, 0xf3, 0x7, 0xff, 0xf0, 0x1, 0xff,
    0xa0, 0x0, 0xdf, 0xf2, 0x1, 0xff, 0xe2, 0x0,
    0xbf, 0xf4, 0x0, 0xef, 0xff, 0xff, 0xff, 0xf5,
    0x0, 0x5f, 0xff, 0xff, 0xff, 0xf6, 0x0, 0x5,
    0xdf, 0xff, 0xff, 0xf7, 0x0, 0x0, 0x0, 0x11,
    0x7f, 0xf8, 0x6, 0x66, 0x66, 0x68, 0xef, 0xf7,
    0x2f, 0xff, 0xff, 0xff, 0xff, 0xf3, 0x2f, 0xff,
    0xff, 0xff, 0xff, 0xa0, 0x2f, 0xff, 0xff, 0xfd,
    0xa5, 0x0,

    /* U+FB6D "ﭭ" */
    0x0, 0x0, 0x0, 0x0, 0x0, 0x0, 0x0, 0x0,
    0x0, 0x9, 0xa0, 0x0, 0x0, 0x0, 0x0, 0x4,
    0xff, 0x60, 0x0, 0x0, 0x0, 0x0, 0x8, 0x90,
    0x0, 0x0, 0x0, 0x1, 0xc3, 0x0, 0x2c, 0x10,
    0x0, 0x0, 0xcf, 0xf3, 0x2e, 0xfd, 0x10, 0x0,
    0xb, 0xfe, 0x21, 0xdf, 0xc0, 0x0, 0x0, 0x9,
    0x20, 0x1, 0x90, 0x0, 0x0, 0x0, 0x0, 0x11,
    0x0, 0x0, 0x0, 0x0, 0x4, 0xdf, 0xfe, 0x60,
    0x0, 0x0, 0x6, 0xff, 0xff, 0xff, 0x70, 0x0,
    0x2, 0xff, 0xff, 0xff, 0xff, 0x20, 0x0, 0x7f,
    0xfe, 0x65, 0xef, 0xf8, 0x0, 0xa, 0xff, 0x70,
    0x5, 0xff, 0xb0, 0x0, 0xbf, 0xf5, 0x0, 0x5f,
    0xfb, 0x0, 0x9, 0xff, 0xe5, 0x6e, 0xff, 0x90,
    0x6, 0x8f, 0xff, 0xff, 0xff, 0xf8, 0x52, 0xff,
    0xff, 0xff, 0xff, 0xff, 0xfe, 0x2f, 0xff, 0xff,
    0xff, 0xff, 0xff, 0xe2, 0xff, 0xdc, 0x83, 0x48,
    0xce, 0xfe,

    /* U+FB7A "ﭺ" */
    0x0, 0x0, 0x2, 0x67, 0x40, 0x0, 0x0, 0x0,
    0x0, 0x0, 0xa, 0xff, 0xff, 0xe6, 0x0, 0x0,
    0x0, 0x0, 0xc, 0xff, 0xff, 0xff, 0xfd, 0x40,
    0x0, 0x0, 0x7, 0xff, 0xff, 0xff, 0xff, 0xff,
    0xb2, 0x0, 0x0, 0x6f, 0xfb, 0x10, 0x4c, 0xff,
    0xff, 0xf9, 0x0, 0x0, 0x1a, 0x0, 0x0, 0x4,
    0xcf, 0xff, 0xf0, 0x0, 0x0, 0x0, 0x0, 0x1,
    0x59, 0xff, 0xfe, 0x0, 0x0, 0x0, 0x3, 0x9d,
    0xff, 0xff, 0xff, 0xc0, 0x0, 0x0, 0x5d, 0xff,
    0xff, 0xff, 0xff, 0xf8, 0x0, 0x0, 0x8f, 0xff,
    0xff, 0xff, 0xd9, 0x40, 0x0, 0x0, 0x7f, 0xff,
    0xff, 0xa6, 0x10, 0x0, 0x0, 0x0, 0x1f, 0xff,
    0xe5, 0x0, 0x6, 0xc4, 0x0, 0x0, 0x7, 0xff,
    0xe1, 0x2a, 0x20, 0xef, 0xa0, 0x0, 0x0, 0xbf,
    0xf7, 0xb, 0xfd, 0x14, 0xc2, 0x0, 0x0, 0xc,
    0xff, 0x40, 0x5d, 0x5c, 0xd4, 0x0, 0x0, 0x0,
    0xbf, 0xf6, 0x0, 0x3, 0xff, 0x40, 0x0, 0x0,
    0x7, 0xff, 0xd0, 0x0, 0x2, 0x80, 0x2, 0x75,
    0x0, 0x2f, 0xff, 0xc3, 0x0, 0x15, 0xae, 0xff,
    0xb0, 0x0, 0x9f, 0xff, 0xfe, 0xef, 0xff, 0xff,
    0xfe, 0x0, 0x0, 0xbf, 0xff, 0xff, 0xff, 0xff,
    0xff, 0xc1, 0x0, 0x0, 0x7f, 0xff, 0xff, 0xfd,
    0x95, 0x10, 0x0, 0x0, 0x0, 0x5, 0x77, 0x52,
    0x0, 0x0, 0x0,

    /* U+FB7B "ﭻ" */
    0x0, 0x0, 0x2, 0x67, 0x40, 0x0, 0x0, 0x0,
    0x0, 0x0, 0x0, 0xaf, 0xff, 0xfe, 0x60, 0x0,
    0x0, 0x0, 0x0, 0xc, 0xff, 0xff, 0xff, 0xfd,
    0x40, 0x0, 0x0, 0x0, 0x7f, 0xff, 0xff, 0xff,
    0xff, 0xfb, 0x20, 0x0, 0x0, 0x6f, 0xfb, 0x10,
    0x4c, 0xff, 0xff, 0xf9, 0x0, 0x0, 0x1, 0xa0,
    0x0, 0x0, 0x4c, 0xff, 0xff, 0x0, 0x0, 0x0,
    0x0, 0x0, 0x1, 0x59, 0xff, 0xfe, 0x0, 0x0,
    0x0, 0x0, 0x39, 0xdf, 0xff, 0xff, 0xfc, 0x0,
    0x0, 0x0, 0x5d, 0xff, 0xff, 0xff, 0xff, 0xf9,
    0x0, 0x0, 0x8, 0xff, 0xff, 0xff, 0xfd, 0xef,
    0xfe, 0x75, 0x0, 0x7f, 0xff, 0xff, 0xa6, 0x10,
    0x5f, 0xff, 0xfd, 0x1, 0xff, 0xfe, 0x50, 0x0,
    0xb7, 0x8, 0xff, 0xfd, 0x7, 0xff, 0xe1, 0x75,
    0x5, 0xff, 0x30, 0x4b, 0xed, 0xb, 0xff, 0x72,
    0xff, 0x52, 0x9a, 0x0, 0x0, 0x0, 0xc, 0xff,
    0x42, 0xbe, 0x4f, 0x80, 0x0, 0x0, 0x0, 0xb,
    0xff, 0x60, 0x1, 0xbf, 0xd0, 0x0, 0x0, 0x0,
    0x7, 0xff, 0xd0, 0x0, 0x18, 0x40, 0x2, 0x75,
    0x0, 0x2, 0xff, 0xfc, 0x30, 0x1, 0x5a, 0xef,
    0xfb, 0x0, 0x0, 0x9f, 0xff, 0xfe, 0xef, 0xff,
    0xff, 0xfe, 0x0, 0x0, 0xb, 0xff, 0xff, 0xff,
    0xff, 0xff, 0xfc, 0x10, 0x0, 0x0, 0x7f, 0xff,
    0xff, 0xfd, 0x95, 0x10, 0x0, 0x0, 0x0, 0x0,
    0x57, 0x75, 0x20, 0x0, 0x0, 0x0,

    /* U+FB7C "ﭼ" */
    0x0, 0x0, 0x0, 0x0, 0x0, 0x0, 0x0, 0x0,
    0x0, 0x0, 0x7, 0xbc, 0x93, 0x0, 0x0, 0x0,
    0x0, 0x2, 0xef, 0xff, 0xff, 0xa1, 0x0, 0x0,
    0x0, 0x1e, 0xff, 0xff, 0xff, 0xff, 0x80, 0x0,
    0x0, 0x9f, 0xff, 0xdb, 0xff, 0xff, 0xfe, 0x50,
    0x0, 0x2c, 0xf8, 0x0, 0x8, 0xff, 0xff, 0xfb,
    0x0, 0x0, 0x50, 0x0, 0x0, 0x18, 0xff, 0xfc,
    0x0, 0x0, 0x0, 0x0, 0x36, 0xae, 0xff, 0xfb,
    0x6, 0x67, 0x89, 0xcf, 0xff, 0xff, 0xff, 0xf9,
    0x2f, 0xff, 0xff, 0xff, 0xff, 0xff, 0xfe, 0xa3,
    0x2f, 0xff, 0xff, 0xff, 0xff, 0xc7, 0x30, 0x0,
    0x2f, 0xff, 0xec, 0xa7, 0x40, 0x0, 0x0, 0x0,
    0x0, 0x0, 0x0, 0x0, 0x0, 0x0, 0x0, 0x0,
    0x0, 0x0, 0x0, 0x30, 0x0, 0x3, 0x0, 0x0,
    0x0, 0x0, 0x8, 0xf6, 0x0, 0xbf, 0x30, 0x0,
    0x0, 0x0, 0x4f, 0xff, 0x28, 0xff, 0xe0, 0x0,
    0x0, 0x0, 0x8, 0xf6, 0x0, 0xbf, 0x30, 0x0,
    0x0, 0x0, 0x0, 0x30, 0x51, 0x2, 0x0, 0x0,
    0x0, 0x0, 0x0, 0x5, 0xfd, 0x10, 0x0, 0x0,
    0x0, 0x0, 0x0, 0x4, 0xfc, 0x10, 0x0, 0x0,
    0x0, 0x0, 0x0, 0x0, 0x31, 0x0, 0x0, 0x0,

    /* U+FB7D "ﭽ" */
    0x0, 0x0, 0x0, 0x0, 0x0, 0x0, 0x0, 0x0,
    0x0, 0x0, 0x0, 0x4c, 0xff, 0xd6, 0x0, 0x0,
    0x0, 0x0, 0x0, 0x7, 0xff, 0xff, 0xff, 0xe6,
    0x0, 0x0, 0x0, 0x0, 0x4f, 0xff, 0xff, 0xff,
    0xff, 0xd5, 0x0, 0x0, 0x0, 0xcf, 0xfe, 0x76,
    0xcf, 0xff, 0xff, 0xc3, 0x0, 0x0, 0x9, 0xf3,
    0x0, 0x3, 0xaf, 0xff, 0xfc, 0x0, 0x0, 0x0,
    0x10, 0x0, 0x0, 0x18, 0xff, 0xfa, 0x0, 0x0,
    0x0, 0x0, 0x25, 0x9d, 0xff, 0xff, 0xf8, 0x0,
    0x7, 0x89, 0xbe, 0xff, 0xff, 0xff, 0xff, 0xfb,
    0x63, 0x2f, 0xff, 0xff, 0xff, 0xff, 0xff, 0xef,
    0xff, 0xf8, 0x2f, 0xff, 0xff, 0xff, 0xd9, 0x40,
    0x4f, 0xff, 0xf8, 0x2f, 0xfd, 0xc9, 0x62, 0x0,
    0x0, 0x3, 0xbf, 0xf8, 0x0, 0x0, 0x0, 0x0,
    0x0, 0x0, 0x0, 0x0, 0x0, 0x0, 0x0, 0x0,
    0x30, 0x0, 0x21, 0x0, 0x0, 0x0, 0x0, 0x0,
    0xc, 0xf3, 0x2, 0xed, 0x10, 0x0, 0x0, 0x0,
    0x0, 0x8f, 0xfe, 0xc, 0xff, 0xa0, 0x0, 0x0,
    0x0, 0x0, 0xb, 0xe2, 0x1, 0xdc, 0x10, 0x0,
    0x0, 0x0, 0x0, 0x0, 0x20, 0x70, 0x11, 0x0,
    0x0, 0x0, 0x0, 0x0, 0x0, 0x9, 0xfb, 0x0,
    0x0, 0x0, 0x0, 0x0, 0x0, 0x0, 0x6, 0xf9,
    0x0, 0x0, 0x0, 0x0, 0x0, 0x0, 0x0, 0x0,
    0x40, 0x0, 0x0, 0x0, 0x0,

    /* U+FB8A "ﮊ" */
    0x0, 0x0, 0x30, 0x0, 0x0, 0x0, 0x5, 0xfc,
    0x0, 0x0, 0x0, 0x6, 0xfd, 0x10, 0x0, 0x0,
    0x20, 0x51, 0x2, 0x0, 0x8, 0xf4, 0x0, 0xce,
    0x20, 0x5f, 0xff, 0x19, 0xff, 0xd0, 0xa, 0xf5,
    0x1, 0xce, 0x30, 0x0, 0x30, 0x0, 0x12, 0x0,
    0x0, 0x0, 0x0, 0x0, 0x0, 0x0, 0x3, 0x9b,
    0x80, 0x0, 0x0, 0x5, 0xff, 0xb0, 0x0, 0x0,
    0x2, 0xff, 0xe0, 0x0, 0x0, 0x0, 0xff, 0xf0,
    0x0, 0x0, 0x0, 0xef, 0xf2, 0x0, 0x0, 0x0,
    0xcf, 0xf4, 0x0, 0x0, 0x0, 0x9f, 0xf6, 0x0,
    0x0, 0x0, 0x7f, 0xf8, 0x0, 0x0, 0x0, 0x8f,
    0xf9, 0x0, 0x0, 0x5, 0xff, 0xf6, 0x0, 0x49,
    0xef, 0xff, 0xf1, 0x0, 0xdf, 0xff, 0xff, 0x50,
    0x0, 0x9f, 0xff, 0xc3, 0x0, 0x0, 0x5e, 0x93,
    0x0, 0x0, 0x0, 0x0, 0x0, 0x0, 0x0, 0x0,

    /* U+FB8B "ﮋ" */
    0x0, 0x0, 0x21, 0x0, 0x0, 0x0, 0x3, 0xed,
    0x10, 0x0, 0x0, 0x4, 0xfe, 0x20, 0x0, 0x0,
    0x20, 0x42, 0x2, 0x0, 0x6, 0xf6, 0x0, 0x9f,
    0x40, 0x3f, 0xff, 0x36, 0xff, 0xf1, 0x7, 0xf8,
    0x0, 0xbf, 0x50, 0x0, 0x40, 0x0, 0x3, 0x0,
    0x0, 0x0, 0x0, 0x0, 0x0, 0x0, 0x3, 0x9b,
    0x80, 0x0, 0x0, 0x5, 0xff, 0xb0, 0x0, 0x0,
    0x2, 0xff, 0xe0, 0x0, 0x0, 0x0, 0xff, 0xf1,
    0x0, 0x0, 0x0, 0xef, 0xfb, 0x65, 0x0, 0x0,
    0xcf, 0xff, 0xfd, 0x0, 0x0, 0x9f, 0xff, 0xfd,
    0x0, 0x0, 0x7f, 0xff, 0xfd, 0x0, 0x0, 0x8f,
    0xf8, 0x0, 0x0, 0x5, 0xff, 0xf6, 0x0, 0x49,
    0xef, 0xff, 0xf1, 0x0, 0xdf, 0xff, 0xff, 0x60,
    0x0, 0x9f, 0xff, 0xc3, 0x0, 0x0, 0x5e, 0x93,
    0x0, 0x0, 0x0, 0x0, 0x0, 0x0, 0x0, 0x0,

    /* U+FB8E "ﮎ" */
    0x0, 0x0, 0x0, 0x0, 0x0, 0x0, 0x0, 0x0,
    0x0, 0x0, 0x0, 0x0, 0x0, 0x0, 0x0, 0x0,
    0x0, 0x0, 0x0, 0x0, 0x0, 0x4a, 0xb0, 0x0,
    0x0, 0x0, 0x0, 0x0, 0x0, 0x0, 0x0, 0x28,
    0xef, 0xff, 0x20, 0x0, 0x0, 0x0, 0x0, 0x0,
    0x0, 0x17, 0xcf, 0xff, 0xff, 0xf7, 0x0, 0x0,
    0x0, 0x0, 0x0, 0x0, 0x2f, 0xff, 0xff, 0xff,
    0xe9, 0x20, 0x0, 0x0, 0x0, 0x0, 0x0, 0x7,
    0xff, 0xff, 0xfa, 0x40, 0x0, 0x0, 0x0, 0x0,
    0x0, 0x0, 0x0, 0xaf, 0xff, 0x70, 0x0, 0x0,
    0x0, 0x0, 0x0, 0x0, 0x0, 0x0, 0x3, 0xff,
    0xfa, 0x0, 0x0, 0x0, 0x0, 0x0, 0x0, 0x0,
    0x0, 0x0, 0x8, 0xff, 0xf5, 0x0, 0x0, 0x0,
    0xb, 0xa5, 0x0, 0x0, 0x0, 0x0, 0xc, 0xff,
    0xe1, 0x0, 0x0, 0x0, 0xff, 0xf1, 0x0, 0x0,
    0x0, 0x0, 0x2f, 0xff, 0xb0, 0x0, 0x0, 0x4f,
    0xfd, 0x0, 0x0, 0x0, 0x0, 0x0, 0x6f, 0xff,
    0x60, 0x0, 0x8, 0xff, 0x90, 0x0, 0x0, 0x0,
    0x0, 0x0, 0xaf, 0xfe, 0x0, 0x0, 0xbf, 0xf5,
    0x0, 0x0, 0x0, 0x0, 0x0, 0x1, 0xef, 0xf7,
    0x0, 0xc, 0xff, 0x50, 0x0, 0x0, 0x0, 0x0,
    0x0, 0x5, 0xff, 0xb0, 0x0, 0x9f, 0xff, 0xb8,
    0x76, 0x66, 0x66, 0x66, 0x66, 0xbf, 0xfc, 0x0,
    0x2, 0xff, 0xff, 0xff, 0xff, 0xff, 0xff, 0xff,
    0xff, 0xff, 0x90, 0x0, 0x5, 0xff, 0xff, 0xff,
    0xff, 0xff, 0xff, 0xff, 0xff, 0xe1, 0x0, 0x0,
    0x2, 0x8c, 0xef, 0xff, 0xff, 0xff, 0xff, 0xfe,
    0xa2, 0x0, 0x0,

    /* U+FB8F "ﮏ" */
    0x0, 0x0, 0x0, 0x0, 0x0, 0x0, 0x0, 0x0,
    0x0, 0x0, 0x0, 0x0, 0x0, 0x0, 0x0, 0x0,
    0x0, 0x0, 0x0, 0x0, 0x0, 0x0, 0x4a, 0xc0,
    0x0, 0x0, 0x0, 0x0, 0x0, 0x0, 0x0, 0x0,
    0x0, 0x28, 0xef, 0xff, 0x20, 0x0, 0x0, 0x0,
    0x0, 0x0, 0x0, 0x0, 0x16, 0xcf, 0xff, 0xff,
    0xf7, 0x0, 0x0, 0x0, 0x0, 0x0, 0x0, 0x0,
    0x2f, 0xff, 0xff, 0xff, 0xe9, 0x20, 0x0, 0x0,
    0x0, 0x0, 0x0, 0x0, 0x6, 0xff, 0xff, 0xfa,
    0x40, 0x0, 0x0, 0x0, 0x0, 0x0, 0x0, 0x0,
    0x0, 0xaf, 0xff, 0x71, 0x0, 0x0, 0x0, 0x0,
    0x0, 0x0, 0x0, 0x0, 0x0, 0x3, 0xff, 0xfb,
    0x0, 0x0, 0x0, 0x0, 0x0, 0x0, 0x0, 0x0,
    0x0, 0x0, 0x7, 0xff, 0xf5, 0x0, 0x0, 0x0,
    0x0, 0xb, 0xa5, 0x0, 0x0, 0x0, 0x0, 0xc,
    0xff, 0xe1, 0x0, 0x0, 0x0, 0x0, 0xff, 0xf1,
    0x0, 0x0, 0x0, 0x0, 0x2f, 0xff, 0xb0, 0x0,
    0x0, 0x0, 0x4f, 0xfd, 0x0, 0x0, 0x0, 0x0,
    0x0, 0x5f, 0xff, 0x60, 0x0, 0x0, 0x8, 0xff,
    0x90, 0x0, 0x0, 0x0, 0x0, 0x0, 0xaf, 0xff,
    0x10, 0x0, 0x0, 0xbf, 0xf5, 0x0, 0x0, 0x0,
    0x0, 0x0, 0x1, 0xef, 0xfb, 0x0, 0x0, 0xc,
    0xff, 0x50, 0x0, 0x0, 0x0, 0x0, 0x0, 0x5,
    0xff, 0xf7, 0x0, 0x0, 0x9f, 0xff, 0xb8, 0x76,
    0x66, 0x66, 0x66, 0x66, 0xbf, 0xff, 0xfb, 0x70,
    0x2, 0xff, 0xff, 0xff, 0xff, 0xff, 0xff, 0xff,
    0xff, 0xff, 0xff, 0xff, 0x0, 0x5, 0xff, 0xff,
    0xff, 0xff, 0xff, 0xff, 0xff, 0xff, 0xfc, 0xff,
    0xf0, 0x0, 0x2, 0x8c, 0xef, 0xff, 0xff, 0xff,
    0xff, 0xfe, 0xb2, 0x6, 0xdf, 0x0,

    /* U+FB90 "ﮐ" */
    0x0, 0x0, 0x0, 0x0, 0x0, 0x0, 0x0, 0x0,
    0x0, 0x0, 0x2, 0x8d, 0x20, 0x0, 0x0, 0x1,
    0x6c, 0xff, 0xf8, 0x0, 0x0, 0x4a, 0xff, 0xff,
    0xff, 0xd0, 0x0, 0xcf, 0xff, 0xff, 0xff, 0xb5,
    0x0, 0x1f, 0xff, 0xff, 0xc6, 0x10, 0x0, 0x4,
    0xff, 0xfc, 0x20, 0x0, 0x0, 0x0, 0xc, 0xff,
    0xf1, 0x0, 0x0, 0x0, 0x0, 0x2f, 0xff, 0xb0,
    0x0, 0x0, 0x0, 0x0, 0x6f, 0xff, 0x60, 0x0,
    0x0, 0x0, 0x0, 0xbf, 0xff, 0x20, 0x0, 0x0,
    0x0, 0x1, 0xef, 0xfb, 0x0, 0x0, 0x0, 0x0,
    0x4, 0xff, 0xf5, 0x0, 0x0, 0x0, 0x0, 0x9,
    0xff, 0xd0, 0x0, 0x0, 0x0, 0x0, 0xf, 0xff,
    0x10, 0x0, 0x66, 0x66, 0x67, 0xff, 0xf2, 0x0,
    0x2f, 0xff, 0xff, 0xff, 0xff, 0x0, 0x2, 0xff,
    0xff, 0xff, 0xff, 0x70, 0x0, 0x2f, 0xff, 0xff,
    0xfc, 0x60, 0x0, 0x0,

    /* U+FB91 "ﮑ" */
    0x0, 0x0, 0x0, 0x0, 0x0, 0x0, 0x0, 0x0,
    0x0, 0x0, 0x0, 0x28, 0xd2, 0x0, 0x0, 0x0,
    0x1, 0x6c, 0xff, 0xf8, 0x0, 0x0, 0x4, 0xaf,
    0xff, 0xff, 0xfd, 0x0, 0x0, 0xcf, 0xff, 0xff,
    0xff, 0xb5, 0x0, 0x1, 0xff, 0xff, 0xfc, 0x61,
    0x0, 0x0, 0x4, 0xff, 0xfc, 0x20, 0x0, 0x0,
    0x0, 0x0, 0xcf, 0xff, 0x10, 0x0, 0x0, 0x0,
    0x0, 0x2f, 0xff, 0xb0, 0x0, 0x0, 0x0, 0x0,
    0x6, 0xff, 0xf6, 0x0, 0x0, 0x0, 0x0, 0x0,
    0xbf, 0xff, 0x20, 0x0, 0x0, 0x0, 0x0, 0x1e,
    0xff, 0xb0, 0x0, 0x0, 0x0, 0x0, 0x4, 0xff,
    0xf6, 0x0, 0x0, 0x0, 0x0, 0x0, 0x9f, 0xff,
    0x10, 0x0, 0x0, 0x0, 0x0, 0xf, 0xff, 0xc0,
    0x0, 0x6, 0x66, 0x66, 0x7f, 0xff, 0xfd, 0x72,
    0x2f, 0xff, 0xff, 0xff, 0xff, 0xff, 0xf6, 0x2f,
    0xff, 0xff, 0xff, 0xfb, 0xff, 0xf6, 0x2f, 0xff,
    0xff, 0xfc, 0x60, 0x3b, 0xf6,

    /* U+FB92 "ﮒ" */
    0x0, 0x0, 0x0, 0x0, 0x0, 0x0, 0x0, 0x0,
    0x0, 0x10, 0x0, 0x0, 0x0, 0x0, 0x0, 0x0,
    0x0, 0x0, 0x0, 0x17, 0xce, 0x0, 0x0, 0x0,
    0x0, 0x0, 0x0, 0x0, 0x0, 0x5, 0xbf, 0xff,
    0xf3, 0x0, 0x0, 0x0, 0x0, 0x0, 0x0, 0x0,
    0x0, 0xff, 0xfe, 0x83, 0x0, 0x0, 0x0, 0x0,
    0x0, 0x0, 0x0, 0x0, 0x9, 0xa4, 0x0, 0x4,
    0xab, 0x0, 0x0, 0x0, 0x0, 0x0, 0x0, 0x0,
    0x0, 0x2, 0x8e, 0xff, 0xf2, 0x0, 0x0, 0x0,
    0x0, 0x0, 0x0, 0x1, 0x7c, 0xff, 0xff, 0xff,
    0x70, 0x0, 0x0, 0x0, 0x0, 0x0, 0x2, 0xff,
    0xff, 0xff, 0xfe, 0x92, 0x0, 0x0, 0x0, 0x0,
    0x0, 0x0, 0x7f, 0xff, 0xff, 0xa4, 0x0, 0x0,
    0x0, 0x0, 0x0, 0x0, 0x0, 0xa, 0xff, 0xf7,
    0x0, 0x0, 0x0, 0x0, 0x0, 0x0, 0x0, 0x0,
    0x0, 0x3f, 0xff, 0xa0, 0x0, 0x0, 0x0, 0x0,
    0x0, 0x0, 0x0, 0x0, 0x0, 0x8f, 0xff, 0x50,
    0x0, 0x0, 0x0, 0xba, 0x50, 0x0, 0x0, 0x0,
    0x0, 0xcf, 0xfe, 0x10, 0x0, 0x0, 0xf, 0xff,
    0x10, 0x0, 0x0, 0x0, 0x2, 0xff, 0xfb, 0x0,
    0x0, 0x4, 0xff, 0xd0, 0x0, 0x0, 0x0, 0x0,
    0x6, 0xff, 0xf6, 0x0, 0x0, 0x8f, 0xf9, 0x0,
    0x0, 0x0, 0x0, 0x0, 0xa, 0xff, 0xe0, 0x0,
    0xb, 0xff, 0x50, 0x0, 0x0, 0x0, 0x0, 0x0,
    0x1e, 0xff, 0x70, 0x0, 0xcf, 0xf5, 0x0, 0x0,
    0x0, 0x0, 0x0, 0x0, 0x5f, 0xfb, 0x0, 0x9,
    0xff, 0xfb, 0x87, 0x66, 0x66, 0x66, 0x66, 0x6b,
    0xff, 0xc0, 0x0, 0x2f, 0xff, 0xff, 0xff, 0xff,
    0xff, 0xff, 0xff, 0xff, 0xf9, 0x0, 0x0, 0x5f,
    0xff, 0xff, 0xff, 0xff, 0xff, 0xff, 0xff, 0xfe,
    0x10, 0x0, 0x0, 0x28, 0xce, 0xff, 0xff, 0xff,
    0xff, 0xff, 0xea, 0x20, 0x0,

    /* U+FB93 "ﮓ" */
    0x0, 0x0, 0x0, 0x0, 0x0, 0x0, 0x0, 0x0,
    0x0, 0x0, 0x0, 0x0, 0x0, 0x0, 0x0, 0x0,
    0x0, 0x0, 0x0, 0x0, 0x16, 0xcd, 0x0, 0x0,
    0x0, 0x0, 0x0, 0x0, 0x0, 0x0, 0x0, 0x5,
    0xbf, 0xff, 0xf2, 0x0, 0x0, 0x0, 0x0, 0x0,
    0x0, 0x0, 0x0, 0x1, 0xff, 0xfe, 0x83, 0x0,
    0x0, 0x0, 0x0, 0x0, 0x0, 0x0, 0x0, 0x0,
    0xa, 0xa4, 0x0, 0x4, 0xac, 0x0, 0x0, 0x0,
    0x0, 0x0, 0x0, 0x0, 0x0, 0x0, 0x2, 0x8e,
    0xff, 0xf2, 0x0, 0x0, 0x0, 0x0, 0x0, 0x0,
    0x0, 0x1, 0x6c, 0xff, 0xff, 0xff, 0x70, 0x0,
    0x0, 0x0, 0x0, 0x0, 0x0, 0x2, 0xff, 0xff,
    0xff, 0xfe, 0x92, 0x0, 0x0, 0x0, 0x0, 0x0,
    0x0, 0x0, 0x6f, 0xff, 0xff, 0xa4, 0x0, 0x0,
    0x0, 0x0, 0x0, 0x0, 0x0, 0x0, 0xa, 0xff,
    0xf7, 0x10, 0x0, 0x0, 0x0, 0x0, 0x0, 0x0,
    0x0, 0x0, 0x0, 0x3f, 0xff, 0xb0, 0x0, 0x0,
    0x0, 0x0, 0x0, 0x0, 0x0, 0x0, 0x0, 0x0,
    0x7f, 0xff, 0x50, 0x0, 0x0, 0x0, 0x0, 0xba,
    0x50, 0x0, 0x0, 0x0, 0x0, 0xcf, 0xfe, 0x10,
    0x0, 0x0, 0x0, 0xf, 0xff, 0x10, 0x0, 0x0,
    0x0, 0x2, 0xff, 0xfb, 0x0, 0x0, 0x0, 0x4,
    0xff, 0xd0, 0x0, 0x0, 0x0, 0x0, 0x5, 0xff,
    0xf6, 0x0, 0x0, 0x0, 0x8f, 0xf9, 0x0, 0x0,
    0x0, 0x0, 0x0, 0xa, 0xff, 0xf1, 0x0, 0x0,
    0xb, 0xff, 0x50, 0x0, 0x0, 0x0, 0x0, 0x0,
    0x1e, 0xff, 0xb0, 0x0, 0x0, 0xcf, 0xf5, 0x0,
    0x0, 0x0, 0x0, 0x0, 0x0, 0x5f, 0xff, 0x70,
    0x0, 0x9, 0xff, 0xfb, 0x87, 0x66, 0x66, 0x66,
    0x66, 0x6b, 0xff, 0xff, 0xb7, 0x0, 0x2f, 0xff,
    0xff, 0xff, 0xff, 0xff, 0xff, 0xff, 0xff, 0xff,
    0xff, 0xf0, 0x0, 0x5f, 0xff, 0xff, 0xff, 0xff,
    0xff, 0xff, 0xff, 0xff, 0xcf, 0xff, 0x0, 0x0,
    0x28, 0xce, 0xff, 0xff, 0xff, 0xff, 0xff, 0xeb,
    0x20, 0x6d, 0xf0,

    /* U+FB94 "ﮔ" */
    0x0, 0x0, 0x0, 0x0, 0x0, 0x0, 0x0, 0x0,
    0x0, 0x28, 0xd5, 0x0, 0x0, 0x0, 0x16, 0xcf,
    0xff, 0xb0, 0x0, 0x0, 0x8, 0xff, 0xfd, 0x71,
    0x0, 0x0, 0x0, 0x3e, 0x82, 0x0, 0x28, 0xd2,
    0x0, 0x0, 0x0, 0x16, 0xcf, 0xff, 0x80, 0x0,
    0x4, 0xaf, 0xff, 0xff, 0xfd, 0x0, 0xc, 0xff,
    0xff, 0xff, 0xfb, 0x50, 0x1, 0xff, 0xff, 0xfc,
    0x61, 0x0, 0x0, 0x4f, 0xff, 0xc2, 0x0, 0x0,
    0x0, 0x0, 0xcf, 0xff, 0x10, 0x0, 0x0, 0x0,
    0x2, 0xff, 0xfb, 0x0, 0x0, 0x0, 0x0, 0x6,
    0xff, 0xf6, 0x0, 0x0, 0x0, 0x0, 0xb, 0xff,
    0xf2, 0x0, 0x0, 0x0, 0x0, 0x1e, 0xff, 0xb0,
    0x0, 0x0, 0x0, 0x0, 0x4f, 0xff, 0x50, 0x0,
    0x0, 0x0, 0x0, 0x9f, 0xfd, 0x0, 0x0, 0x0,
    0x0, 0x0, 0xff, 0xf1, 0x0, 0x6, 0x66, 0x66,
    0x7f, 0xff, 0x20, 0x2, 0xff, 0xff, 0xff, 0xff,
    0xf0, 0x0, 0x2f, 0xff, 0xff, 0xff, 0xf7, 0x0,
    0x2, 0xff, 0xff, 0xff, 0xc6, 0x0, 0x0,

    /* U+FB95 "ﮕ" */
    0x0, 0x0, 0x0, 0x0, 0x0, 0x0, 0x0, 0x0,
    0x0, 0x2, 0x8d, 0x50, 0x0, 0x0, 0x0, 0x16,
    0xcf, 0xff, 0xb0, 0x0, 0x0, 0x0, 0x8f, 0xff,
    0xd7, 0x10, 0x0, 0x0, 0x0, 0x3e, 0x82, 0x0,
    0x28, 0xd2, 0x0, 0x0, 0x0, 0x1, 0x6c, 0xff,
    0xf8, 0x0, 0x0, 0x4, 0xaf, 0xff, 0xff, 0xfd,
    0x0, 0x0, 0xcf, 0xff, 0xff, 0xff, 0xb5, 0x0,
    0x1, 0xff, 0xff, 0xfc, 0x61, 0x0, 0x0, 0x4,
    0xff, 0xfc, 0x20, 0x0, 0x0, 0x0, 0x0, 0xcf,
    0xff, 0x10, 0x0, 0x0, 0x0, 0x0, 0x2f, 0xff,
    0xb0, 0x0, 0x0, 0x0, 0x0, 0x6, 0xff, 0xf6,
    0x0, 0x0, 0x0, 0x0, 0x0, 0xbf, 0xff, 0x20,
    0x0, 0x0, 0x0, 0x0, 0x1e, 0xff, 0xb0, 0x0,
    0x0, 0x0, 0x0, 0x4, 0xff, 0xf6, 0x0, 0x0,
    0x0, 0x0, 0x0, 0x9f, 0xff, 0x10, 0x0, 0x0,
    0x0, 0x0, 0xf, 0xff, 0xc0, 0x0, 0x6, 0x66,
    0x66, 0x7f, 0xff, 0xfd, 0x72, 0x2f, 0xff, 0xff,
    0xff, 0xff, 0xff, 0xf6, 0x2f, 0xff, 0xff, 0xff,
    0xfb, 0xff, 0xf6, 0x2f, 0xff, 0xff, 0xfc, 0x60,
    0x3b, 0xf6,

    /* U+FB9F "ﮟ" */
    0x0, 0x0, 0x0, 0x0, 0x0, 0x6, 0xac, 0x20,
    0x0, 0x20, 0x0, 0x0, 0x0, 0x0, 0xcf, 0xf4,
    0x0, 0x1f, 0xd6, 0x0, 0x0, 0x0, 0x9, 0xff,
    0x70, 0x6, 0xff, 0xc0, 0x0, 0x0, 0x0, 0x7f,
    0xfb, 0x0, 0x9f, 0xf8, 0x0, 0x0, 0x0, 0x5,
    0xff, 0xf8, 0x3b, 0xff, 0x50, 0x0, 0x0, 0x0,
    0x2f, 0xff, 0xf9, 0xcf, 0xf3, 0x0, 0x0, 0x0,
    0x0, 0xff, 0xff, 0x9b, 0xff, 0x40, 0x0, 0x0,
    0x0, 0xe, 0xff, 0xf9, 0x9f, 0xf8, 0x0, 0x0,
    0x0, 0x0, 0xff, 0xf1, 0x5, 0xff, 0xf2, 0x0,
    0x0, 0x4, 0xcf, 0xfe, 0x0, 0xe, 0xff, 0xfa,
    0x79, 0xbf, 0xff, 0xff, 0x80, 0x0, 0x5f, 0xff,
    0xff, 0xff, 0xff, 0xff, 0xa0, 0x0, 0x0, 0x7f,
    0xff, 0xff, 0xff, 0xfd, 0x50, 0x0, 0x0, 0x0,
    0x39, 0xde, 0xdb, 0x73, 0x0, 0x0, 0x0, 0x0,
    0x0, 0x0, 0x0, 0x0, 0x0, 0x0, 0x0, 0x0,

    /* U+FBA4 "ﮤ" */
    0x0, 0x1, 0x8a, 0x71, 0x0, 0x0, 0xd, 0xff,
    0xf1, 0x0, 0x0, 0x6f, 0x51, 0x40, 0x0, 0x0,
    0x9f, 0x62, 0x0, 0x0, 0x0, 0x5f, 0xff, 0xc1,
    0x0, 0x0, 0x1, 0x6a, 0xf5, 0x0, 0x0, 0x7f,
    0xff, 0xf3, 0x0, 0x0, 0x5c, 0xb9, 0x40, 0x0,
    0x0, 0x1, 0x30, 0x0, 0x0, 0x0, 0xb, 0xf4,
    0x0, 0x0, 0x0, 0xaf, 0xff, 0x50, 0x0, 0x0,
    0x9f, 0xff, 0xf6, 0x0, 0x4, 0xff, 0xff, 0xff,
    0x40, 0x1e, 0xff, 0xde, 0xff, 0xe0, 0x7f, 0xfe,
    0x12, 0xff, 0xf5, 0xbf, 0xf5, 0x0, 0x7f, 0xf8,
    0xcf, 0xf4, 0x0, 0x6f, 0xf9, 0x9f, 0xfd, 0x66,
    0xef, 0xf6, 0x3f, 0xff, 0xff, 0xff, 0xf1, 0x7,
    0xff, 0xff, 0xff, 0x50, 0x0, 0x4c, 0xff, 0xb3,
    0x0,

    /* U+FBA5 "ﮥ" */
    0x0, 0x0, 0x0, 0x7a, 0x71, 0x0, 0x0, 0x0,
    0x0, 0xc, 0xff, 0xf2, 0x0, 0x0, 0x0, 0x0,
    0x5f, 0x60, 0x40, 0x0, 0x0, 0x0, 0x0, 0x8f,
    0x72, 0x0, 0x0, 0x0, 0x0, 0x0, 0x4f, 0xff,
    0xd1, 0x0, 0x0, 0x0, 0x0, 0x1, 0x5a, 0xf6,
    0x0, 0x0, 0x0, 0x0, 0x7f, 0xff, 0xf4, 0x0,
    0x0, 0x0, 0x0, 0x4b, 0xa9, 0x50, 0x0, 0x0,
    0x0, 0x0, 0x0, 0x6, 0xbb, 0x40, 0x0, 0x0,
    0x0, 0x3, 0x9e, 0xff, 0x70, 0x0, 0x0, 0x7,
    0xef, 0xff, 0xff, 0x70, 0x0, 0x0, 0xaf, 0xff,
    0xff, 0xff, 0x70, 0x0, 0x4, 0xff, 0xff, 0xcc,
    0xff, 0x70, 0x0, 0xa, 0xff, 0xb2, 0x9, 0xff,
    0x70, 0x0, 0xc, 0xff, 0x40, 0x9, 0xff, 0x70,
    0x0, 0xb, 0xff, 0xb2, 0x4b, 0xff, 0x70, 0x0,
    0x5, 0xff, 0xff, 0xff, 0xff, 0xb0, 0x0, 0x0,
    0xbf, 0xff, 0xff, 0xff, 0xfb, 0x71, 0x0, 0x9,
    0xff, 0xff, 0xff, 0xff, 0xf2, 0x0, 0x0, 0x13,
    0x20, 0x1c, 0xff, 0xf2, 0x0, 0x0, 0x0, 0x0,
    0x0, 0x7d, 0xf2,

    /* U+FBB2 "﮲" */
    0x1, 0x40, 0x1, 0xcf, 0x50, 0xbf, 0xff, 0x33,
    0xef, 0x80, 0x3, 0x80, 0x0,

    /* U+FBB3 "﮳" */
    0x2, 0x70, 0x2, 0xef, 0x80, 0xbf, 0xff, 0x31,
    0xdf, 0x50, 0x1, 0x50, 0x0,

    /* U+FBB4 "﮴" */
    0x5, 0x40, 0x0, 0x72, 0x5, 0xff, 0x40, 0x8f,
    0xe2, 0xaf, 0xf9, 0xd, 0xff, 0x60, 0xb9, 0x0,
    0x1d, 0x60, 0x0, 0x0, 0x0, 0x0, 0x0,

    /* U+FBB5 "﮵" */
    0x0, 0x0, 0x0, 0x10, 0x0, 0xcb, 0x0, 0x2e,
    0x80, 0xbf, 0xfa, 0xe, 0xff, 0x63, 0xfe, 0x20,
    0x6f, 0xd1, 0x3, 0x20, 0x0, 0x51, 0x0,

    /* U+FBB6 "﮶" */
    0x0, 0x2, 0x90, 0x0, 0x0, 0x1, 0xef, 0xa0,
    0x0, 0x0, 0x7, 0xf3, 0x0, 0x0, 0x54, 0x2,
    0x7, 0x10, 0x5f, 0xf4, 0x8, 0xfe, 0x2a, 0xff,
    0x90, 0xdf, 0xf6, 0xb, 0x90, 0x1, 0xd6, 0x0,
    0x0, 0x0, 0x0, 0x0,

    /* U+FBB9 "﮹" */
    0x1, 0x0, 0x0, 0x20, 0x1, 0xdc, 0x0, 0x3f,
    0x90, 0xbf, 0xfa, 0xe, 0xff, 0x72, 0xed, 0x20,
    0x5f, 0xb0, 0x2, 0x10, 0x40, 0x40, 0x0, 0x0,
    0xbf, 0x60, 0x0, 0x0, 0xb, 0xf7, 0x0, 0x0,
    0x0, 0x5, 0x0, 0x0,

    /* U+FBFC "ﯼ" */
    0x0, 0x0, 0x0, 0x0, 0x0, 0x4, 0x41, 0x0,
    0x0, 0x0, 0x0, 0x0, 0x8, 0xff, 0xff, 0xd0,
    0x0, 0x0, 0x0, 0x0, 0xbf, 0xff, 0xff, 0xc0,
    0x0, 0x0, 0x0, 0x8, 0xff, 0xff, 0xff, 0x80,
    0x2, 0x0, 0x0, 0x1f, 0xff, 0xa2, 0x26, 0x30,
    0x1f, 0xd6, 0x0, 0x7f, 0xfd, 0x0, 0x0, 0x0,
    0x6f, 0xfc, 0x0, 0xbf, 0xf6, 0x0, 0x0, 0x0,
    0x9f, 0xf8, 0x0, 0xcf, 0xfb, 0x20, 0x0, 0x0,
    0xbf, 0xf5, 0x0, 0xaf, 0xff, 0xfc, 0x71, 0x0,
    0xcf, 0xf3, 0x0, 0x2e, 0xff, 0xff, 0xff, 0x60,
    0xbf, 0xf4, 0x0, 0x1, 0x9f, 0xff, 0xff, 0xf1,
    0x9f, 0xf8, 0x0, 0x0, 0x1, 0x5a, 0xff, 0xf4,
    0x5f, 0xff, 0x20, 0x0, 0x0, 0x49, 0xff, 0xf2,
    0xe, 0xff, 0xfa, 0x79, 0xbf, 0xff, 0xff, 0xb0,
    0x5, 0xff, 0xff, 0xff, 0xff, 0xff, 0xfb, 0x0,
    0x0, 0x7f, 0xff, 0xff, 0xff, 0xfd, 0x50, 0x0,
    0x0, 0x3, 0x9d, 0xed, 0xb7, 0x30, 0x0, 0x0,
    0x0, 0x0, 0x0, 0x0, 0x0, 0x0, 0x0, 0x0,

    /* U+FBFD "ﯽ" */
    0x2, 0x0, 0x0, 0x0, 0x0, 0x0, 0x0, 0x0,
    0x1, 0xfd, 0x60, 0x0, 0x0, 0x0, 0x0, 0x0,
    0x0, 0x6f, 0xfc, 0x0, 0x0, 0x6, 0xa5, 0x10,
    0x0, 0x9, 0xff, 0x80, 0x0, 0x0, 0xbf, 0xff,
    0xd9, 0x71, 0xbf, 0xf5, 0x0, 0x0, 0xf, 0xff,
    0xff, 0xff, 0x3c, 0xff, 0x30, 0x0, 0x1, 0x9e,
    0xff, 0xff, 0xf3, 0xbf, 0xf4, 0x0, 0x0, 0x0,
    0x5, 0xff, 0xff, 0x39, 0xff, 0x80, 0x0, 0x0,
    0x0, 0x1f, 0xff, 0x0, 0x5f, 0xff, 0x20, 0x0,
    0x0, 0x5c, 0xff, 0xe0, 0x0, 0xef, 0xff, 0xa7,
    0x9c, 0xff, 0xff, 0xf8, 0x0, 0x5, 0xff, 0xff,
    0xff, 0xff, 0xff, 0xfa, 0x0, 0x0, 0x7, 0xff,
    0xff, 0xff, 0xff, 0xd5, 0x0, 0x0, 0x0, 0x3,
    0x9d, 0xed, 0xb7, 0x30, 0x0, 0x0, 0x0, 0x0,
    0x0, 0x0, 0x0, 0x0, 0x0, 0x0, 0x0,

    /* U+FBFE "ﯾ" */
    0x0, 0x0, 0x0, 0x0, 0x0, 0x0, 0x0, 0x0,
    0x0, 0x27, 0xc8, 0x0, 0x0, 0x0, 0x0, 0x5f,
    0xfc, 0x0, 0x0, 0x0, 0x0, 0x1f, 0xff, 0x0,
    0x0, 0x0, 0x0, 0xd, 0xff, 0x40, 0x0, 0x0,
    0x0, 0x9, 0xff, 0x80, 0x0, 0x0, 0x0, 0x8,
    0xff, 0x90, 0x0, 0x66, 0x66, 0x8f, 0xff, 0x70,
    0x2, 0xff, 0xff, 0xff, 0xff, 0x20, 0x2, 0xff,
    0xff, 0xff, 0xf6, 0x0, 0x2, 0xff, 0xff, 0xea,
    0x30, 0x0, 0x0, 0x0, 0x0, 0x0, 0x0, 0x0,
    0x0, 0x20, 0x0, 0x20, 0x0, 0x0, 0xc, 0xe2,
    0x2, 0xec, 0x0, 0x0, 0x9f, 0xfd, 0xc, 0xff,
    0xa0, 0x0, 0x1c, 0xe3, 0x2, 0xed, 0x10, 0x0,
    0x1, 0x20, 0x0, 0x21, 0x0, 0x0,

    /* U+FBFF "ﯿ" */
    0x0, 0x0, 0x0, 0x49, 0xa5, 0x0, 0x0, 0x0,
    0x0, 0x8f, 0xf8, 0x0, 0x0, 0x0, 0x0, 0x6f,
    0xf9, 0x0, 0x0, 0x0, 0x0, 0x5f, 0xfb, 0x0,
    0x6, 0x66, 0x66, 0xcf, 0xff, 0x81, 0x2f, 0xff,
    0xff, 0xff, 0xff, 0xf4, 0x2f, 0xff, 0xff, 0xff,
    0xff, 0xf4, 0x2f, 0xff, 0xff, 0xc6, 0x3b, 0xe3,
    0x0, 0x0, 0x0, 0x0, 0x0, 0x0, 0x0, 0x1,
    0x0, 0x1, 0x0, 0x0, 0x0, 0xbd, 0x10, 0x1d,
    0xb0, 0x0, 0x9, 0xff, 0xc0, 0xcf, 0xf9, 0x0,
    0x1, 0xde, 0x30, 0x3f, 0xd1, 0x0, 0x0, 0x13,
    0x0, 0x3, 0x10, 0x0,

    /* U+FD3E "﴾" */
    0x0, 0x0, 0x21, 0x0, 0x0, 0x1, 0xed, 0x10,
    0x0, 0xb, 0xff, 0xc0, 0x0, 0x6f, 0xff, 0x90,
    0x0, 0xef, 0xfb, 0x0, 0x6, 0xff, 0xf1, 0x0,
    0xc, 0xff, 0x80, 0x0, 0x2f, 0xff, 0x10, 0x0,
    0x6f, 0xfc, 0x0, 0x0, 0x9f, 0xf7, 0x0, 0x0,
    0xbf, 0xf5, 0x0, 0x0, 0xcf, 0xf4, 0x0, 0x0,
    0xcf, 0xf4, 0x0, 0x0, 0xbf, 0xf5, 0x0, 0x0,
    0x9f, 0xf7, 0x0, 0x0, 0x7f, 0xfb, 0x0, 0x0,
    0x3f, 0xff, 0x0, 0x0, 0xe, 0xff, 0x60, 0x0,
    0x8, 0xff, 0xe0, 0x0, 0x1, 0xff, 0xf8, 0x0,
    0x0, 0x7f, 0xff, 0x50, 0x0, 0xd, 0xff, 0xc0,
    0x0, 0x2, 0xfd, 0x10, 0x0, 0x0, 0x42, 0x0,

    /* U+FD3F "﴿" */
    0x0, 0x40, 0x0, 0x0, 0x9, 0xf5, 0x0, 0x0,
    0x7f, 0xff, 0x20, 0x0, 0x4f, 0xff, 0xb0, 0x0,
    0x6, 0xff, 0xf4, 0x0, 0x0, 0xcf, 0xfc, 0x0,
    0x0, 0x3f, 0xff, 0x20, 0x0, 0xb, 0xff, 0x70,
    0x0, 0x7, 0xff, 0xb0, 0x0, 0x2, 0xff, 0xe0,
    0x0, 0x0, 0xff, 0xf0, 0x0, 0x0, 0xff, 0xf1,
    0x0, 0x0, 0xef, 0xf1, 0x0, 0x0, 0xff, 0xf1,
    0x0, 0x1, 0xff, 0xf0, 0x0, 0x5, 0xff, 0xc0,
    0x0, 0xa, 0xff, 0x80, 0x0, 0x1f, 0xff, 0x30,
    0x0, 0x9f, 0xfd, 0x0, 0x3, 0xff, 0xf5, 0x0,
    0x1e, 0xff, 0xd0, 0x0, 0x6f, 0xff, 0x30, 0x0,
    0x9, 0xf6, 0x0, 0x0, 0x0, 0x60, 0x0, 0x0,

    /* U+FDF2 "ﷲ" */
    0x0, 0x0, 0x0, 0x0, 0x0, 0x0, 0x0, 0x9,
    0xe0, 0x0, 0x0, 0x0, 0x0, 0x0, 0x0, 0x0,
    0x0, 0x0, 0x0, 0x0, 0x0, 0x0, 0x0, 0x9,
    0xe0, 0x0, 0x0, 0x0, 0x0, 0x0, 0x0, 0x0,
    0x0, 0x0, 0x0, 0x0, 0x0, 0x0, 0x0, 0x9,
    0xe0, 0x0, 0x0, 0x0, 0x0, 0x0, 0x0, 0x0,
    0x0, 0x0, 0x0, 0x0, 0x0, 0x0, 0x0, 0x8,
    0xc0, 0x0, 0x0, 0x0, 0x0, 0x0, 0x0, 0x0,
    0x0, 0x0, 0x0, 0x0, 0x0, 0x0, 0x4, 0x0,
    0x11, 0xb2, 0x0, 0x0, 0x0, 0x0, 0x0, 0x0,
    0x0, 0x0, 0x0, 0x0, 0x0, 0x0, 0x2f, 0x48,
    0xc0, 0xf7, 0x0, 0x0, 0x0, 0x0, 0x0, 0x0,
    0x0, 0x0, 0x0, 0x0, 0x0, 0x0, 0x4f, 0x3a,
    0xd0, 0xe9, 0x0, 0x0, 0x0, 0x0, 0x0, 0x0,
    0x0, 0x0, 0x0, 0x0, 0x0, 0x0, 0x2f, 0xff,
    0xff, 0xf6, 0x0, 0x0, 0x0, 0x0, 0x0, 0x0,
    0x0, 0x0, 0x0, 0x0, 0x0, 0x0, 0x4, 0xa9,
    0x7b, 0x70, 0x0, 0x0, 0x0, 0x0, 0x0, 0x0,
    0x0, 0x0, 0x0, 0x0, 0x0, 0x0, 0x0, 0x6f,
    0xf9, 0x0, 0x7, 0xff, 0x80, 0x0, 0xff, 0xf0,
    0x0, 0x0, 0x0, 0x0, 0x0, 0x0, 0x0, 0x6f,
    0xfa, 0x0, 0x7, 0xff, 0x90, 0x0, 0xff, 0xf1,
    0x0, 0x0, 0x0, 0x0, 0x0, 0x0, 0x0, 0x5f,
    0xfa, 0x0, 0x6, 0xff, 0x90, 0x0, 0xff, 0xf1,
    0x0, 0x0, 0x0, 0x0, 0x11, 0x0, 0x0, 0x4f,
    0xfb, 0x0, 0x5, 0xff, 0xa0, 0x0, 0xef, 0xf2,
    0x0, 0x0, 0x0, 0xa, 0xff, 0x70, 0x0, 0x4f,
    0xfc, 0x0, 0x5, 0xff, 0xb0, 0x0, 0xef, 0xf2,
    0x0, 0x0, 0x39, 0xef, 0xff, 0x70, 0x0, 0x3f,
    0xfc, 0x0, 0x4, 0xff, 0xb0, 0x0, 0xdf, 0xf3,
    0x0, 0x1c, 0xff, 0xff, 0xff, 0x70, 0x0, 0x3f,
    0xfd, 0x0, 0x4, 0xff, 0xc0, 0x0, 0xcf, 0xf3,
    0x0, 0xdf, 0xff, 0xff, 0xff, 0x70, 0x0, 0x2f,
    0xfd, 0x0, 0x3, 0xff, 0xc0, 0x0, 0xcf, 0xf4,
    0x6, 0xff, 0xfe, 0x9b, 0xff, 0x70, 0x0, 0x1f,
    0xfe, 0x0, 0x3, 0xff, 0xd0, 0x0, 0xbf, 0xf5,
    0xb, 0xff, 0xa0, 0x9, 0xff, 0x70, 0x0, 0x1f,
    0xff, 0x0, 0x2, 0xff, 0xe0, 0x0, 0xaf, 0xf5,
    0xc, 0xff, 0x40, 0x9, 0xff, 0x70, 0x0, 0xf,
    0xff, 0x0, 0x1, 0xff, 0xe0, 0x0, 0xaf, 0xf6,
    0xa, 0xff, 0xc3, 0x5c, 0xff, 0x70, 0x0, 0xf,
    0xff, 0x0, 0x1, 0xff, 0xf0, 0x0, 0x9f, 0xf6,
    0x4, 0xff, 0xff, 0xff, 0xff, 0xc0, 0x0, 0xf,
    0xff, 0x20, 0x1, 0xff, 0xf0, 0x0, 0x9f, 0xf7,
    0x0, 0x9f, 0xff, 0xff, 0xff, 0xfc, 0x76, 0xaf,
    0xff, 0xc6, 0x6b, 0xff, 0xd0, 0x0, 0x8f, 0xf7,
    0x0, 0x8, 0xff, 0xff, 0xef, 0xff, 0xff, 0xff,
    0xff, 0xff, 0xff, 0xff, 0x80, 0x0, 0x7f, 0xf8,
    0x0, 0x0, 0x2, 0x10, 0xc, 0xff, 0xff, 0xff,
    0xff, 0xff, 0xff, 0xfd, 0x0, 0x0, 0x7f, 0xf9,
    0x0, 0x0, 0x0, 0x0, 0x0, 0x7d, 0xff, 0xe9,
    0x17, 0xdf, 0xfe, 0x91, 0x0, 0x0, 0x6f, 0xf9,

    /* U+FDFC "﷼" */
    0x0, 0x0, 0x0, 0x0, 0x0, 0x8, 0xff, 0x80,
    0xc, 0xff, 0x30, 0x0, 0x0, 0x0, 0x0, 0x0,
    0x0, 0x0, 0x0, 0x0, 0x0, 0x0, 0x0, 0x8,
    0xff, 0x80, 0xc, 0xff, 0x40, 0x0, 0x0, 0x0,
    0x0, 0x0, 0x0, 0x0, 0x0, 0x0, 0x0, 0x0,
    0x0, 0x7, 0xff, 0x90, 0xb, 0xff, 0x40, 0x0,
    0x0, 0x0, 0x0, 0x0, 0x0, 0x0, 0x0, 0x0,
    0x0, 0x0, 0x0, 0x6, 0xff, 0x90, 0xa, 0xff,
    0x50, 0x0, 0x0, 0x0, 0x0, 0x0, 0x0, 0x0,
    0x0, 0x0, 0x0, 0x0, 0x0, 0x6, 0xff, 0xa0,
    0xa, 0xff, 0x60, 0x0, 0x0, 0x0, 0x0, 0x0,
    0x0, 0x0, 0x0, 0x0, 0x0, 0x0, 0x0, 0x5,
    0xff, 0xb0, 0x9, 0xff, 0x60, 0x0, 0x0, 0x0,
    0x0, 0x0, 0x0, 0x0, 0x0, 0x0, 0x0, 0x0,
    0x0, 0x5, 0xff, 0xb0, 0x9, 0xff, 0x70, 0x0,
    0x0, 0x1, 0x0, 0x0, 0x0, 0x0, 0x0, 0x0,
    0x0, 0x0, 0x0, 0x4, 0xff, 0xc0, 0x8, 0xff,
    0x70, 0x0, 0x6, 0xcf, 0x40, 0x0, 0x0, 0x0,
    0x0, 0x0, 0x0, 0x0, 0x0, 0x3, 0xff, 0xd0,
    0x7, 0xff, 0x80, 0x0, 0x9, 0xff, 0x80, 0x0,
    0x25, 0x20, 0x0, 0x0, 0x0, 0x0, 0x0, 0x3,
    0xff, 0xd0, 0x7, 0xff, 0x90, 0x0, 0x5, 0xff,
    0xc0, 0xa, 0xff, 0x60, 0xa, 0x40, 0x0, 0x0,
    0x0, 0x2, 0xff, 0xe0, 0x6, 0xff, 0x90, 0x0,
    0x1, 0xff, 0xf1, 0x8, 0xff, 0x90, 0x5f, 0xfc,
    0x0, 0x0, 0x0, 0x2, 0xff, 0xe0, 0x5, 0xff,
    0xa0, 0x0, 0x0, 0xdf, 0xf3, 0x5, 0xff, 0xb0,
    0x8f, 0xfa, 0x0, 0x0, 0x0, 0x1, 0xff, 0xf0,
    0x4, 0xff, 0xb0, 0x0, 0x0, 0xcf, 0xf4, 0x3,
    0xff, 0xd0, 0xbf, 0xf6, 0x0, 0x0, 0x0, 0x0,
    0xff, 0xf0, 0x1, 0xff, 0xf8, 0x66, 0x6a, 0xff,
    0xf2, 0x1, 0xff, 0xf0, 0xcf, 0xf4, 0x0, 0x0,
    0x0, 0x0, 0xff, 0xf0, 0x0, 0xdf, 0xff, 0xff,
    0xff, 0xff, 0xc0, 0x0, 0xff, 0xf1, 0xcf, 0xf3,
    0x0, 0x0, 0x0, 0x0, 0xff, 0xf1, 0x0, 0x5f,
    0xff, 0xff, 0xff, 0xfe, 0x20, 0x0, 0xcf, 0xf3,
    0xaf, 0xf5, 0x0, 0x0, 0x0, 0x0, 0xff, 0xf0,
    0x0, 0x4, 0xbf, 0xff, 0xfd, 0x91, 0x0, 0x0,
    0xbf, 0xf5, 0x7f, 0xfb, 0x0, 0x0, 0x0, 0x7,
    0xff, 0xe0, 0x0, 0x0, 0x0, 0x0, 0x0, 0x0,
    0x0, 0x1, 0xef, 0xf4, 0x2f, 0xff, 0x80, 0x0,
    0x37, 0xcf, 0xff, 0x90, 0x0, 0x0, 0x0, 0x0,
    0x0, 0x0, 0x1, 0x6d, 0xff, 0xf1, 0xb, 0xff,
    0xff, 0xef, 0xff, 0xff, 0xfe, 0x10, 0x0, 0x1c,
    0x20, 0x3, 0xc1, 0x1, 0xcf, 0xff, 0xff, 0x80,
    0x1, 0xdf, 0xff, 0xff, 0xff, 0xff, 0xc2, 0x0,
    0x1, 0xdf, 0xe2, 0x3f, 0xfc, 0x10, 0xff, 0xff,
    0xf9, 0x0, 0x0, 0x1a, 0xff, 0xff, 0xff, 0xa4,
    0x0, 0x0, 0x0, 0xcf, 0xd1, 0x2e, 0xfb, 0x0,
    0xcf, 0xfb, 0x30, 0x0, 0x0, 0x0, 0x15, 0x65,
    0x30, 0x0, 0x0, 0x0, 0x0, 0x1a, 0x10, 0x2,
    0xa0, 0x0, 0x57, 0x20, 0x0, 0x0,

    /* U+FE80 "ﺀ" */
    0x0, 0x0, 0x0, 0x0, 0x0, 0x0, 0x7, 0xef,
    0xda, 0x0, 0x0, 0xaf, 0xff, 0xfe, 0x0, 0x4,
    0xff, 0xff, 0xfa, 0x0, 0x8, 0xff, 0x60, 0x22,
    0x0, 0x9, 0xff, 0x20, 0x0, 0x20, 0x6, 0xff,
    0xe9, 0xcf, 0xf1, 0x7d, 0xff, 0xff, 0xff, 0xf3,
    0x9f, 0xff, 0xff, 0xff, 0xf5, 0x7f, 0xfe, 0xb8,
    0x52, 0x0, 0x24, 0x10, 0x0, 0x0, 0x0,

    /* U+FE81 "ﺁ" */
    0x19, 0xa8, 0x54, 0xe9, 0xbf, 0xff, 0xff, 0xf7,
    0xfc, 0x68, 0xbc, 0x80, 0x10, 0x23, 0x30, 0x0,
    0x0, 0xcf, 0xf4, 0x0, 0x0, 0xcf, 0xf4, 0x0,
    0x0, 0xbf, 0xf5, 0x0, 0x0, 0xaf, 0xf5, 0x0,
    0x0, 0xaf, 0xf6, 0x0, 0x0, 0x9f, 0xf7, 0x0,
    0x0, 0x8f, 0xf7, 0x0, 0x0, 0x8f, 0xf8, 0x0,
    0x0, 0x7f, 0xf8, 0x0, 0x0, 0x7f, 0xf9, 0x0,
    0x0, 0x6f, 0xfa, 0x0, 0x0, 0x5f, 0xfa, 0x0,
    0x0, 0x5f, 0xfb, 0x0, 0x0, 0x4f, 0xfb, 0x0,

    /* U+FE82 "ﺂ" */
    0x6, 0x75, 0x21, 0xa7, 0x9f, 0xff, 0xff, 0xf8,
    0xfd, 0x9b, 0xef, 0xb1, 0x41, 0x0, 0x0, 0x0,
    0x6, 0xff, 0xa0, 0x0, 0x5, 0xff, 0xa0, 0x0,
    0x4, 0xff, 0xb0, 0x0, 0x4, 0xff, 0xc0, 0x0,
    0x3, 0xff, 0xc0, 0x0, 0x2, 0xff, 0xd0, 0x0,
    0x2, 0xff, 0xe0, 0x0, 0x1, 0xff, 0xe0, 0x0,
    0x0, 0xff, 0xf0, 0x0, 0x0, 0xff, 0xf0, 0x0,
    0x0, 0xdf, 0xfa, 0x60, 0x0, 0x8f, 0xff, 0xf0,
    0x0, 0x1e, 0xff, 0xf0, 0x0, 0x2, 0xae, 0xf0,

    /* U+FE83 "ﺃ" */
    0x0, 0x16, 0x63, 0x0, 0x2, 0xef, 0xfc, 0x0,
    0xa, 0xf5, 0x44, 0x0, 0xa, 0xd0, 0x3, 0x40,
    0x8, 0xfe, 0xff, 0xe0, 0xdf, 0xff, 0xb8, 0x40,
    0x67, 0x30, 0x0, 0x0, 0x0, 0x23, 0x30, 0x0,
    0x0, 0xcf, 0xf4, 0x0, 0x0, 0xcf, 0xf4, 0x0,
    0x0, 0xbf, 0xf5, 0x0, 0x0, 0xaf, 0xf5, 0x0,
    0x0, 0xaf, 0xf6, 0x0, 0x0, 0x9f, 0xf7, 0x0,
    0x0, 0x8f, 0xf7, 0x0, 0x0, 0x8f, 0xf8, 0x0,
    0x0, 0x7f, 0xf8, 0x0, 0x0, 0x7f, 0xf9, 0x0,
    0x0, 0x6f, 0xfa, 0x0, 0x0, 0x5f, 0xfa, 0x0,
    0x0, 0x5f, 0xfb, 0x0, 0x0, 0x4f, 0xfb, 0x0,

    /* U+FE84 "ﺄ" */
    0x0, 0x16, 0x64, 0x0, 0x2, 0xef, 0xfc, 0x0,
    0x9, 0xf4, 0x23, 0x0, 0xa, 0xe2, 0x15, 0x60,
    0x29, 0xff, 0xff, 0xf0, 0xdf, 0xff, 0xb7, 0x30,
    0x67, 0x30, 0x0, 0x0, 0x0, 0x0, 0x0, 0x0,
    0x6, 0xff, 0xa0, 0x0, 0x5, 0xff, 0xa0, 0x0,
    0x4, 0xff, 0xb0, 0x0, 0x4, 0xff, 0xc0, 0x0,
    0x3, 0xff, 0xc0, 0x0, 0x2, 0xff, 0xd0, 0x0,
    0x2, 0xff, 0xe0, 0x0, 0x1, 0xff, 0xe0, 0x0,
    0x0, 0xff, 0xf0, 0x0, 0x0, 0xff, 0xf0, 0x0,
    0x0, 0xdf, 0xfa, 0x60, 0x0, 0x8f, 0xff, 0xf0,
    0x0, 0x1e, 0xff, 0xf0, 0x0, 0x2, 0xae, 0xf0,

    /* U+FE85 "ﺅ" */
    0x0, 0x0, 0x26, 0x63, 0x0, 0x0, 0x0, 0x4f,
    0xff, 0xa0, 0x0, 0x0, 0xd, 0xd3, 0x32, 0x0,
    0x0, 0x0, 0xdc, 0x12, 0x65, 0x0, 0x0, 0x3b,
    0xff, 0xff, 0xb0, 0x0, 0xf, 0xff, 0xd9, 0x62,
    0x0, 0x0, 0x75, 0x10, 0x0, 0x0, 0x0, 0x0,
    0x25, 0x51, 0x0, 0x0, 0x0, 0x9f, 0xff, 0xf9,
    0x0, 0x0, 0x8f, 0xff, 0xff, 0xfb, 0x0, 0x2f,
    0xff, 0xff, 0xff, 0xf5, 0x7, 0xff, 0xd2, 0x1b,
    0xff, 0xc0, 0x9f, 0xf7, 0x0, 0x2f, 0xff, 0x9,
    0xff, 0x70, 0x0, 0xef, 0xf2, 0x7f, 0xfe, 0x77,
    0x8e, 0xff, 0x41, 0xff, 0xff, 0xff, 0xff, 0xf6,
    0x6, 0xff, 0xff, 0xff, 0xff, 0x70, 0x4, 0xcf,
    0xfe, 0xef, 0xf8, 0x0, 0x0, 0x0, 0x9, 0xff,
    0x80, 0x0, 0x0, 0x17, 0xff, 0xf6, 0x1, 0x59,
    0xdf, 0xff, 0xff, 0x10, 0x5f, 0xff, 0xff, 0xff,
    0x50, 0x2, 0xff, 0xff, 0xfa, 0x20, 0x0, 0xf,
    0xda, 0x50, 0x0, 0x0, 0x0, 0x0, 0x0, 0x0,
    0x0, 0x0,

    /* U+FE86 "ﺆ" */
    0x0, 0x0, 0x26, 0x63, 0x0, 0x0, 0x0, 0x3,
    0xff, 0xfa, 0x0, 0x0, 0x0, 0xc, 0xe5, 0x43,
    0x0, 0x0, 0x0, 0xc, 0xc0, 0x3, 0x40, 0x0,
    0x0, 0x1a, 0xfe, 0xff, 0xc0, 0x0, 0x0, 0xff,
    0xff, 0xb8, 0x40, 0x0, 0x0, 0x87, 0x30, 0x0,
    0x0, 0x0, 0x0, 0x2, 0x55, 0x20, 0x0, 0x0,
    0x0, 0x9f, 0xff, 0xf9, 0x0, 0x0, 0x9, 0xff,
    0xff, 0xff, 0xb0, 0x0, 0x2f, 0xff, 0xff, 0xff,
    0xf5, 0x0, 0x7f, 0xfd, 0x21, 0xcf, 0xfc, 0x0,
    0x9f, 0xf7, 0x0, 0x2f, 0xff, 0x0, 0x9f, 0xf7,
    0x0, 0xe, 0xff, 0x20, 0x7f, 0xfe, 0x76, 0x6e,
    0xff, 0x84, 0x2f, 0xff, 0xff, 0xff, 0xff, 0xfa,
    0x7, 0xff, 0xff, 0xff, 0xff, 0xfa, 0x0, 0x5c,
    0xff, 0xff, 0xff, 0xfa, 0x0, 0x0, 0x0, 0x8,
    0xff, 0x80, 0x0, 0x0, 0x1, 0x7f, 0xff, 0x60,
    0x1, 0x59, 0xdf, 0xff, 0xff, 0x10, 0x5, 0xff,
    0xff, 0xff, 0xf5, 0x0, 0x2, 0xff, 0xff, 0xfa,
    0x20, 0x0, 0x0, 0xfd, 0xa5, 0x10, 0x0, 0x0,
    0x0, 0x0, 0x0, 0x0, 0x0, 0x0,

    /* U+FE87 "ﺇ" */
    0x3, 0xff, 0xd0, 0x0, 0x2, 0xff, 0xe0, 0x0,
    0x2, 0xff, 0xe0, 0x0, 0x1, 0xff, 0xf0, 0x0,
    0x0, 0xff, 0xf0, 0x0, 0x0, 0xff, 0xf0, 0x0,
    0x0, 0xff, 0xf1, 0x0, 0x0, 0xff, 0xf1, 0x0,
    0x0, 0xef, 0xf2, 0x0, 0x0, 0xdf, 0xf2, 0x0,
    0x0, 0xdf, 0xf3, 0x0, 0x0, 0xcf, 0xf3, 0x0,
    0x0, 0xcf, 0xf4, 0x0, 0x0, 0xbf, 0xf5, 0x0,
    0x0, 0xaf, 0xf5, 0x0, 0x0, 0xaf, 0xf6, 0x0,
    0x0, 0x9f, 0xf6, 0x0, 0x0, 0x0, 0x0, 0x0,
    0x0, 0x6e, 0xfc, 0x0, 0x3, 0xfe, 0xcd, 0x0,
    0x8, 0xf1, 0x0, 0x0, 0x6, 0xf7, 0x69, 0xc0,
    0x5a, 0xff, 0xff, 0xe1, 0x9f, 0xd9, 0x52, 0x0,
    0x11, 0x0, 0x0, 0x0,

    /* U+FE88 "ﺈ" */
    0x0, 0x9f, 0xf7, 0x0, 0x0, 0x8f, 0xf7, 0x0,
    0x0, 0x7f, 0xf8, 0x0, 0x0, 0x7f, 0xf9, 0x0,
    0x0, 0x6f, 0xf9, 0x0, 0x0, 0x6f, 0xfa, 0x0,
    0x0, 0x5f, 0xfa, 0x0, 0x0, 0x4f, 0xfb, 0x0,
    0x0, 0x4f, 0xfc, 0x0, 0x0, 0x3f, 0xfc, 0x0,
    0x0, 0x3f, 0xfd, 0x0, 0x0, 0x2f, 0xfd, 0x0,
    0x0, 0xf, 0xff, 0x0, 0x0, 0xe, 0xff, 0x96,
    0x0, 0x9, 0xff, 0xfe, 0x0, 0x2, 0xff, 0xfe,
    0x0, 0x0, 0x2a, 0xee, 0x0, 0x1, 0x76, 0x30,
    0x0, 0x3f, 0xff, 0xb0, 0x0, 0xbe, 0x55, 0x30,
    0x0, 0xcc, 0x0, 0x23, 0x0, 0x9f, 0xee, 0xfc,
    0xe, 0xff, 0xfd, 0x95, 0x8, 0x84, 0x10, 0x0,

    /* U+FE89 "ﺉ" */
    0x0, 0x0, 0x47, 0x51, 0x0, 0x0, 0x0, 0x0,
    0x0, 0x9, 0xff, 0xf5, 0x0, 0x0, 0x0, 0x0,
    0x0, 0x2f, 0xa2, 0x30, 0x0, 0x0, 0x0, 0x0,
    0x0, 0x2f, 0x81, 0x37, 0x20, 0x0, 0x0, 0x0,
    0x0, 0x5e, 0xff, 0xff, 0x60, 0x0, 0x0, 0x0,
    0x4, 0xff, 0xfb, 0x84, 0x4, 0xcf, 0xfd, 0x80,
    0x1, 0x63, 0x0, 0x0, 0x7f, 0xff, 0xff, 0xd0,
    0x0, 0x0, 0x0, 0x5, 0xff, 0xff, 0xff, 0x90,
    0x0, 0x0, 0x0, 0xe, 0xff, 0xd7, 0x7a, 0x50,
    0xe, 0x82, 0x0, 0x6f, 0xfe, 0x10, 0x0, 0x0,
    0x4f, 0xfe, 0x0, 0xaf, 0xf8, 0x0, 0x0, 0x0,
    0x8f, 0xf9, 0x0, 0xcf, 0xf8, 0x0, 0x0, 0x0,
    0xaf, 0xf6, 0x0, 0xbf, 0xff, 0xd8, 0x30, 0x0,
    0xcf, 0xf4, 0x0, 0x4f, 0xff, 0xff, 0xfc, 0x20,
    0xbf, 0xf4, 0x0, 0x4, 0xef, 0xff, 0xff, 0xe0,
    0xaf, 0xf7, 0x0, 0x0, 0x5, 0xae, 0xff, 0xf3,
    0x7f, 0xfd, 0x0, 0x0, 0x0, 0x5, 0xff, 0xf3,
    0x1f, 0xff, 0xd5, 0x34, 0x7b, 0xff, 0xff, 0xd0,
    0x8, 0xff, 0xff, 0xff, 0xff, 0xff, 0xfe, 0x30,
    0x0, 0xbf, 0xff, 0xff, 0xff, 0xff, 0xa1, 0x0,
    0x0, 0x7, 0xdf, 0xff, 0xfc, 0x71, 0x0, 0x0,
    0x0, 0x0, 0x1, 0x21, 0x0, 0x0, 0x0, 0x0,

    /* U+FE8A "ﺊ" */
    0x0, 0x0, 0x0, 0x2c, 0xfd, 0x30, 0x0, 0x0,
    0x0, 0x0, 0x0, 0xe, 0xfb, 0xd2, 0x0, 0x0,
    0x0, 0x0, 0x0, 0x3, 0xf5, 0x0, 0x0, 0x0,
    0x0, 0x0, 0x0, 0x0, 0x1f, 0xc6, 0x9d, 0x30,
    0x0, 0x0, 0x0, 0x0, 0x3b, 0xff, 0xff, 0xd4,
    0x0, 0x0, 0x0, 0x10, 0x4, 0xfc, 0x85, 0x10,
    0x0, 0x0, 0x0, 0x1f, 0xc6, 0x0, 0x0, 0x0,
    0x0, 0x0, 0x0, 0x5, 0xff, 0xd0, 0x0, 0x0,
    0x59, 0x51, 0x0, 0x0, 0x9f, 0xf8, 0x0, 0x0,
    0xb, 0xff, 0xfd, 0x97, 0x1b, 0xff, 0x50, 0x0,
    0x0, 0xff, 0xff, 0xff, 0xf3, 0xcf, 0xf3, 0x0,
    0x0, 0x19, 0xef, 0xff, 0xff, 0x3b, 0xff, 0x40,
    0x0, 0x0, 0x0, 0x5f, 0xff, 0xf3, 0x9f, 0xf8,
    0x0, 0x0, 0x0, 0x1, 0xff, 0xf0, 0x5, 0xff,
    0xf2, 0x0, 0x0, 0x5, 0xcf, 0xfe, 0x0, 0xe,
    0xff, 0xfa, 0x79, 0xcf, 0xff, 0xff, 0x80, 0x0,
    0x5f, 0xff, 0xff, 0xff, 0xff, 0xff, 0xa0, 0x0,
    0x0, 0x7f, 0xff, 0xff, 0xff, 0xfd, 0x50, 0x0,
    0x0, 0x0, 0x39, 0xde, 0xdb, 0x73, 0x0, 0x0,
    0x0, 0x0, 0x0, 0x0, 0x0, 0x0, 0x0, 0x0,
    0x0, 0x0,

    /* U+FE8B "ﺋ" */
    0x0, 0x6, 0xdf, 0xc0, 0x0, 0x5, 0xfc, 0xaa,
    0x0, 0x0, 0x9f, 0x0, 0x0, 0x0, 0x5, 0xfb,
    0x9d, 0xe0, 0x8, 0xef, 0xff, 0xea, 0x0, 0x9d,
    0x95, 0x20, 0x0, 0x0, 0x0, 0x0, 0x0, 0x0,
    0x0, 0x6, 0xbb, 0x0, 0x0, 0x2, 0xff, 0xf0,
    0x0, 0x0, 0xd, 0xff, 0x40, 0x0, 0x0, 0x9f,
    0xf8, 0x0, 0x0, 0x5, 0xff, 0xb0, 0x0, 0x0,
    0x4f, 0xfc, 0x0, 0x66, 0x7d, 0xff, 0xb0, 0x2f,
    0xff, 0xff, 0xf5, 0x2, 0xff, 0xff, 0xf9, 0x0,
    0x2f, 0xff, 0xc5, 0x0, 0x0,

    /* U+FE8C "ﺌ" */
    0x0, 0x0, 0x67, 0x40, 0x0, 0x1, 0xdf, 0xfe,
    0x0, 0x0, 0x7f, 0x74, 0x50, 0x0, 0x8, 0xf1,
    0x1, 0x40, 0x0, 0x5f, 0xed, 0xff, 0x0, 0xaf,
    0xff, 0xeb, 0x70, 0x7, 0xa6, 0x20, 0x0, 0x0,
    0x0, 0x0, 0x0, 0x0, 0x0, 0x2, 0x9a, 0x80,
    0x0, 0x0, 0x3f, 0xfd, 0x0, 0x0, 0x2, 0xff,
    0xe0, 0x0, 0x0, 0x1f, 0xff, 0x0, 0x6, 0x6a,
    0xff, 0xfa, 0x32, 0xff, 0xff, 0xff, 0xf8, 0x2f,
    0xff, 0xff, 0xff, 0x82, 0xff, 0xd9, 0x29, 0xd8,

    /* U+FE8D "ﺍ" */
    0x3f, 0xfd, 0x2, 0xff, 0xe0, 0x2f, 0xfe, 0x1,
    0xff, 0xf0, 0xf, 0xff, 0x0, 0xff, 0xf0, 0xf,
    0xff, 0x10, 0xff, 0xf1, 0xe, 0xff, 0x20, 0xdf,
    0xf2, 0xd, 0xff, 0x30, 0xcf, 0xf3, 0xc, 0xff,
    0x40, 0xbf, 0xf5, 0xa, 0xff, 0x50, 0xaf, 0xf6,
    0x9, 0xff, 0x60,

    /* U+FE8E "ﺎ" */
    0x9f, 0xf7, 0x0, 0x8f, 0xf7, 0x0, 0x7f, 0xf8,
    0x0, 0x7f, 0xf9, 0x0, 0x6f, 0xf9, 0x0, 0x6f,
    0xfa, 0x0, 0x5f, 0xfa, 0x0, 0x4f, 0xfb, 0x0,
    0x4f, 0xfc, 0x0, 0x3f, 0xfc, 0x0, 0x3f, 0xfd,
    0x0, 0x2f, 0xfd, 0x0, 0xf, 0xff, 0x0, 0xe,
    0xff, 0x96, 0x9, 0xff, 0xfe, 0x2, 0xff, 0xfe,
    0x0, 0x2a, 0xee,

    /* U+FE8F "ﺏ" */
    0x0, 0x0, 0x0, 0x0, 0x0, 0x0, 0x0, 0x0,
    0x0, 0x0, 0x0, 0x0, 0xb, 0xa5, 0x0, 0x0,
    0x0, 0x0, 0x0, 0x0, 0x5, 0xae, 0x0, 0x0,
    0xff, 0xf1, 0x0, 0x0, 0x0, 0x0, 0x0, 0x0,
    0xdf, 0xf4, 0x0, 0x4f, 0xfd, 0x0, 0x0, 0x0,
    0x0, 0x0, 0x0, 0x9, 0xff, 0x90, 0x8, 0xff,
    0x90, 0x0, 0x0, 0x0, 0x0, 0x0, 0x0, 0x5f,
    0xfd, 0x0, 0xbf, 0xf5, 0x0, 0x0, 0x0, 0x0,
    0x0, 0x0, 0x1, 0xff, 0xf0, 0xc, 0xff, 0x50,
    0x0, 0x0, 0x0, 0x0, 0x0, 0x0, 0x1f, 0xff,
    0x0, 0x9f, 0xff, 0xb8, 0x76, 0x66, 0x66, 0x66,
    0x78, 0xae, 0xff, 0xd0, 0x2, 0xff, 0xff, 0xff,
    0xff, 0xff, 0xff, 0xff, 0xff, 0xff, 0xf7, 0x0,
    0x5, 0xff, 0xff, 0xff, 0xff, 0xff, 0xff, 0xff,
    0xff, 0xfa, 0x0, 0x0, 0x2, 0x8c, 0xef, 0xff,
    0xff, 0xff, 0xff, 0xec, 0x93, 0x0, 0x0, 0x0,
    0x0, 0x0, 0x0, 0x0, 0x0, 0x0, 0x0, 0x0,
    0x0, 0x0, 0x0, 0x0, 0x0, 0x0, 0x0, 0x6,
    0x0, 0x0, 0x0, 0x0, 0x0, 0x0, 0x0, 0x0,
    0x0, 0x0, 0x9, 0xfc, 0x0, 0x0, 0x0, 0x0,
    0x0, 0x0, 0x0, 0x0, 0x0, 0x5, 0xff, 0xf9,
    0x0, 0x0, 0x0, 0x0, 0x0, 0x0, 0x0, 0x0,
    0x0, 0x9, 0xfc, 0x10, 0x0, 0x0, 0x0, 0x0,
    0x0, 0x0, 0x0, 0x0, 0x0, 0x7, 0x0, 0x0,
    0x0, 0x0, 0x0, 0x0,

    /* U+FE90 "ﺐ" */
    0x0, 0x0, 0x0, 0x0, 0x0, 0x0, 0x0, 0x0,
    0x0, 0x0, 0x0, 0x0, 0x0, 0xba, 0x50, 0x0,
    0x0, 0x0, 0x0, 0x0, 0x0, 0x0, 0x0, 0x0,
    0x0, 0xff, 0xf1, 0x0, 0x0, 0x0, 0x0, 0x0,
    0x0, 0x0, 0x0, 0x0, 0x4, 0xff, 0xd0, 0x0,
    0x0, 0x0, 0x0, 0x0, 0x0, 0x28, 0xa8, 0x0,
    0x8, 0xff, 0x90, 0x0, 0x0, 0x0, 0x0, 0x0,
    0x0, 0x3f, 0xfd, 0x0, 0xb, 0xff, 0x50, 0x0,
    0x0, 0x0, 0x0, 0x0, 0x0, 0x1f, 0xff, 0x0,
    0xc, 0xff, 0x50, 0x0, 0x0, 0x0, 0x0, 0x0,
    0x0, 0xf, 0xff, 0x10, 0x9, 0xff, 0xfb, 0x87,
    0x66, 0x66, 0x66, 0x66, 0x66, 0xaf, 0xff, 0xb3,
    0x2, 0xff, 0xff, 0xff, 0xff, 0xff, 0xff, 0xff,
    0xff, 0xff, 0xff, 0xf9, 0x0, 0x5f, 0xff, 0xff,
    0xff, 0xff, 0xff, 0xff, 0xff, 0xff, 0xff, 0xf9,
    0x0, 0x2, 0x8c, 0xef, 0xff, 0xff, 0xff, 0xff,
    0xff, 0xd9, 0x29, 0xd8, 0x0, 0x0, 0x0, 0x0,
    0x0, 0x0, 0x0, 0x0, 0x0, 0x0, 0x0, 0x0,
    0x0, 0x0, 0x0, 0x0, 0x0, 0x4, 0x30, 0x0,
    0x0, 0x0, 0x0, 0x0, 0x0, 0x0, 0x0, 0x0,
    0x0, 0x4f, 0xe3, 0x0, 0x0, 0x0, 0x0, 0x0,
    0x0, 0x0, 0x0, 0x0, 0x1, 0xff, 0xfe, 0x0,
    0x0, 0x0, 0x0, 0x0, 0x0, 0x0, 0x0, 0x0,
    0x0, 0x4f, 0xf3, 0x0, 0x0, 0x0, 0x0, 0x0,
    0x0, 0x0, 0x0, 0x0, 0x0, 0x4, 0x30, 0x0,
    0x0, 0x0, 0x0, 0x0,

    /* U+FE91 "ﺑ" */
    0x0, 0x0, 0x0, 0x0, 0x0, 0x0, 0x16, 0xbb,
    0x0, 0x0, 0x2, 0xff, 0xf0, 0x0, 0x0, 0xd,
    0xff, 0x40, 0x0, 0x0, 0x9f, 0xf8, 0x0, 0x0,
    0x5, 0xff, 0xb0, 0x0, 0x0, 0x4f, 0xfc, 0x0,
    0x66, 0x7d, 0xff, 0xb0, 0x2f, 0xff, 0xff, 0xf5,
    0x2, 0xff, 0xff, 0xf9, 0x0, 0x2f, 0xff, 0xc5,
    0x0, 0x0, 0x0, 0x0, 0x0, 0x0, 0x0, 0x60,
    0x0, 0x0, 0x0, 0x8f, 0xc0, 0x0, 0x0, 0x5f,
    0xff, 0x90, 0x0, 0x0, 0x9f, 0xd1, 0x0, 0x0,
    0x0, 0x71, 0x0, 0x0, 0x0,

    /* U+FE92 "ﺒ" */
    0x0, 0x2, 0x8a, 0x80, 0x0, 0x0, 0x3f, 0xfd,
    0x0, 0x0, 0x2, 0xff, 0xe0, 0x0, 0x0, 0x1f,
    0xff, 0x0, 0x6, 0x6a, 0xff, 0xfa, 0x32, 0xff,
    0xff, 0xff, 0xf8, 0x2f, 0xff, 0xff, 0xff, 0x82,
    0xff, 0xd9, 0x29, 0xd8, 0x0, 0x0, 0x0, 0x0,
    0x0, 0x0, 0x16, 0x0, 0x0, 0x0, 0x1d, 0xf7,
    0x0, 0x0, 0xb, 0xff, 0xf3, 0x0, 0x0, 0x1d,
    0xf8, 0x0, 0x0, 0x0, 0x16, 0x0, 0x0,

    /* U+FE93 "ﺓ" */
    0x1, 0x60, 0x0, 0x34, 0x0, 0x1d, 0xf6, 0x3,
    0xff, 0x40, 0x6f, 0xfd, 0x9, 0xff, 0xa0, 0x8,
    0xd1, 0x0, 0xbb, 0x0, 0x0, 0x2, 0x50, 0x0,
    0x0, 0x0, 0x1d, 0xf6, 0x0, 0x0, 0x0, 0xbf,
    0xff, 0x70, 0x0, 0x0, 0xaf, 0xff, 0xf8, 0x0,
    0x6, 0xff, 0xff, 0xff, 0x60, 0x1f, 0xff, 0xce,
    0xff, 0xf1, 0x8f, 0xfd, 0x12, 0xef, 0xf6, 0xbf,
    0xf5, 0x0, 0x7f, 0xf8, 0xcf, 0xf4, 0x0, 0x6f,
    0xf9, 0x9f, 0xfd, 0x66, 0xef, 0xf6, 0x3f, 0xff,
    0xff, 0xff, 0xe1, 0x7, 0xff, 0xff, 0xff, 0x40,
    0x0, 0x4c, 0xff, 0xb3, 0x0,

    /* U+FE94 "ﺔ" */
    0x0, 0x2, 0x60, 0x0, 0x44, 0x0, 0x0, 0x0,
    0x2e, 0xf7, 0x4, 0xff, 0x40, 0x0, 0x0, 0x6f,
    0xfd, 0xa, 0xff, 0xa0, 0x0, 0x0, 0x7, 0xd1,
    0x0, 0xaa, 0x0, 0x0, 0x0, 0x0, 0x0, 0x0,
    0x0, 0x0, 0x0, 0x0, 0x0, 0x0, 0x9, 0xff,
    0x70, 0x0, 0x0, 0x0, 0x28, 0xdf, 0xff, 0x70,
    0x0, 0x0, 0x1b, 0xff, 0xff, 0xff, 0x70, 0x0,
    0x0, 0xcf, 0xff, 0xff, 0xff, 0x70, 0x0, 0x6,
    0xff, 0xff, 0x9b, 0xff, 0x70, 0x0, 0xb, 0xff,
    0xa0, 0x9, 0xff, 0x70, 0x0, 0xc, 0xff, 0x40,
    0x9, 0xff, 0x70, 0x0, 0xa, 0xff, 0xc3, 0x5c,
    0xff, 0x70, 0x0, 0x4, 0xff, 0xff, 0xff, 0xff,
    0xc0, 0x0, 0x0, 0xaf, 0xff, 0xff, 0xff, 0xfc,
    0x71, 0x0, 0x8, 0xff, 0xff, 0xef, 0xff, 0xf2,
    0x0, 0x0, 0x3, 0x10, 0xc, 0xff, 0xf2, 0x0,
    0x0, 0x0, 0x0, 0x0, 0x7d, 0xf2,

    /* U+FE95 "ﺕ" */
    0x0, 0x0, 0x0, 0x0, 0x1, 0x0, 0x0, 0x0,
    0x0, 0x0, 0x0, 0x0, 0x0, 0x0, 0x0, 0x8,
    0xd1, 0x0, 0xbc, 0x0, 0x0, 0x0, 0x0, 0x0,
    0x0, 0x0, 0x7, 0xff, 0xd0, 0xaf, 0xfb, 0x0,
    0x0, 0x0, 0x0, 0xb, 0xa5, 0x0, 0x1d, 0xf6,
    0x3, 0xef, 0x30, 0x5, 0xae, 0x0, 0x0, 0xff,
    0xf1, 0x0, 0x15, 0x0, 0x3, 0x30, 0x0, 0xdf,
    0xf4, 0x0, 0x4f, 0xfd, 0x0, 0x0, 0x0, 0x0,
    0x0, 0x0, 0x9, 0xff, 0x90, 0x8, 0xff, 0x90,
    0x0, 0x0, 0x0, 0x0, 0x0, 0x0, 0x5f, 0xfd,
    0x0, 0xbf, 0xf5, 0x0, 0x0, 0x0, 0x0, 0x0,
    0x0, 0x1, 0xff, 0xf0, 0xc, 0xff, 0x50, 0x0,
    0x0, 0x0, 0x0, 0x0, 0x0, 0x1f, 0xff, 0x0,
    0x9f, 0xff, 0xb8, 0x76, 0x66, 0x66, 0x66, 0x78,
    0xae, 0xff, 0xd0, 0x2, 0xff, 0xff, 0xff, 0xff,
    0xff, 0xff, 0xff, 0xff, 0xff, 0xf7, 0x0, 0x5,
    0xff, 0xff, 0xff, 0xff, 0xff, 0xff, 0xff, 0xff,
    0xfa, 0x0, 0x0, 0x2, 0x8c, 0xef, 0xff, 0xff,
    0xff, 0xff, 0xec, 0x93, 0x0, 0x0,

    /* U+FE96 "ﺖ" */
    0x0, 0x0, 0x0, 0x0, 0x1, 0x0, 0x0, 0x10,
    0x0, 0x0, 0x0, 0x0, 0x0, 0x0, 0x0, 0x0,
    0x7e, 0x30, 0xa, 0xd1, 0x0, 0x0, 0x0, 0x0,
    0x0, 0x0, 0x0, 0x5, 0xff, 0xe1, 0x8f, 0xfc,
    0x0, 0x0, 0x0, 0x0, 0x0, 0xba, 0x50, 0x0,
    0xcf, 0x70, 0x2e, 0xf5, 0x0, 0x0, 0x0, 0x0,
    0x0, 0xff, 0xf1, 0x0, 0x5, 0x0, 0x2, 0x40,
    0x0, 0x0, 0x0, 0x0, 0x4, 0xff, 0xd0, 0x0,
    0x0, 0x0, 0x0, 0x0, 0x0, 0x28, 0xa8, 0x0,
    0x8, 0xff, 0x90, 0x0, 0x0, 0x0, 0x0, 0x0,
    0x0, 0x3f, 0xfd, 0x0, 0xb, 0xff, 0x50, 0x0,
    0x0, 0x0, 0x0, 0x0, 0x0, 0x1f, 0xff, 0x0,
    0xc, 0xff, 0x50, 0x0, 0x0, 0x0, 0x0, 0x0,
    0x0, 0xf, 0xff, 0x10, 0x9, 0xff, 0xfb, 0x87,
    0x66, 0x66, 0x66, 0x66, 0x66, 0xaf, 0xff, 0xb3,
    0x2, 0xff, 0xff, 0xff, 0xff, 0xff, 0xff, 0xff,
    0xff, 0xff, 0xff, 0xf9, 0x0, 0x5f, 0xff, 0xff,
    0xff, 0xff, 0xff, 0xff, 0xff, 0xff, 0xff, 0xf9,
    0x0, 0x2, 0x8c, 0xef, 0xff, 0xff, 0xff, 0xff,
    0xff, 0xd9, 0x29, 0xd8,

    /* U+FE97 "ﺗ" */
    0x0, 0x3, 0x10, 0x0, 0x40, 0x0, 0x3, 0xed,
    0x10, 0x5f, 0xa0, 0x0, 0xcf, 0xf9, 0x1f, 0xff,
    0x60, 0x2, 0xeb, 0x0, 0x3f, 0x90, 0x0, 0x1,
    0x0, 0x0, 0x20, 0x0, 0x0, 0x0, 0x0, 0x0,
    0x0, 0x0, 0x0, 0x2, 0x7c, 0x80, 0x0, 0x0,
    0x0, 0x5f, 0xfc, 0x0, 0x0, 0x0, 0x1, 0xff,
    0xf0, 0x0, 0x0, 0x0, 0xd, 0xff, 0x40, 0x0,
    0x0, 0x0, 0x9f, 0xf8, 0x0, 0x0, 0x0, 0x8,
    0xff, 0x90, 0x6, 0x66, 0x68, 0xff, 0xf7, 0x2,
    0xff, 0xff, 0xff, 0xff, 0x20, 0x2f, 0xff, 0xff,
    0xff, 0x60, 0x2, 0xff, 0xff, 0xea, 0x30, 0x0,

    /* U+FE98 "ﺘ" */
    0x0, 0x5, 0x0, 0x0, 0x50, 0x0, 0x0, 0x8f,
    0xa0, 0xb, 0xf7, 0x0, 0x2, 0xff, 0xf4, 0x5f,
    0xff, 0x10, 0x0, 0x4f, 0x60, 0x7, 0xf3, 0x0,
    0x0, 0x1, 0x0, 0x0, 0x10, 0x0, 0x0, 0x0,
    0x0, 0x0, 0x0, 0x0, 0x0, 0x0, 0x0, 0x49,
    0xa5, 0x0, 0x0, 0x0, 0x0, 0x8f, 0xf8, 0x0,
    0x0, 0x0, 0x0, 0x6f, 0xf9, 0x0, 0x0, 0x0,
    0x0, 0x5f, 0xfb, 0x0, 0x6, 0x66, 0x66, 0xcf,
    0xff, 0x81, 0x2f, 0xff, 0xff, 0xff, 0xff, 0xf4,
    0x2f, 0xff, 0xff, 0xff, 0xff, 0xf4, 0x2f, 0xff,
    0xff, 0xc6, 0x3b, 0xe3,

    /* U+FE99 "ﺙ" */
    0x0, 0x0, 0x0, 0x0, 0x0, 0x2, 0x0, 0x0,
    0x0, 0x0, 0x0, 0x0, 0x0, 0x0, 0x0, 0x0,
    0x4, 0xf8, 0x0, 0x0, 0x0, 0x0, 0x0, 0x0,
    0x0, 0x0, 0x0, 0x0, 0xaf, 0xd0, 0x0, 0x0,
    0x0, 0x0, 0x0, 0x0, 0x0, 0x0, 0x0, 0x10,
    0x81, 0x0, 0x0, 0x0, 0x0, 0x0, 0x0, 0x0,
    0x0, 0x0, 0x8d, 0x10, 0xb, 0xb0, 0x0, 0x0,
    0x0, 0x0, 0x0, 0x0, 0x0, 0x7f, 0xfd, 0xa,
    0xff, 0xa0, 0x0, 0x0, 0x0, 0x0, 0xba, 0x50,
    0x1, 0xdf, 0x60, 0x3f, 0xe3, 0x0, 0x5a, 0xe0,
    0x0, 0xf, 0xff, 0x10, 0x1, 0x50, 0x0, 0x33,
    0x0, 0xd, 0xff, 0x40, 0x4, 0xff, 0xd0, 0x0,
    0x0, 0x0, 0x0, 0x0, 0x0, 0x9f, 0xf9, 0x0,
    0x8f, 0xf9, 0x0, 0x0, 0x0, 0x0, 0x0, 0x0,
    0x5, 0xff, 0xd0, 0xb, 0xff, 0x50, 0x0, 0x0,
    0x0, 0x0, 0x0, 0x0, 0x1f, 0xff, 0x0, 0xcf,
    0xf5, 0x0, 0x0, 0x0, 0x0, 0x0, 0x0, 0x1,
    0xff, 0xf0, 0x9, 0xff, 0xfb, 0x87, 0x66, 0x66,
    0x66, 0x67, 0x8a, 0xef, 0xfd, 0x0, 0x2f, 0xff,
    0xff, 0xff, 0xff, 0xff, 0xff, 0xff, 0xff, 0xff,
    0x70, 0x0, 0x5f, 0xff, 0xff, 0xff, 0xff, 0xff,
    0xff, 0xff, 0xff, 0xa0, 0x0, 0x0, 0x28, 0xce,
    0xff, 0xff, 0xff, 0xff, 0xfe, 0xc9, 0x30, 0x0,

    /* U+FE9A "ﺚ" */
    0x0, 0x0, 0x0, 0x0, 0x0, 0x1, 0x0, 0x0,
    0x0, 0x0, 0x0, 0x0, 0x0, 0x0, 0x0, 0x0,
    0x0, 0x2e, 0x90, 0x0, 0x0, 0x0, 0x0, 0x0,
    0x0, 0x0, 0x0, 0x0, 0x0, 0x8f, 0xf2, 0x0,
    0x0, 0x0, 0x0, 0x0, 0x0, 0x0, 0x0, 0x0,
    0x0, 0x8, 0x30, 0x0, 0x0, 0x0, 0x0, 0x0,
    0x0, 0x0, 0x0, 0x0, 0x5e, 0x20, 0x8, 0xc1,
    0x0, 0x0, 0x0, 0x0, 0x0, 0xba, 0x50, 0x4,
    0xff, 0xe2, 0x7f, 0xfc, 0x0, 0x0, 0x0, 0x0,
    0x0, 0xff, 0xf1, 0x0, 0xcf, 0x90, 0x2e, 0xf6,
    0x0, 0x0, 0x0, 0x0, 0x4, 0xff, 0xd0, 0x0,
    0x7, 0x0, 0x2, 0x50, 0x0, 0x28, 0xa8, 0x0,
    0x8, 0xff, 0x90, 0x0, 0x0, 0x0, 0x0, 0x0,
    0x0, 0x3f, 0xfd, 0x0, 0xb, 0xff, 0x50, 0x0,
    0x0, 0x0, 0x0, 0x0, 0x0, 0x1f, 0xff, 0x0,
    0xc, 0xff, 0x50, 0x0, 0x0, 0x0, 0x0, 0x0,
    0x0, 0xf, 0xff, 0x10, 0x9, 0xff, 0xfb, 0x87,
    0x66, 0x66, 0x66, 0x66, 0x66, 0xaf, 0xff, 0xb3,
    0x2, 0xff, 0xff, 0xff, 0xff, 0xff, 0xff, 0xff,
    0xff, 0xff, 0xff, 0xf9, 0x0, 0x5f, 0xff, 0xff,
    0xff, 0xff, 0xff, 0xff, 0xff, 0xff, 0xff, 0xf9,
    0x0, 0x2, 0x8c, 0xef, 0xff, 0xff, 0xff, 0xff,
    0xff, 0xd9, 0x29, 0xd8,

    /* U+FE9B "ﺛ" */
    0x0, 0x0, 0x5, 0x0, 0x0, 0x0, 0x0, 0x7,
    0xfb, 0x0, 0x0, 0x0, 0x0, 0x7f, 0xb0, 0x0,
    0x0, 0x0, 0x30, 0x50, 0x12, 0x0, 0x0, 0xbf,
    0x40, 0x1d, 0xe1, 0x0, 0x7f, 0xfe, 0xb, 0xff,
    0xb0, 0x0, 0xaf, 0x30, 0x1d, 0xd1, 0x0, 0x0,
    0x20, 0x0, 0x11, 0x0, 0x0, 0x0, 0x0, 0x0,
    0x0, 0x0, 0x0, 0x0, 0x27, 0xc8, 0x0, 0x0,
    0x0, 0x5, 0xff, 0xc0, 0x0, 0x0, 0x0, 0x1f,
    0xff, 0x0, 0x0, 0x0, 0x0, 0xdf, 0xf4, 0x0,
    0x0, 0x0, 0x9, 0xff, 0x80, 0x0, 0x0, 0x0,
    0x8f, 0xf9, 0x0, 0x66, 0x66, 0x8f, 0xff, 0x70,
    0x2f, 0xff, 0xff, 0xff, 0xf2, 0x2, 0xff, 0xff,
    0xff, 0xf6, 0x0, 0x2f, 0xff, 0xfe, 0xa3, 0x0,
    0x0,

    /* U+FE9C "ﺜ" */
    0x0, 0x0, 0x5, 0x10, 0x0, 0x0, 0x0, 0x0,
    0x6f, 0xd1, 0x0, 0x0, 0x0, 0x0, 0x4f, 0xc0,
    0x0, 0x0, 0x0, 0x4, 0x3, 0x1, 0x30, 0x0,
    0x0, 0xaf, 0x70, 0x1d, 0xf4, 0x0, 0x4, 0xff,
    0xf1, 0x8f, 0xfd, 0x0, 0x0, 0x7f, 0x40, 0xa,
    0xe2, 0x0, 0x0, 0x2, 0x0, 0x0, 0x10, 0x0,
    0x0, 0x0, 0x0, 0x0, 0x0, 0x0, 0x0, 0x0,
    0x0, 0x49, 0xa5, 0x0, 0x0, 0x0, 0x0, 0x8f,
    0xf8, 0x0, 0x0, 0x0, 0x0, 0x6f, 0xf9, 0x0,
    0x0, 0x0, 0x0, 0x5f, 0xfb, 0x0, 0x6, 0x66,
    0x66, 0xcf, 0xff, 0x81, 0x2f, 0xff, 0xff, 0xff,
    0xff, 0xf4, 0x2f, 0xff, 0xff, 0xff, 0xff, 0xf4,
    0x2f, 0xff, 0xff, 0xc6, 0x3b, 0xe3,

    /* U+FE9D "ﺝ" */
    0x0, 0x0, 0x2, 0x67, 0x40, 0x0, 0x0, 0x0,
    0x0, 0x0, 0xa, 0xff, 0xff, 0xe6, 0x0, 0x0,
    0x0, 0x0, 0xc, 0xff, 0xff, 0xff, 0xfd, 0x40,
    0x0, 0x0, 0x7, 0xff, 0xff, 0xff, 0xff, 0xff,
    0xb2, 0x0, 0x0, 0x6f, 0xfb, 0x10, 0x4c, 0xff,
    0xff, 0xf9, 0x0, 0x0, 0x1a, 0x0, 0x0, 0x4,
    0xcf, 0xff, 0xf0, 0x0, 0x0, 0x0, 0x0, 0x1,
    0x59, 0xff, 0xfe, 0x0, 0x0, 0x0, 0x3, 0x9d,
    0xff, 0xff, 0xff, 0xc0, 0x0, 0x0, 0x5d, 0xff,
    0xff, 0xff, 0xff, 0xf8, 0x0, 0x0, 0x8f, 0xff,
    0xff, 0xff, 0xd9, 0x40, 0x0, 0x0, 0x7f, 0xff,
    0xff, 0xa6, 0x10, 0x0, 0x0, 0x0, 0x1f, 0xff,
    0xe5, 0x0, 0x0, 0x0, 0x0, 0x0, 0x7, 0xff,
    0xe1, 0x0, 0xb, 0x80, 0x0, 0x0, 0x0, 0xbf,
    0xf7, 0x0, 0xb, 0xff, 0x80, 0x0, 0x0, 0xc,
    0xff, 0x40, 0x1, 0xdf, 0xfa, 0x0, 0x0, 0x0,
    0xbf, 0xf6, 0x0, 0x1, 0xda, 0x0, 0x0, 0x0,
    0x7, 0xff, 0xd0, 0x0, 0x1, 0x0, 0x2, 0x75,
    0x0, 0x2f, 0xff, 0xc3, 0x0, 0x15, 0xae, 0xff,
    0xb0, 0x0, 0x9f, 0xff, 0xfe, 0xef, 0xff, 0xff,
    0xfe, 0x0, 0x0, 0xbf, 0xff, 0xff, 0xff, 0xff,
    0xff, 0xc1, 0x0, 0x0, 0x7f, 0xff, 0xff, 0xfd,
    0x95, 0x10, 0x0, 0x0, 0x0, 0x5, 0x77, 0x52,
    0x0, 0x0, 0x0,

    /* U+FE9E "ﺞ" */
    0x0, 0x0, 0x2, 0x67, 0x40, 0x0, 0x0, 0x0,
    0x0, 0x0, 0x0, 0xaf, 0xff, 0xfe, 0x60, 0x0,
    0x0, 0x0, 0x0, 0xc, 0xff, 0xff, 0xff, 0xfd,
    0x40, 0x0, 0x0, 0x0, 0x7f, 0xff, 0xff, 0xff,
    0xff, 0xfb, 0x20, 0x0, 0x0, 0x6f, 0xfb, 0x10,
    0x4c, 0xff, 0xff, 0xf9, 0x0, 0x0, 0x1, 0xa0,
    0x0, 0x0, 0x4c, 0xff, 0xff, 0x0, 0x0, 0x0,
    0x0, 0x0, 0x1, 0x59, 0xff, 0xfe, 0x0, 0x0,
    0x0, 0x0, 0x39, 0xdf, 0xff, 0xff, 0xfc, 0x0,
    0x0, 0x0, 0x5d, 0xff, 0xff, 0xff, 0xff, 0xf9,
    0x0, 0x0, 0x8, 0xff, 0xff, 0xff, 0xfd, 0xef,
    0xfe, 0x75, 0x0, 0x7f, 0xff, 0xff, 0xa6, 0x10,
    0x5f, 0xff, 0xfd, 0x1, 0xff, 0xfe, 0x50, 0x0,
    0x0, 0x8, 0xff, 0xfd, 0x7, 0xff, 0xe1, 0x0,
    0xb, 0x50, 0x0, 0x4b, 0xed, 0xb, 0xff, 0x70,
    0x0, 0xbf, 0xf5, 0x0, 0x0, 0x0, 0xc, 0xff,
    0x40, 0x2, 0xef, 0xfa, 0x0, 0x0, 0x0, 0xb,
    0xff, 0x60, 0x0, 0x3e, 0xa0, 0x0, 0x0, 0x0,
    0x7, 0xff, 0xd0, 0x0, 0x2, 0x0, 0x2, 0x75,
    0x0, 0x2, 0xff, 0xfc, 0x30, 0x1, 0x5a, 0xef,
    0xfb, 0x0, 0x0, 0x9f, 0xff, 0xfe, 0xef, 0xff,
    0xff, 0xfe, 0x0, 0x0, 0xb, 0xff, 0xff, 0xff,
    0xff, 0xff, 0xfc, 0x10, 0x0, 0x0, 0x7f, 0xff,
    0xff, 0xfd, 0x95, 0x10, 0x0, 0x0, 0x0, 0x0,
    0x57, 0x75, 0x20, 0x0, 0x0, 0x0,

    /* U+FE9F "ﺟ" */
    0x0, 0x0, 0x0, 0x0, 0x0, 0x0, 0x0, 0x0,
    0x0, 0x0, 0x7, 0xbc, 0x93, 0x0, 0x0, 0x0,
    0x0, 0x2, 0xef, 0xff, 0xff, 0xa1, 0x0, 0x0,
    0x0, 0x1e, 0xff, 0xff, 0xff, 0xff, 0x80, 0x0,
    0x0, 0x9f, 0xff, 0xdb, 0xff, 0xff, 0xfe, 0x50,
    0x0, 0x2c, 0xf8, 0x0, 0x8, 0xff, 0xff, 0xfb,
    0x0, 0x0, 0x50, 0x0, 0x0, 0x18, 0xff, 0xfc,
    0x0, 0x0, 0x0, 0x0, 0x36, 0xae, 0xff, 0xfb,
    0x6, 0x67, 0x89, 0xcf, 0xff, 0xff, 0xff, 0xf9,
    0x2f, 0xff, 0xff, 0xff, 0xff, 0xff, 0xfe, 0xa3,
    0x2f, 0xff, 0xff, 0xff, 0xff, 0xc7, 0x30, 0x0,
    0x2f, 0xff, 0xec, 0xa7, 0x40, 0x0, 0x0, 0x0,
    0x0, 0x0, 0x0, 0x0, 0x0, 0x0, 0x0, 0x0,
    0x0, 0x0, 0x0, 0x0, 0x81, 0x0, 0x0, 0x0,
    0x0, 0x0, 0x0, 0xa, 0xfd, 0x10, 0x0, 0x0,
    0x0, 0x0, 0x0, 0x5f, 0xff, 0x90, 0x0, 0x0,
    0x0, 0x0, 0x0, 0x7, 0xfb, 0x0, 0x0, 0x0,
    0x0, 0x0, 0x0, 0x0, 0x50, 0x0, 0x0, 0x0,

    /* U+FEA0 "ﺠ" */
    0x0, 0x0, 0x0, 0x0, 0x0, 0x0, 0x0, 0x0,
    0x0, 0x0, 0x0, 0x4c, 0xff, 0xd6, 0x0, 0x0,
    0x0, 0x0, 0x0, 0x7, 0xff, 0xff, 0xff, 0xe6,
    0x0, 0x0, 0x0, 0x0, 0x4f, 0xff, 0xff, 0xff,
    0xff, 0xd5, 0x0, 0x0, 0x0, 0xcf, 0xfe, 0x76,
    0xcf, 0xff, 0xff, 0xc3, 0x0, 0x0, 0x9, 0xf3,
    0x0, 0x3, 0xaf, 0xff, 0xfc, 0x0, 0x0, 0x0,
    0x10, 0x0, 0x0, 0x18, 0xff, 0xfa, 0x0, 0x0,
    0x0, 0x0, 0x25, 0x9d, 0xff, 0xff, 0xf8, 0x0,
    0x7, 0x89, 0xbe, 0xff, 0xff, 0xff, 0xff, 0xfb,
    0x63, 0x2f, 0xff, 0xff, 0xff, 0xff, 0xff, 0xef,
    0xff, 0xf8, 0x2f, 0xff, 0xff, 0xff, 0xd9, 0x40,
    0x4f, 0xff, 0xf8, 0x2f, 0xfd, 0xc9, 0x62, 0x0,
    0x0, 0x3, 0xbf, 0xf8, 0x0, 0x0, 0x0, 0x0,
    0x0, 0x0, 0x0, 0x0, 0x0, 0x0, 0x0, 0x0,
    0x0, 0x81, 0x0, 0x0, 0x0, 0x0, 0x0, 0x0,
    0x0, 0xa, 0xfd, 0x10, 0x0, 0x0, 0x0, 0x0,
    0x0, 0x0, 0x5f, 0xff, 0x90, 0x0, 0x0, 0x0,
    0x0, 0x0, 0x0, 0x7, 0xfb, 0x0, 0x0, 0x0,
    0x0, 0x0, 0x0, 0x0, 0x0, 0x50, 0x0, 0x0,
    0x0, 0x0,

    /* U+FEA1 "ﺡ" */
    0x0, 0x0, 0x2, 0x67, 0x40, 0x0, 0x0, 0x0,
    0x0, 0x0, 0xa, 0xff, 0xff, 0xe6, 0x0, 0x0,
    0x0, 0x0, 0xc, 0xff, 0xff, 0xff, 0xfd, 0x40,
    0x0, 0x0, 0x7, 0xff, 0xff, 0xff, 0xff, 0xff,
    0xb2, 0x0, 0x0, 0x6f, 0xfb, 0x10, 0x4c, 0xff,
    0xff, 0xf9, 0x0, 0x0, 0x1a, 0x0, 0x0, 0x4,
    0xcf, 0xff, 0xf0, 0x0, 0x0, 0x0, 0x0, 0x1,
    0x59, 0xff, 0xfe, 0x0, 0x0, 0x0, 0x3, 0x9d,
    0xff, 0xff, 0xff, 0xc0, 0x0, 0x0, 0x5d, 0xff,
    0xff, 0xff, 0xff, 0xf8, 0x0, 0x0, 0x8f, 0xff,
    0xff, 0xff, 0xd9, 0x40, 0x0, 0x0, 0x7f, 0xff,
    0xff, 0xa6, 0x10, 0x0, 0x0, 0x0, 0x1f, 0xff,
    0xe5, 0x0, 0x0, 0x0, 0x0, 0x0, 0x7, 0xff,
    0xe1, 0x0, 0x0, 0x0, 0x0, 0x0, 0x0, 0xbf,
    0xf7, 0x0, 0x0, 0x0, 0x0, 0x0, 0x0, 0xc,
    0xff, 0x40, 0x0, 0x0, 0x0, 0x0, 0x0, 0x0,
    0xbf, 0xf6, 0x0, 0x0, 0x0, 0x0, 0x0, 0x0,
    0x7, 0xff, 0xd0, 0x0, 0x0, 0x0, 0x2, 0x75,
    0x0, 0x2f, 0xff, 0xc3, 0x0, 0x15, 0xae, 0xff,
    0xb0, 0x0, 0x9f, 0xff, 0xfe, 0xef, 0xff, 0xff,
    0xfe, 0x0, 0x0, 0xbf, 0xff, 0xff, 0xff, 0xff,
    0xff, 0xc1, 0x0, 0x0, 0x7f, 0xff, 0xff, 0xfd,
    0x95, 0x10, 0x0, 0x0, 0x0, 0x5, 0x77, 0x52,
    0x0, 0x0, 0x0,

    /* U+FEA2 "ﺢ" */
    0x0, 0x0, 0x2, 0x67, 0x40, 0x0, 0x0, 0x0,
    0x0, 0x0, 0x0, 0xaf, 0xff, 0xfe, 0x60, 0x0,
    0x0, 0x0, 0x0, 0xc, 0xff, 0xff, 0xff, 0xfd,
    0x40, 0x0, 0x0, 0x0, 0x7f, 0xff, 0xff, 0xff,
    0xff, 0xfb, 0x20, 0x0, 0x0, 0x6f, 0xfb, 0x10,
    0x4c, 0xff, 0xff, 0xf9, 0x0, 0x0, 0x1, 0xa0,
    0x0, 0x0, 0x4c, 0xff, 0xff, 0x0, 0x0, 0x0,
    0x0, 0x0, 0x1, 0x59, 0xff, 0xfe, 0x0, 0x0,
    0x0, 0x0, 0x39, 0xdf, 0xff, 0xff, 0xfc, 0x0,
    0x0, 0x0, 0x5d, 0xff, 0xff, 0xff, 0xff, 0xf9,
    0x0, 0x0, 0x8, 0xff, 0xff, 0xff, 0xfd, 0xef,
    0xfe, 0x75, 0x0, 0x7f, 0xff, 0xff, 0xa6, 0x10,
    0x5f, 0xff, 0xfd, 0x1, 0xff, 0xfe, 0x50, 0x0,
    0x0, 0x8, 0xff, 0xfd, 0x7, 0xff, 0xe1, 0x0,
    0x0, 0x0, 0x0, 0x4b, 0xed, 0xb, 0xff, 0x70,
    0x0, 0x0, 0x0, 0x0, 0x0, 0x0, 0xc, 0xff,
    0x40, 0x0, 0x0, 0x0, 0x0, 0x0, 0x0, 0xb,
    0xff, 0x60, 0x0, 0x0, 0x0, 0x0, 0x0, 0x0,
    0x7, 0xff, 0xd0, 0x0, 0x0, 0x0, 0x2, 0x75,
    0x0, 0x2, 0xff, 0xfc, 0x30, 0x1, 0x5a, 0xef,
    0xfb, 0x0, 0x0, 0x9f, 0xff, 0xfe, 0xef, 0xff,
    0xff, 0xfe, 0x0, 0x0, 0xb, 0xff, 0xff, 0xff,
    0xff, 0xff, 0xfc, 0x10, 0x0, 0x0, 0x7f, 0xff,
    0xff, 0xfd, 0x95, 0x10, 0x0, 0x0, 0x0, 0x0,
    0x57, 0x75, 0x20, 0x0, 0x0, 0x0,

    /* U+FEA3 "ﺣ" */
    0x0, 0x0, 0x0, 0x0, 0x0, 0x0, 0x0, 0x0,
    0x0, 0x0, 0x7, 0xbc, 0x93, 0x0, 0x0, 0x0,
    0x0, 0x2, 0xef, 0xff, 0xff, 0xa1, 0x0, 0x0,
    0x0, 0x1e, 0xff, 0xff, 0xff, 0xff, 0x80, 0x0,
    0x0, 0x9f, 0xff, 0xdb, 0xff, 0xff, 0xfe, 0x50,
    0x0, 0x2c, 0xf8, 0x0, 0x8, 0xff, 0xff, 0xfb,
    0x0, 0x0, 0x50, 0x0, 0x0, 0x18, 0xff, 0xfc,
    0x0, 0x0, 0x0, 0x0, 0x36, 0xae, 0xff, 0xfb,
    0x6, 0x67, 0x89, 0xcf, 0xff, 0xff, 0xff, 0xf9,
    0x2f, 0xff, 0xff, 0xff, 0xff, 0xff, 0xfe, 0xa3,
    0x2f, 0xff, 0xff, 0xff, 0xff, 0xc7, 0x30, 0x0,
    0x2f, 0xff, 0xec, 0xa7, 0x40, 0x0, 0x0, 0x0,

    /* U+FEA4 "ﺤ" */
    0x0, 0x0, 0x0, 0x0, 0x0, 0x0, 0x0, 0x0,
    0x0, 0x0, 0x0, 0x4c, 0xff, 0xd6, 0x0, 0x0,
    0x0, 0x0, 0x0, 0x7, 0xff, 0xff, 0xff, 0xe6,
    0x0, 0x0, 0x0, 0x0, 0x4f, 0xff, 0xff, 0xff,
    0xff, 0xd5, 0x0, 0x0, 0x0, 0xcf, 0xfe, 0x76,
    0xcf, 0xff, 0xff, 0xc3, 0x0, 0x0, 0x9, 0xf3,
    0x0, 0x3, 0xaf, 0xff, 0xfc, 0x0, 0x0, 0x0,
    0x10, 0x0, 0x0, 0x18, 0xff, 0xfa, 0x0, 0x0,
    0x0, 0x0, 0x25, 0x9d, 0xff, 0xff, 0xf8, 0x0,
    0x7, 0x89, 0xbe, 0xff, 0xff, 0xff, 0xff, 0xfb,
    0x63, 0x2f, 0xff, 0xff, 0xff, 0xff, 0xff, 0xef,
    0xff, 0xf8, 0x2f, 0xff, 0xff, 0xff, 0xd9, 0x40,
    0x4f, 0xff, 0xf8, 0x2f, 0xfd, 0xc9, 0x62, 0x0,
    0x0, 0x3, 0xbf, 0xf8,

    /* U+FEA5 "ﺥ" */
    0x0, 0x0, 0x0, 0x39, 0x0, 0x0, 0x0, 0x0,
    0x0, 0x0, 0x0, 0x3f, 0xfa, 0x0, 0x0, 0x0,
    0x0, 0x0, 0x0, 0xb, 0xff, 0xf3, 0x0, 0x0,
    0x0, 0x0, 0x0, 0x0, 0xb, 0xf4, 0x0, 0x0,
    0x0, 0x0, 0x0, 0x0, 0x0, 0x3, 0x0, 0x0,
    0x0, 0x0, 0x0, 0x0, 0x0, 0x26, 0x74, 0x0,
    0x0, 0x0, 0x0, 0x0, 0x0, 0xaf, 0xff, 0xfe,
    0x60, 0x0, 0x0, 0x0, 0x0, 0xcf, 0xff, 0xff,
    0xff, 0xd4, 0x0, 0x0, 0x0, 0x7f, 0xff, 0xff,
    0xff, 0xff, 0xfb, 0x20, 0x0, 0x6, 0xff, 0xb1,
    0x4, 0xcf, 0xff, 0xff, 0x90, 0x0, 0x1, 0xa0,
    0x0, 0x0, 0x4c, 0xff, 0xff, 0x0, 0x0, 0x0,
    0x0, 0x0, 0x15, 0x9f, 0xff, 0xe0, 0x0, 0x0,
    0x0, 0x39, 0xdf, 0xff, 0xff, 0xfc, 0x0, 0x0,
    0x5, 0xdf, 0xff, 0xff, 0xff, 0xff, 0x80, 0x0,
    0x8, 0xff, 0xff, 0xff, 0xfd, 0x94, 0x0, 0x0,
    0x7, 0xff, 0xff, 0xfa, 0x61, 0x0, 0x0, 0x0,
    0x1, 0xff, 0xfe, 0x50, 0x0, 0x0, 0x0, 0x0,
    0x0, 0x7f, 0xfe, 0x10, 0x0, 0x0, 0x0, 0x0,
    0x0, 0xb, 0xff, 0x70, 0x0, 0x0, 0x0, 0x0,
    0x0, 0x0, 0xcf, 0xf4, 0x0, 0x0, 0x0, 0x0,
    0x0, 0x0, 0xb, 0xff, 0x60, 0x0, 0x0, 0x0,
    0x0, 0x0, 0x0, 0x7f, 0xfd, 0x0, 0x0, 0x0,
    0x0, 0x27, 0x50, 0x2, 0xff, 0xfc, 0x30, 0x1,
    0x5a, 0xef, 0xfb, 0x0, 0x9, 0xff, 0xff, 0xee,
    0xff, 0xff, 0xff, 0xe0, 0x0, 0xb, 0xff, 0xff,
    0xff, 0xff, 0xff, 0xfc, 0x10, 0x0, 0x7, 0xff,
    0xff, 0xff, 0xd9, 0x51, 0x0, 0x0, 0x0, 0x0,
    0x57, 0x75, 0x20, 0x0, 0x0, 0x0,

    /* U+FEA6 "ﺦ" */
    0x0, 0x0, 0x0, 0x39, 0x0, 0x0, 0x0, 0x0,
    0x0, 0x0, 0x0, 0x3, 0xff, 0xa0, 0x0, 0x0,
    0x0, 0x0, 0x0, 0x0, 0xa, 0xff, 0xf3, 0x0,
    0x0, 0x0, 0x0, 0x0, 0x0, 0x0, 0xbf, 0x40,
    0x0, 0x0, 0x0, 0x0, 0x0, 0x0, 0x0, 0x3,
    0x0, 0x0, 0x0, 0x0, 0x0, 0x0, 0x0, 0x2,
    0x67, 0x40, 0x0, 0x0, 0x0, 0x0, 0x0, 0x0,
    0xaf, 0xff, 0xfe, 0x60, 0x0, 0x0, 0x0, 0x0,
    0xc, 0xff, 0xff, 0xff, 0xfd, 0x40, 0x0, 0x0,
    0x0, 0x7f, 0xff, 0xff, 0xff, 0xff, 0xfb, 0x20,
    0x0, 0x0, 0x6f, 0xfb, 0x10, 0x4c, 0xff, 0xff,
    0xf9, 0x0, 0x0, 0x1, 0xa0, 0x0, 0x0, 0x4c,
    0xff, 0xff, 0x0, 0x0, 0x0, 0x0, 0x0, 0x1,
    0x59, 0xff, 0xfe, 0x0, 0x0, 0x0, 0x0, 0x39,
    0xdf, 0xff, 0xff, 0xfc, 0x0, 0x0, 0x0, 0x5d,
    0xff, 0xff, 0xff, 0xff, 0xf9, 0x0, 0x0, 0x8,
    0xff, 0xff, 0xff, 0xfd, 0xef, 0xfe, 0x75, 0x0,
    0x7f, 0xff, 0xff, 0xa6, 0x10, 0x5f, 0xff, 0xfd,
    0x1, 0xff, 0xfe, 0x50, 0x0, 0x0, 0x8, 0xff,
    0xfd, 0x7, 0xff, 0xe1, 0x0, 0x0, 0x0, 0x0,
    0x4b, 0xed, 0xb, 0xff, 0x70, 0x0, 0x0, 0x0,
    0x0, 0x0, 0x0, 0xc, 0xff, 0x40, 0x0, 0x0,
    0x0, 0x0, 0x0, 0x0, 0xb, 0xff, 0x60, 0x0,
    0x0, 0x0, 0x0, 0x0, 0x0, 0x7, 0xff, 0xd0,
    0x0, 0x0, 0x0, 0x2, 0x75, 0x0, 0x2, 0xff,
    0xfc, 0x30, 0x1, 0x5a, 0xef, 0xfb, 0x0, 0x0,
    0x9f, 0xff, 0xfe, 0xef, 0xff, 0xff, 0xfe, 0x0,
    0x0, 0xb, 0xff, 0xff, 0xff, 0xff, 0xff, 0xfc,
    0x10, 0x0, 0x0, 0x7f, 0xff, 0xff, 0xfd, 0x95,
    0x10, 0x0, 0x0, 0x0, 0x0, 0x57, 0x75, 0x20,
    0x0, 0x0, 0x0,

    /* U+FEA7 "ﺧ" */
    0x0, 0x0, 0x0, 0x17, 0x0, 0x0, 0x0, 0x0,
    0x0, 0x0, 0x1, 0xdf, 0x80, 0x0, 0x0, 0x0,
    0x0, 0x0, 0xa, 0xff, 0xf4, 0x0, 0x0, 0x0,
    0x0, 0x0, 0x1, 0xdf, 0x80, 0x0, 0x0, 0x0,
    0x0, 0x0, 0x0, 0x16, 0x0, 0x0, 0x0, 0x0,
    0x0, 0x0, 0x0, 0x0, 0x0, 0x0, 0x0, 0x0,
    0x0, 0x0, 0x7, 0xbc, 0x93, 0x0, 0x0, 0x0,
    0x0, 0x2, 0xef, 0xff, 0xff, 0xa1, 0x0, 0x0,
    0x0, 0x1e, 0xff, 0xff, 0xff, 0xff, 0x80, 0x0,
    0x0, 0x9f, 0xff, 0xdb, 0xff, 0xff, 0xfe, 0x50,
    0x0, 0x2c, 0xf8, 0x0, 0x8, 0xff, 0xff, 0xfb,
    0x0, 0x0, 0x50, 0x0, 0x0, 0x18, 0xff, 0xfc,
    0x0, 0x0, 0x0, 0x0, 0x36, 0xae, 0xff, 0xfb,
    0x6, 0x67, 0x89, 0xcf, 0xff, 0xff, 0xff, 0xf9,
    0x2f, 0xff, 0xff, 0xff, 0xff, 0xff, 0xfe, 0xa3,
    0x2f, 0xff, 0xff, 0xff, 0xff, 0xc7, 0x30, 0x0,
    0x2f, 0xff, 0xec, 0xa7, 0x40, 0x0, 0x0, 0x0,

    /* U+FEA8 "ﺨ" */
    0x0, 0x0, 0x0, 0x16, 0x0, 0x0, 0x0, 0x0,
    0x0, 0x0, 0x0, 0x1, 0xdf, 0x80, 0x0, 0x0,
    0x0, 0x0, 0x0, 0x0, 0xb, 0xff, 0xf4, 0x0,
    0x0, 0x0, 0x0, 0x0, 0x0, 0x1, 0xdf, 0x70,
    0x0, 0x0, 0x0, 0x0, 0x0, 0x0, 0x0, 0x16,
    0x0, 0x0, 0x0, 0x0, 0x0, 0x0, 0x0, 0x0,
    0x0, 0x0, 0x0, 0x0, 0x0, 0x0, 0x0, 0x0,
    0x4c, 0xff, 0xd6, 0x0, 0x0, 0x0, 0x0, 0x0,
    0x7, 0xff, 0xff, 0xff, 0xe6, 0x0, 0x0, 0x0,
    0x0, 0x4f, 0xff, 0xff, 0xff, 0xff, 0xd5, 0x0,
    0x0, 0x0, 0xcf, 0xfe, 0x76, 0xcf, 0xff, 0xff,
    0xc3, 0x0, 0x0, 0x9, 0xf3, 0x0, 0x3, 0xaf,
    0xff, 0xfc, 0x0, 0x0, 0x0, 0x10, 0x0, 0x0,
    0x18, 0xff, 0xfa, 0x0, 0x0, 0x0, 0x0, 0x25,
    0x9d, 0xff, 0xff, 0xf8, 0x0, 0x7, 0x89, 0xbe,
    0xff, 0xff, 0xff, 0xff, 0xfb, 0x63, 0x2f, 0xff,
    0xff, 0xff, 0xff, 0xff, 0xef, 0xff, 0xf8, 0x2f,
    0xff, 0xff, 0xff, 0xd9, 0x40, 0x4f, 0xff, 0xf8,
    0x2f, 0xfd, 0xc9, 0x62, 0x0, 0x0, 0x3, 0xbf,
    0xf8,

    /* U+FEA9 "ﺩ" */
    0x0, 0x0, 0x0, 0x0, 0x0, 0x0, 0x0, 0x0,
    0x2, 0xd7, 0x0, 0x0, 0x0, 0x0, 0x3f, 0xff,
    0x20, 0x0, 0x0, 0x0, 0x1e, 0xff, 0xc0, 0x0,
    0x0, 0x0, 0x6, 0xff, 0xf5, 0x0, 0x0, 0x0,
    0x0, 0xcf, 0xfd, 0x0, 0x0, 0x0, 0x0, 0x3f,
    0xff, 0x50, 0x0, 0x0, 0x0, 0xa, 0xff, 0xc0,
    0x0, 0x0, 0x0, 0x2, 0xff, 0xf1, 0xaf, 0xf2,
    0x0, 0x0, 0xdf, 0xf3, 0x9f, 0xfa, 0x66, 0x68,
    0xff, 0xf2, 0x7f, 0xff, 0xff, 0xff, 0xff, 0xe0,
    0xd, 0xff, 0xff, 0xff, 0xff, 0x40, 0x0, 0x8d,
    0xff, 0xfe, 0xa3, 0x0,

    /* U+FEAA "ﺪ" */
    0x0, 0x0, 0x0, 0x4, 0x81, 0x0, 0x0, 0x0,
    0x0, 0x0, 0xcf, 0xf5, 0x0, 0x0, 0x0, 0x0,
    0x0, 0x9f, 0xf9, 0x0, 0x0, 0x0, 0x0, 0x0,
    0x5f, 0xfd, 0x0, 0x0, 0x0, 0x0, 0x0, 0x1f,
    0xff, 0x10, 0x0, 0x0, 0x0, 0x0, 0xd, 0xff,
    0x50, 0x0, 0x0, 0x0, 0x0, 0x9, 0xff, 0x90,
    0x0, 0x0, 0x0, 0x0, 0x5, 0xff, 0xd0, 0x0,
    0xaf, 0xf2, 0x0, 0x1, 0xff, 0xf2, 0x0, 0x9f,
    0xfa, 0x66, 0x6a, 0xff, 0xfb, 0x62, 0x7f, 0xff,
    0xff, 0xff, 0xff, 0xff, 0xf6, 0xd, 0xff, 0xff,
    0xff, 0xff, 0xff, 0xf6, 0x0, 0x8d, 0xff, 0xfd,
    0x81, 0x9e, 0xf6,

    /* U+FEAB "ﺫ" */
    0x0, 0x0, 0x1, 0x0, 0x0, 0x0, 0x0, 0x0,
    0x2e, 0x70, 0x0, 0x0, 0x0, 0x2, 0xef, 0xf7,
    0x0, 0x0, 0x0, 0x1, 0xdf, 0xf5, 0x0, 0x0,
    0x0, 0x0, 0x1d, 0x50, 0x0, 0x0, 0x0, 0x0,
    0x0, 0x0, 0x0, 0x0, 0x0, 0x0, 0x2, 0xd7,
    0x0, 0x0, 0x0, 0x0, 0x3f, 0xff, 0x20, 0x0,
    0x0, 0x0, 0x1e, 0xff, 0xc0, 0x0, 0x0, 0x0,
    0x6, 0xff, 0xf5, 0x0, 0x0, 0x0, 0x0, 0xcf,
    0xfd, 0x0, 0x0, 0x0, 0x0, 0x3f, 0xff, 0x50,
    0x0, 0x0, 0x0, 0xa, 0xff, 0xc0, 0x0, 0x0,
    0x0, 0x2, 0xff, 0xf1, 0xaf, 0xf2, 0x0, 0x0,
    0xdf, 0xf3, 0x9f, 0xfa, 0x66, 0x68, 0xff, 0xf2,
    0x7f, 0xff, 0xff, 0xff, 0xff, 0xe0, 0xd, 0xff,
    0xff, 0xff, 0xff, 0x40, 0x0, 0x8d, 0xff, 0xfe,
    0xa3, 0x0,

    /* U+FEAC "ﺬ" */
    0x0, 0x0, 0x0, 0x1, 0x0, 0x0, 0x0, 0x0,
    0x0, 0x0, 0x3e, 0x50, 0x0, 0x0, 0x0, 0x0,
    0x3, 0xff, 0xf5, 0x0, 0x0, 0x0, 0x0, 0x3,
    0xef, 0xf4, 0x0, 0x0, 0x0, 0x0, 0x0, 0x3e,
    0x40, 0x0, 0x0, 0x0, 0x0, 0x0, 0x0, 0x0,
    0x0, 0x0, 0x0, 0x0, 0x0, 0x4, 0x81, 0x0,
    0x0, 0x0, 0x0, 0x0, 0xcf, 0xf5, 0x0, 0x0,
    0x0, 0x0, 0x0, 0x9f, 0xf9, 0x0, 0x0, 0x0,
    0x0, 0x0, 0x5f, 0xfd, 0x0, 0x0, 0x0, 0x0,
    0x0, 0x1f, 0xff, 0x10, 0x0, 0x0, 0x0, 0x0,
    0xd, 0xff, 0x50, 0x0, 0x0, 0x0, 0x0, 0x9,
    0xff, 0x90, 0x0, 0x0, 0x0, 0x0, 0x5, 0xff,
    0xd0, 0x0, 0xaf, 0xf2, 0x0, 0x1, 0xff, 0xf2,
    0x0, 0x9f, 0xfa, 0x66, 0x6a, 0xff, 0xfb, 0x62,
    0x7f, 0xff, 0xff, 0xff, 0xff, 0xff, 0xf6, 0xd,
    0xff, 0xff, 0xff, 0xff, 0xff, 0xf6, 0x0, 0x8d,
    0xff, 0xfd, 0x81, 0x9e, 0xf6,

    /* U+FEAD "ﺭ" */
    0x0, 0x3, 0x9b, 0x80, 0x0, 0x5, 0xff, 0xb0,
    0x0, 0x2, 0xff, 0xe0, 0x0, 0x0, 0xff, 0xf0,
    0x0, 0x0, 0xef, 0xf2, 0x0, 0x0, 0xcf, 0xf4,
    0x0, 0x0, 0x9f, 0xf6, 0x0, 0x0, 0x7f, 0xf8,
    0x0, 0x0, 0x8f, 0xf9, 0x0, 0x5, 0xff, 0xf6,
    0x49, 0xef, 0xff, 0xf1, 0xdf, 0xff, 0xff, 0x50,
    0x9f, 0xff, 0xc3, 0x0, 0x5e, 0x93, 0x0, 0x0,
    0x0, 0x0, 0x0, 0x0,

    /* U+FEAE "ﺮ" */
    0x0, 0x3, 0x9b, 0x80, 0x0, 0x0, 0x5f, 0xfb,
    0x0, 0x0, 0x2, 0xff, 0xe0, 0x0, 0x0, 0xf,
    0xff, 0x10, 0x0, 0x0, 0xef, 0xfb, 0x10, 0x0,
    0xc, 0xff, 0xf4, 0x0, 0x0, 0x9f, 0xff, 0x40,
    0x0, 0x7, 0xff, 0xf4, 0x0, 0x0, 0x8f, 0xf8,
    0x0, 0x0, 0x5f, 0xff, 0x60, 0x49, 0xef, 0xff,
    0xf1, 0xd, 0xff, 0xff, 0xf6, 0x0, 0x9f, 0xff,
    0xc3, 0x0, 0x5, 0xe9, 0x30, 0x0, 0x0, 0x0,
    0x0, 0x0, 0x0, 0x0,

    /* U+FEAF "ﺯ" */
    0x0, 0x0, 0x0, 0x0, 0x0, 0x0, 0xc7, 0x0,
    0x0, 0xc, 0xff, 0x70, 0x0, 0x1d, 0xff, 0xa0,
    0x0, 0x1, 0xda, 0x0, 0x0, 0x0, 0x10, 0x0,
    0x0, 0x0, 0x0, 0x0, 0x0, 0x3, 0x9b, 0x80,
    0x0, 0x5, 0xff, 0xb0, 0x0, 0x2, 0xff, 0xe0,
    0x0, 0x0, 0xff, 0xf0, 0x0, 0x0, 0xef, 0xf2,
    0x0, 0x0, 0xcf, 0xf4, 0x0, 0x0, 0x9f, 0xf6,
    0x0, 0x0, 0x7f, 0xf8, 0x0, 0x0, 0x8f, 0xf9,
    0x0, 0x5, 0xff, 0xf6, 0x49, 0xef, 0xff, 0xf1,
    0xdf, 0xff, 0xff, 0x50, 0x9f, 0xff, 0xc3, 0x0,
    0x5e, 0x93, 0x0, 0x0, 0x0, 0x0, 0x0, 0x0,

    /* U+FEB0 "ﺰ" */
    0x0, 0x0, 0x0, 0x0, 0x0, 0x0, 0xc, 0x70,
    0x0, 0x0, 0xc, 0xff, 0x70, 0x0, 0x1, 0xdf,
    0xfa, 0x0, 0x0, 0x1, 0xda, 0x0, 0x0, 0x0,
    0x1, 0x0, 0x0, 0x0, 0x0, 0x0, 0x0, 0x0,
    0x0, 0x39, 0xb8, 0x0, 0x0, 0x5, 0xff, 0xb0,
    0x0, 0x0, 0x2f, 0xfe, 0x0, 0x0, 0x0, 0xff,
    0xf1, 0x0, 0x0, 0xe, 0xff, 0xb1, 0x0, 0x0,
    0xcf, 0xff, 0x40, 0x0, 0x9, 0xff, 0xf4, 0x0,
    0x0, 0x7f, 0xff, 0x40, 0x0, 0x8, 0xff, 0x80,
    0x0, 0x5, 0xff, 0xf6, 0x4, 0x9e, 0xff, 0xff,
    0x10, 0xdf, 0xff, 0xff, 0x60, 0x9, 0xff, 0xfc,
    0x30, 0x0, 0x5e, 0x93, 0x0, 0x0, 0x0, 0x0,
    0x0, 0x0, 0x0,

    /* U+FEB1 "ﺱ" */
    0x0, 0x0, 0x0, 0x0, 0x0, 0x0, 0x0, 0x0,
    0x0, 0x0, 0x0, 0x2, 0x7c, 0x10, 0x0, 0x0,
    0x0, 0x0, 0x0, 0x0, 0x0, 0x0, 0x0, 0x0,
    0x0, 0xc, 0xff, 0x50, 0x0, 0x0, 0x0, 0x0,
    0x0, 0x5, 0x8a, 0x10, 0x0, 0x58, 0x81, 0x8,
    0xff, 0xa0, 0x1, 0x0, 0x0, 0x0, 0x0, 0xc,
    0xff, 0x40, 0x0, 0xbf, 0xf2, 0x4, 0xff, 0xe0,
    0x1f, 0xb5, 0x0, 0x0, 0x0, 0xa, 0xff, 0x70,
    0x0, 0xbf, 0xf2, 0x0, 0xff, 0xf1, 0x5f, 0xfd,
    0x0, 0x0, 0x0, 0x7, 0xff, 0xb0, 0x0, 0xbf,
    0xf2, 0x0, 0xef, 0xf2, 0x9f, 0xf8, 0x0, 0x0,
    0x0, 0x5, 0xff, 0xfa, 0x68, 0xff, 0xfb, 0x6a,
    0xff, 0xf1, 0xbf, 0xf5, 0x0, 0x0, 0x0, 0x3,
    0xff, 0xff, 0xff, 0xff, 0xff, 0xff, 0xff, 0xb0,
    0xcf, 0xf3, 0x0, 0x0, 0x0, 0x0, 0xff, 0xff,
    0xff, 0xff, 0xff, 0xff, 0xfe, 0x20, 0xbf, 0xf4,
    0x0, 0x0, 0x0, 0x0, 0xef, 0xfd, 0xfe, 0xa2,
    0x7d, 0xfe, 0xa2, 0x0, 0x9f, 0xf8, 0x0, 0x0,
    0x0, 0x0, 0xff, 0xf1, 0x0, 0x0, 0x0, 0x0,
    0x0, 0x0, 0x5f, 0xfe, 0x20, 0x0, 0x0, 0x3b,
    0xff, 0xf0, 0x0, 0x0, 0x0, 0x0, 0x0, 0x0,
    0xe, 0xff, 0xf9, 0x68, 0xae, 0xff, 0xff, 0x80,
    0x0, 0x0, 0x0, 0x0, 0x0, 0x0, 0x5, 0xff,
    0xff, 0xff, 0xff, 0xff, 0xfb, 0x0, 0x0, 0x0,
    0x0, 0x0, 0x0, 0x0, 0x0, 0x7f, 0xff, 0xff,
    0xff, 0xfd, 0x50, 0x0, 0x0, 0x0, 0x0, 0x0,
    0x0, 0x0, 0x0, 0x3, 0x9d, 0xed, 0xb7, 0x30,
    0x0, 0x0, 0x0, 0x0, 0x0, 0x0, 0x0, 0x0,
    0x0, 0x0, 0x0, 0x0, 0x0, 0x0, 0x0, 0x0,
    0x0, 0x0, 0x0, 0x0, 0x0, 0x0,

    /* U+FEB2 "ﺲ" */
    0x0, 0x0, 0x0, 0x0, 0x0, 0x0, 0x0, 0x0,
    0x0, 0x0, 0x0, 0x0, 0x1, 0x0, 0x0, 0x0,
    0x0, 0x0, 0x0, 0x0, 0x5, 0x8a, 0x10, 0x0,
    0x58, 0x81, 0x4, 0xcf, 0x50, 0x0, 0x1, 0x0,
    0x0, 0x0, 0x0, 0xc, 0xff, 0x40, 0x0, 0xbf,
    0xf2, 0x4, 0xff, 0xa0, 0x0, 0x1f, 0xb5, 0x0,
    0x0, 0x0, 0xa, 0xff, 0x70, 0x0, 0xbf, 0xf2,
    0x0, 0xff, 0xe0, 0x0, 0x5f, 0xfd, 0x0, 0x0,
    0x0, 0x7, 0xff, 0xc0, 0x0, 0xbf, 0xf3, 0x0,
    0xcf, 0xf6, 0x0, 0x9f, 0xf8, 0x0, 0x0, 0x0,
    0x5, 0xff, 0xfb, 0x78, 0xff, 0xfd, 0x79, 0xff,
    0xff, 0x93, 0xbf, 0xf5, 0x0, 0x0, 0x0, 0x3,
    0xff, 0xff, 0xff, 0xff, 0xff, 0xff, 0xff, 0xff,
    0xf7, 0xcf, 0xf3, 0x0, 0x0, 0x0, 0x0, 0xff,
    0xff, 0xff, 0xff, 0xff, 0xff, 0xff, 0xef, 0xf7,
    0xbf, 0xf4, 0x0, 0x0, 0x0, 0x0, 0xef, 0xfc,
    0xfe, 0xa1, 0x5c, 0xff, 0xb2, 0x19, 0xe6, 0x9f,
    0xf8, 0x0, 0x0, 0x0, 0x0, 0xff, 0xf1, 0x0,
    0x0, 0x0, 0x0, 0x0, 0x0, 0x0, 0x5f, 0xfe,
    0x20, 0x0, 0x0, 0x3b, 0xff, 0xe0, 0x0, 0x0,
    0x0, 0x0, 0x0, 0x0, 0x0, 0xe, 0xff, 0xf9,
    0x68, 0xae, 0xff, 0xff, 0x80, 0x0, 0x0, 0x0,
    0x0, 0x0, 0x0, 0x0, 0x5, 0xff, 0xff, 0xff,
    0xff, 0xff, 0xfa, 0x0, 0x0, 0x0, 0x0, 0x0,
    0x0, 0x0, 0x0, 0x0, 0x7f, 0xff, 0xff, 0xff,
    0xfd, 0x50, 0x0, 0x0, 0x0, 0x0, 0x0, 0x0,
    0x0, 0x0, 0x0, 0x3, 0x9d, 0xed, 0xb7, 0x30,
    0x0, 0x0, 0x0, 0x0, 0x0, 0x0, 0x0, 0x0,
    0x0, 0x0, 0x0, 0x0, 0x0, 0x0, 0x0, 0x0,
    0x0, 0x0, 0x0, 0x0, 0x0, 0x0, 0x0, 0x0,

    /* U+FEB3 "ﺳ" */
    0x0, 0x0, 0x0, 0x0, 0x0, 0x0, 0x0, 0x27,
    0xb2, 0x0, 0x0, 0x0, 0x0, 0x0, 0x0, 0x0,
    0xb, 0xff, 0x70, 0x0, 0x3, 0x88, 0x30, 0x4,
    0x88, 0x20, 0x6f, 0xfb, 0x0, 0x0, 0x7f, 0xf6,
    0x0, 0x9f, 0xf4, 0x2, 0xff, 0xf0, 0x0, 0x7,
    0xff, 0x60, 0x9, 0xff, 0x40, 0xe, 0xff, 0x20,
    0x0, 0x7f, 0xf7, 0x0, 0x9f, 0xf4, 0x0, 0xcf,
    0xf4, 0x6, 0x7e, 0xff, 0xe7, 0x7f, 0xff, 0xc7,
    0x9f, 0xff, 0x22, 0xff, 0xff, 0xff, 0xff, 0xff,
    0xff, 0xff, 0xff, 0xd0, 0x2f, 0xff, 0xff, 0xff,
    0xff, 0xff, 0xff, 0xff, 0xf3, 0x2, 0xff, 0xb3,
    0x3c, 0xff, 0xb2, 0x6d, 0xfe, 0xa2, 0x0,

    /* U+FEB4 "ﺴ" */
    0x0, 0x0, 0x0, 0x0, 0x0, 0x0, 0x0, 0x0,
    0x10, 0x0, 0x0, 0x0, 0x68, 0x70, 0x0, 0x88,
    0x60, 0x8, 0xdf, 0x0, 0x0, 0x0, 0xd, 0xff,
    0x0, 0xf, 0xfd, 0x0, 0xaf, 0xf4, 0x0, 0x0,
    0x0, 0xdf, 0xf0, 0x0, 0xff, 0xd0, 0x6, 0xff,
    0x90, 0x0, 0x0, 0xe, 0xff, 0x0, 0xf, 0xfd,
    0x0, 0x2f, 0xfe, 0x10, 0x0, 0x69, 0xff, 0xfb,
    0x6a, 0xff, 0xfa, 0x7b, 0xff, 0xfe, 0x80, 0x2f,
    0xff, 0xff, 0xff, 0xff, 0xff, 0xff, 0xff, 0xff,
    0xff, 0x12, 0xff, 0xfe, 0xff, 0xff, 0xfe, 0xff,
    0xff, 0xfd, 0xff, 0xf1, 0x2f, 0xe8, 0x7, 0xdf,
    0xd7, 0x7, 0xdf, 0xe8, 0x4, 0xbf, 0x10,

    /* U+FEB5 "ﺵ" */
    0x0, 0x0, 0x0, 0x0, 0x0, 0x0, 0x0, 0x0,
    0x0, 0xa, 0x10, 0x0, 0x0, 0x0, 0x0, 0x0,
    0x0, 0x0, 0x0, 0x0, 0x0, 0x0, 0x0, 0xcf,
    0xd0, 0x0, 0x0, 0x0, 0x0, 0x0, 0x0, 0x0,
    0x0, 0x0, 0x0, 0x0, 0x0, 0x4f, 0x60, 0x0,
    0x0, 0x0, 0x0, 0x0, 0x0, 0x0, 0x0, 0x0,
    0x0, 0x0, 0x36, 0x1, 0x5, 0x30, 0x0, 0x0,
    0x0, 0x0, 0x0, 0x0, 0x0, 0x0, 0x0, 0x3,
    0xef, 0x60, 0x5f, 0xf3, 0x0, 0x0, 0x0, 0x0,
    0x0, 0x0, 0x0, 0x0, 0x0, 0x7, 0xff, 0xc0,
    0xbf, 0xf8, 0x0, 0x0, 0x0, 0x0, 0x0, 0x0,
    0x0, 0x0, 0x0, 0x0, 0x8c, 0x0, 0xb, 0x90,
    0x0, 0x0, 0x0, 0x0, 0x0, 0x0, 0x0, 0x0,
    0x0, 0x0, 0x0, 0x0, 0x0, 0x2, 0x7c, 0x10,
    0x0, 0x0, 0x0, 0x0, 0x0, 0x0, 0x0, 0x0,
    0x0, 0x0, 0x0, 0xc, 0xff, 0x50, 0x0, 0x0,
    0x0, 0x0, 0x0, 0x5, 0x8a, 0x10, 0x0, 0x58,
    0x81, 0x8, 0xff, 0xa0, 0x1, 0x0, 0x0, 0x0,
    0x0, 0xc, 0xff, 0x40, 0x0, 0xbf, 0xf2, 0x4,
    0xff, 0xe0, 0x1f, 0xb5, 0x0, 0x0, 0x0, 0xa,
    0xff, 0x70, 0x0, 0xbf, 0xf2, 0x0, 0xff, 0xf1,
    0x5f, 0xfd, 0x0, 0x0, 0x0, 0x7, 0xff, 0xb0,
    0x0, 0xbf, 0xf2, 0x0, 0xef, 0xf2, 0x9f, 0xf8,
    0x0, 0x0, 0x0, 0x5, 0xff, 0xfa, 0x68, 0xff,
    0xfb, 0x6a, 0xff, 0xf1, 0xbf, 0xf5, 0x0, 0x0,
    0x0, 0x3, 0xff, 0xff, 0xff, 0xff, 0xff, 0xff,
    0xff, 0xb0, 0xcf, 0xf3, 0x0, 0x0, 0x0, 0x0,
    0xff, 0xff, 0xff, 0xff, 0xff, 0xff, 0xfe, 0x20,
    0xbf, 0xf4, 0x0, 0x0, 0x0, 0x0, 0xef, 0xfd,
    0xfe, 0xa2, 0x7d, 0xfe, 0xa2, 0x0, 0x9f, 0xf8,
    0x0, 0x0, 0x0, 0x0, 0xff, 0xf1, 0x0, 0x0,
    0x0, 0x0, 0x0, 0x0, 0x5f, 0xfe, 0x20, 0x0,
    0x0, 0x3b, 0xff, 0xf0, 0x0, 0x0, 0x0, 0x0,
    0x0, 0x0, 0xe, 0xff, 0xf9, 0x68, 0xae, 0xff,
    0xff, 0x80, 0x0, 0x0, 0x0, 0x0, 0x0, 0x0,
    0x5, 0xff, 0xff, 0xff, 0xff, 0xff, 0xfb, 0x0,
    0x0, 0x0, 0x0, 0x0, 0x0, 0x0, 0x0, 0x7f,
    0xff, 0xff, 0xff, 0xfd, 0x50, 0x0, 0x0, 0x0,
    0x0, 0x0, 0x0, 0x0, 0x0, 0x3, 0x9d, 0xed,
    0xb7, 0x30, 0x0, 0x0, 0x0, 0x0, 0x0, 0x0,
    0x0, 0x0, 0x0, 0x0, 0x0, 0x0, 0x0, 0x0,
    0x0, 0x0, 0x0, 0x0, 0x0, 0x0, 0x0, 0x0,

    /* U+FEB6 "ﺶ" */
    0x0, 0x0, 0x0, 0x0, 0x0, 0x0, 0x0, 0x0,
    0x0, 0x7, 0x20, 0x0, 0x0, 0x0, 0x0, 0x0,
    0x0, 0x0, 0x0, 0x0, 0x0, 0x0, 0x0, 0x0,
    0x7f, 0xe2, 0x0, 0x0, 0x0, 0x0, 0x0, 0x0,
    0x0, 0x0, 0x0, 0x0, 0x0, 0x0, 0x0, 0x3e,
    0xb0, 0x0, 0x0, 0x0, 0x0, 0x0, 0x0, 0x0,
    0x0, 0x0, 0x0, 0x0, 0x0, 0x6, 0x2, 0x1,
    0x50, 0x0, 0x0, 0x0, 0x0, 0x0, 0x0, 0x0,
    0x0, 0x0, 0x0, 0x0, 0xbf, 0x90, 0x1d, 0xf5,
    0x0, 0x0, 0x0, 0x0, 0x0, 0x0, 0x0, 0x0,
    0x0, 0x0, 0x4, 0xff, 0xf2, 0x7f, 0xfd, 0x0,
    0x0, 0x0, 0x0, 0x0, 0x0, 0x0, 0x0, 0x0,
    0x0, 0x0, 0x5e, 0x30, 0x9, 0xd1, 0x0, 0x0,
    0x0, 0x0, 0x0, 0x0, 0x0, 0x0, 0x0, 0x0,
    0x0, 0x1, 0x0, 0x0, 0x10, 0x0, 0x0, 0x0,
    0x0, 0x0, 0x0, 0x0, 0x0, 0x0, 0x0, 0x0,
    0x0, 0x0, 0x0, 0x0, 0x1, 0x0, 0x0, 0x0,
    0x0, 0x0, 0x0, 0x0, 0x5, 0x8a, 0x10, 0x0,
    0x58, 0x81, 0x4, 0xcf, 0x50, 0x0, 0x1, 0x0,
    0x0, 0x0, 0x0, 0xc, 0xff, 0x40, 0x0, 0xbf,
    0xf2, 0x4, 0xff, 0xa0, 0x0, 0x1f, 0xb5, 0x0,
    0x0, 0x0, 0xa, 0xff, 0x70, 0x0, 0xbf, 0xf2,
    0x0, 0xff, 0xe0, 0x0, 0x5f, 0xfd, 0x0, 0x0,
    0x0, 0x7, 0xff, 0xc0, 0x0, 0xbf, 0xf3, 0x0,
    0xcf, 0xf6, 0x0, 0x9f, 0xf8, 0x0, 0x0, 0x0,
    0x5, 0xff, 0xfb, 0x78, 0xff, 0xfd, 0x79, 0xff,
    0xff, 0x93, 0xbf, 0xf5, 0x0, 0x0, 0x0, 0x3,
    0xff, 0xff, 0xff, 0xff, 0xff, 0xff, 0xff, 0xff,
    0xf7, 0xcf, 0xf3, 0x0, 0x0, 0x0, 0x0, 0xff,
    0xff, 0xff, 0xff, 0xff, 0xff, 0xff, 0xef, 0xf7,
    0xbf, 0xf4, 0x0, 0x0, 0x0, 0x0, 0xef, 0xfc,
    0xfe, 0xa1, 0x5c, 0xff, 0xb2, 0x19, 0xe6, 0x9f,
    0xf8, 0x0, 0x0, 0x0, 0x0, 0xff, 0xf1, 0x0,
    0x0, 0x0, 0x0, 0x0, 0x0, 0x0, 0x5f, 0xfe,
    0x20, 0x0, 0x0, 0x3b, 0xff, 0xe0, 0x0, 0x0,
    0x0, 0x0, 0x0, 0x0, 0x0, 0xe, 0xff, 0xf9,
    0x68, 0xae, 0xff, 0xff, 0x80, 0x0, 0x0, 0x0,
    0x0, 0x0, 0x0, 0x0, 0x5, 0xff, 0xff, 0xff,
    0xff, 0xff, 0xfa, 0x0, 0x0, 0x0, 0x0, 0x0,
    0x0, 0x0, 0x0, 0x0, 0x7f, 0xff, 0xff, 0xff,
    0xfd, 0x50, 0x0, 0x0, 0x0, 0x0, 0x0, 0x0,
    0x0, 0x0, 0x0, 0x3, 0x9d, 0xed, 0xb7, 0x30,
    0x0, 0x0, 0x0, 0x0, 0x0, 0x0, 0x0, 0x0,
    0x0, 0x0, 0x0, 0x0, 0x0, 0x0, 0x0, 0x0,
    0x0, 0x0, 0x0, 0x0, 0x0, 0x0, 0x0, 0x0,

    /* U+FEB7 "ﺷ" */
    0x0, 0x0, 0x0, 0x0, 0x0, 0x83, 0x0, 0x0,
    0x0, 0x0, 0x0, 0x0, 0x0, 0x0, 0x8f, 0xe1,
    0x0, 0x0, 0x0, 0x0, 0x0, 0x0, 0x0, 0x2,
    0xe9, 0x0, 0x0, 0x0, 0x0, 0x0, 0x0, 0x0,
    0x17, 0x1, 0x3, 0x50, 0x0, 0x0, 0x0, 0x0,
    0x0, 0x1d, 0xf9, 0x3, 0xef, 0x60, 0x0, 0x0,
    0x0, 0x0, 0x4, 0xff, 0xe1, 0x8f, 0xfc, 0x0,
    0x0, 0x0, 0x0, 0x0, 0x5, 0xe2, 0x0, 0x8c,
    0x0, 0x0, 0x0, 0x0, 0x0, 0x0, 0x0, 0x0,
    0x0, 0x2, 0x7b, 0x20, 0x0, 0x0, 0x0, 0x0,
    0x0, 0x0, 0x0, 0xbf, 0xf7, 0x0, 0x0, 0x38,
    0x83, 0x0, 0x48, 0x82, 0x6, 0xff, 0xb0, 0x0,
    0x7, 0xff, 0x60, 0x9, 0xff, 0x40, 0x2f, 0xff,
    0x0, 0x0, 0x7f, 0xf6, 0x0, 0x9f, 0xf4, 0x0,
    0xef, 0xf2, 0x0, 0x7, 0xff, 0x70, 0x9, 0xff,
    0x40, 0xc, 0xff, 0x40, 0x67, 0xef, 0xfe, 0x77,
    0xff, 0xfc, 0x79, 0xff, 0xf2, 0x2f, 0xff, 0xff,
    0xff, 0xff, 0xff, 0xff, 0xff, 0xfd, 0x2, 0xff,
    0xff, 0xff, 0xff, 0xff, 0xff, 0xff, 0xff, 0x30,
    0x2f, 0xfb, 0x33, 0xcf, 0xfb, 0x26, 0xdf, 0xea,
    0x20, 0x0,

    /* U+FEB8 "ﺸ" */
    0x0, 0x0, 0x0, 0x0, 0x0, 0x10, 0x0, 0x0,
    0x0, 0x0, 0x0, 0x0, 0x0, 0x0, 0x0, 0x4f,
    0x50, 0x0, 0x0, 0x0, 0x0, 0x0, 0x0, 0x0,
    0x0, 0xc, 0xfd, 0x0, 0x0, 0x0, 0x0, 0x0,
    0x0, 0x0, 0x0, 0x0, 0x1a, 0x10, 0x0, 0x0,
    0x0, 0x0, 0x0, 0x0, 0x0, 0x8, 0xc0, 0x0,
    0xb9, 0x0, 0x0, 0x0, 0x0, 0x0, 0x0, 0x7,
    0xff, 0xc0, 0xbf, 0xf8, 0x0, 0x0, 0x0, 0x0,
    0x0, 0x0, 0x3e, 0xf6, 0x5, 0xff, 0x30, 0x0,
    0x0, 0x0, 0x0, 0x0, 0x0, 0x36, 0x0, 0x5,
    0x30, 0x0, 0x0, 0x0, 0x0, 0x0, 0x0, 0x0,
    0x0, 0x0, 0x0, 0x0, 0x10, 0x0, 0x0, 0x0,
    0x68, 0x70, 0x0, 0x88, 0x60, 0x8, 0xdf, 0x0,
    0x0, 0x0, 0xd, 0xff, 0x0, 0xf, 0xfd, 0x0,
    0xaf, 0xf4, 0x0, 0x0, 0x0, 0xdf, 0xf0, 0x0,
    0xff, 0xd0, 0x6, 0xff, 0x90, 0x0, 0x0, 0xe,
    0xff, 0x0, 0xf, 0xfd, 0x0, 0x2f, 0xfe, 0x10,
    0x0, 0x69, 0xff, 0xfb, 0x6a, 0xff, 0xfa, 0x7b,
    0xff, 0xfe, 0x80, 0x2f, 0xff, 0xff, 0xff, 0xff,
    0xff, 0xff, 0xff, 0xff, 0xff, 0x12, 0xff, 0xfe,
    0xff, 0xff, 0xfe, 0xff, 0xff, 0xfd, 0xff, 0xf1,
    0x2f, 0xe8, 0x7, 0xdf, 0xd7, 0x7, 0xdf, 0xe8,
    0x4, 0xbf, 0x10,

    /* U+FEB9 "ﺹ" */
    0x0, 0x0, 0x0, 0x0, 0x0, 0x0, 0x0, 0x0,
    0x0, 0x0, 0x0, 0x15, 0x52, 0x0, 0x0, 0x0,
    0x0, 0x0, 0x0, 0x0, 0x0, 0x0, 0x0, 0x0,
    0x0, 0x9, 0xff, 0xff, 0xb1, 0x0, 0x0, 0x0,
    0x0, 0x0, 0x0, 0x0, 0x0, 0x0, 0x0, 0x0,
    0xaf, 0xff, 0xff, 0xfd, 0x0, 0x0, 0x0, 0x0,
    0x0, 0x0, 0x8, 0xce, 0x20, 0x0, 0x8, 0xff,
    0xff, 0xff, 0xff, 0x70, 0x4, 0x0, 0x0, 0x0,
    0x0, 0xc, 0xff, 0x50, 0x0, 0x4f, 0xff, 0xc2,
    0x1a, 0xff, 0xd0, 0x2f, 0xe7, 0x0, 0x0, 0x0,
    0x9, 0xff, 0x70, 0x1, 0xef, 0xfd, 0x0, 0x1,
    0xff, 0xf0, 0x6f, 0xfc, 0x0, 0x0, 0x0, 0x7,
    0xff, 0xb0, 0xb, 0xff, 0xf3, 0x0, 0x3, 0xff,
    0xf0, 0x9f, 0xf8, 0x0, 0x0, 0x0, 0x5, 0xff,
    0xf8, 0x9f, 0xff, 0xc6, 0x66, 0x7e, 0xff, 0xc0,
    0xbf, 0xf5, 0x0, 0x0, 0x0, 0x2, 0xff, 0xff,
    0xff, 0xff, 0xff, 0xff, 0xff, 0xff, 0x50, 0xcf,
    0xf3, 0x0, 0x0, 0x0, 0x0, 0xff, 0xff, 0xff,
    0xff, 0xff, 0xff, 0xff, 0xf8, 0x0, 0xbf, 0xf4,
    0x0, 0x0, 0x0, 0x0, 0xef, 0xff, 0xff, 0xff,
    0xff, 0xff, 0xfc, 0x50, 0x0, 0x9f, 0xf8, 0x0,
    0x0, 0x0, 0x1, 0xff, 0xf1, 0x0, 0x0, 0x0,
    0x0, 0x0, 0x0, 0x0, 0x5f, 0xff, 0x30, 0x0,
    0x0, 0x5d, 0xff, 0xe0, 0x0, 0x0, 0x0, 0x0,
    0x0, 0x0, 0x0, 0xe, 0xff, 0xfb, 0x8a, 0xcf,
    0xff, 0xff, 0x80, 0x0, 0x0, 0x0, 0x0, 0x0,
    0x0, 0x0, 0x5, 0xff, 0xff, 0xff, 0xff, 0xff,
    0xfa, 0x0, 0x0, 0x0, 0x0, 0x0, 0x0, 0x0,
    0x0, 0x0, 0x7f, 0xff, 0xff, 0xff, 0xfd, 0x50,
    0x0, 0x0, 0x0, 0x0, 0x0, 0x0, 0x0, 0x0,
    0x0, 0x3, 0x9d, 0xed, 0xb7, 0x30, 0x0, 0x0,
    0x0, 0x0, 0x0, 0x0, 0x0, 0x0, 0x0, 0x0,
    0x0, 0x0, 0x0, 0x0, 0x0, 0x0, 0x0, 0x0,
    0x0, 0x0, 0x0, 0x0, 0x0, 0x0,

    /* U+FEBA "ﺺ" */
    0x0, 0x0, 0x0, 0x0, 0x0, 0x0, 0x0, 0x0,
    0x0, 0x0, 0x0, 0x25, 0x52, 0x0, 0x0, 0x0,
    0x0, 0x0, 0x0, 0x0, 0x0, 0x0, 0x0, 0x0,
    0x0, 0x0, 0x9f, 0xff, 0xfb, 0x10, 0x0, 0x0,
    0x0, 0x0, 0x0, 0x0, 0x0, 0x0, 0x0, 0x0,
    0x0, 0xaf, 0xff, 0xff, 0xfd, 0x0, 0x0, 0x0,
    0x0, 0x0, 0x0, 0x0, 0x8c, 0xe2, 0x0, 0x0,
    0x8f, 0xff, 0xff, 0xff, 0xf7, 0x0, 0x4, 0x0,
    0x0, 0x0, 0x0, 0xc, 0xff, 0x50, 0x0, 0x4f,
    0xff, 0xc2, 0x1a, 0xff, 0xd0, 0x2, 0xfe, 0x70,
    0x0, 0x0, 0x0, 0x9f, 0xf7, 0x0, 0x1e, 0xff,
    0xd1, 0x0, 0x1f, 0xff, 0x0, 0x6f, 0xfc, 0x0,
    0x0, 0x0, 0x7, 0xff, 0xb0, 0xb, 0xff, 0xf3,
    0x0, 0x2, 0xff, 0xf0, 0x9, 0xff, 0x80, 0x0,
    0x0, 0x0, 0x5f, 0xff, 0x89, 0xff, 0xfc, 0x66,
    0x67, 0xef, 0xff, 0x95, 0xbf, 0xf5, 0x0, 0x0,
    0x0, 0x2, 0xff, 0xff, 0xff, 0xff, 0xff, 0xff,
    0xff, 0xff, 0xff, 0xcc, 0xff, 0x30, 0x0, 0x0,
    0x0, 0xf, 0xff, 0xff, 0xff, 0xff, 0xff, 0xff,
    0xff, 0xff, 0xfc, 0xbf, 0xf4, 0x0, 0x0, 0x0,
    0x0, 0xef, 0xff, 0xff, 0xff, 0xff, 0xff, 0xfc,
    0x51, 0x9e, 0xc9, 0xff, 0x80, 0x0, 0x0, 0x0,
    0x1f, 0xff, 0x10, 0x0, 0x0, 0x0, 0x0, 0x0,
    0x0, 0x0, 0x5f, 0xff, 0x30, 0x0, 0x0, 0x5d,
    0xff, 0xe0, 0x0, 0x0, 0x0, 0x0, 0x0, 0x0,
    0x0, 0x0, 0xef, 0xff, 0xb8, 0xac, 0xff, 0xff,
    0xf8, 0x0, 0x0, 0x0, 0x0, 0x0, 0x0, 0x0,
    0x0, 0x5, 0xff, 0xff, 0xff, 0xff, 0xff, 0xfa,
    0x0, 0x0, 0x0, 0x0, 0x0, 0x0, 0x0, 0x0,
    0x0, 0x7, 0xff, 0xff, 0xff, 0xff, 0xd5, 0x0,
    0x0, 0x0, 0x0, 0x0, 0x0, 0x0, 0x0, 0x0,
    0x0, 0x3, 0x9d, 0xed, 0xb7, 0x30, 0x0, 0x0,
    0x0, 0x0, 0x0, 0x0, 0x0, 0x0, 0x0, 0x0,
    0x0, 0x0, 0x0, 0x0, 0x0, 0x0, 0x0, 0x0,
    0x0, 0x0, 0x0, 0x0, 0x0, 0x0, 0x0,

    /* U+FEBB "ﺻ" */
    0x0, 0x0, 0x0, 0x0, 0x0, 0x0, 0x15, 0x53,
    0x0, 0x0, 0x0, 0x0, 0x0, 0x0, 0x0, 0x7,
    0xff, 0xff, 0xc2, 0x0, 0x0, 0x0, 0x0, 0x0,
    0x0, 0x8f, 0xff, 0xff, 0xfe, 0x10, 0x0, 0xb,
    0xba, 0x10, 0x6, 0xff, 0xff, 0xff, 0xff, 0x90,
    0x0, 0xe, 0xff, 0x10, 0x2f, 0xff, 0xd3, 0x18,
    0xff, 0xf0, 0x0, 0xf, 0xff, 0x0, 0xdf, 0xfe,
    0x10, 0x0, 0xff, 0xf2, 0x0, 0x2f, 0xff, 0x9,
    0xff, 0xf4, 0x0, 0x1, 0xff, 0xf1, 0x6, 0xdf,
    0xff, 0x9f, 0xff, 0xd6, 0x66, 0x7d, 0xff, 0xe0,
    0x2f, 0xff, 0xff, 0xff, 0xff, 0xff, 0xff, 0xff,
    0xff, 0x70, 0x2f, 0xff, 0xff, 0xff, 0xff, 0xff,
    0xff, 0xff, 0xfa, 0x0, 0x2e, 0xc5, 0x4c, 0xff,
    0xff, 0xff, 0xff, 0xfc, 0x60, 0x0,

    /* U+FEBC "ﺼ" */
    0x0, 0x0, 0x0, 0x0, 0x0, 0x0, 0x15, 0x53,
    0x0, 0x0, 0x0, 0x0, 0x0, 0x0, 0x0, 0x0,
    0x7f, 0xff, 0xfc, 0x20, 0x0, 0x0, 0x0, 0x0,
    0x0, 0x0, 0x8f, 0xff, 0xff, 0xfe, 0x10, 0x0,
    0x0, 0xbb, 0xa1, 0x0, 0x6f, 0xff, 0xff, 0xff,
    0xf9, 0x0, 0x0, 0xe, 0xff, 0x10, 0x2f, 0xff,
    0xd3, 0x18, 0xff, 0xf0, 0x0, 0x0, 0xff, 0xf0,
    0xd, 0xff, 0xe1, 0x0, 0xf, 0xff, 0x20, 0x0,
    0x2f, 0xff, 0x9, 0xff, 0xf4, 0x0, 0x1, 0xff,
    0xf1, 0x0, 0x6d, 0xff, 0xf9, 0xff, 0xfd, 0x66,
    0x67, 0xdf, 0xff, 0xa6, 0x2f, 0xff, 0xff, 0xff,
    0xff, 0xff, 0xff, 0xff, 0xff, 0xff, 0xe2, 0xff,
    0xff, 0xff, 0xff, 0xff, 0xff, 0xff, 0xff, 0xff,
    0xfe, 0x2e, 0xc5, 0x4c, 0xff, 0xff, 0xff, 0xff,
    0xfc, 0x61, 0x8d, 0xd0,

    /* U+FEBD "ﺽ" */
    0x0, 0x0, 0x0, 0x0, 0x0, 0x0, 0x0, 0x0,
    0x0, 0x0, 0x0, 0x4, 0x10, 0x0, 0x0, 0x0,
    0x0, 0x0, 0x0, 0x0, 0x0, 0x0, 0x0, 0x0,
    0x0, 0x0, 0x4f, 0xd1, 0x0, 0x0, 0x0, 0x0,
    0x0, 0x0, 0x0, 0x0, 0x0, 0x0, 0x0, 0x0,
    0x2, 0xff, 0xfc, 0x0, 0x0, 0x0, 0x0, 0x0,
    0x0, 0x0, 0x0, 0x0, 0x0, 0x0, 0x0, 0x0,
    0x8f, 0xf4, 0x0, 0x0, 0x0, 0x0, 0x0, 0x0,
    0x0, 0x0, 0x0, 0x0, 0x0, 0x0, 0x0, 0x7,
    0x30, 0x0, 0x0, 0x0, 0x0, 0x0, 0x0, 0x0,
    0x0, 0x0, 0x0, 0x0, 0x0, 0x0, 0x0, 0x0,
    0x0, 0x0, 0x0, 0x0, 0x0, 0x0, 0x0, 0x0,
    0x0, 0x0, 0x0, 0x0, 0x0, 0x15, 0x52, 0x0,
    0x0, 0x0, 0x0, 0x0, 0x0, 0x0, 0x0, 0x0,
    0x0, 0x0, 0x0, 0x9, 0xff, 0xff, 0xb1, 0x0,
    0x0, 0x0, 0x0, 0x0, 0x0, 0x0, 0x0, 0x0,
    0x0, 0x0, 0xaf, 0xff, 0xff, 0xfd, 0x0, 0x0,
    0x0, 0x0, 0x0, 0x0, 0x8, 0xce, 0x20, 0x0,
    0x8, 0xff, 0xff, 0xff, 0xff, 0x70, 0x4, 0x0,
    0x0, 0x0, 0x0, 0xc, 0xff, 0x50, 0x0, 0x4f,
    0xff, 0xc2, 0x1a, 0xff, 0xd0, 0x2f, 0xe7, 0x0,
    0x0, 0x0, 0x9, 0xff, 0x70, 0x1, 0xef, 0xfd,
    0x0, 0x1, 0xff, 0xf0, 0x6f, 0xfc, 0x0, 0x0,
    0x0, 0x7, 0xff, 0xb0, 0xb, 0xff, 0xf3, 0x0,
    0x3, 0xff, 0xf0, 0x9f, 0xf8, 0x0, 0x0, 0x0,
    0x5, 0xff, 0xf8, 0x9f, 0xff, 0xc6, 0x66, 0x7e,
    0xff, 0xc0, 0xbf, 0xf5, 0x0, 0x0, 0x0, 0x2,
    0xff, 0xff, 0xff, 0xff, 0xff, 0xff, 0xff, 0xff,
    0x50, 0xcf, 0xf3, 0x0, 0x0, 0x0, 0x0, 0xff,
    0xff, 0xff, 0xff, 0xff, 0xff, 0xff, 0xf8, 0x0,
    0xbf, 0xf4, 0x0, 0x0, 0x0, 0x0, 0xef, 0xff,
    0xff, 0xff, 0xff, 0xff, 0xfc, 0x50, 0x0, 0x9f,
    0xf8, 0x0, 0x0, 0x0, 0x1, 0xff, 0xf1, 0x0,
    0x0, 0x0, 0x0, 0x0, 0x0, 0x0, 0x5f, 0xff,
    0x30, 0x0, 0x0, 0x5d, 0xff, 0xe0, 0x0, 0x0,
    0x0, 0x0, 0x0, 0x0, 0x0, 0xe, 0xff, 0xfb,
    0x8a, 0xcf, 0xff, 0xff, 0x80, 0x0, 0x0, 0x0,
    0x0, 0x0, 0x0, 0x0, 0x5, 0xff, 0xff, 0xff,
    0xff, 0xff, 0xfa, 0x0, 0x0, 0x0, 0x0, 0x0,
    0x0, 0x0, 0x0, 0x0, 0x7f, 0xff, 0xff, 0xff,
    0xfd, 0x50, 0x0, 0x0, 0x0, 0x0, 0x0, 0x0,
    0x0, 0x0, 0x0, 0x3, 0x9d, 0xed, 0xb7, 0x30,
    0x0, 0x0, 0x0, 0x0, 0x0, 0x0, 0x0, 0x0,
    0x0, 0x0, 0x0, 0x0, 0x0, 0x0, 0x0, 0x0,
    0x0, 0x0, 0x0, 0x0, 0x0, 0x0, 0x0, 0x0,

    /* U+FEBE "ﺾ" */
    0x0, 0x0, 0x0, 0x0, 0x0, 0x0, 0x0, 0x0,
    0x0, 0x0, 0x0, 0x5, 0x0, 0x0, 0x0, 0x0,
    0x0, 0x0, 0x0, 0x0, 0x0, 0x0, 0x0, 0x0,
    0x0, 0x0, 0x7, 0xfb, 0x0, 0x0, 0x0, 0x0,
    0x0, 0x0, 0x0, 0x0, 0x0, 0x0, 0x0, 0x0,
    0x0, 0x4, 0xff, 0xf9, 0x0, 0x0, 0x0, 0x0,
    0x0, 0x0, 0x0, 0x0, 0x0, 0x0, 0x0, 0x0,
    0x0, 0xa, 0xfd, 0x10, 0x0, 0x0, 0x0, 0x0,
    0x0, 0x0, 0x0, 0x0, 0x0, 0x0, 0x0, 0x0,
    0x0, 0x9, 0x10, 0x0, 0x0, 0x0, 0x0, 0x0,
    0x0, 0x0, 0x0, 0x0, 0x0, 0x0, 0x0, 0x0,
    0x0, 0x0, 0x0, 0x0, 0x0, 0x0, 0x0, 0x0,
    0x0, 0x0, 0x0, 0x0, 0x0, 0x0, 0x0, 0x0,
    0x25, 0x52, 0x0, 0x0, 0x0, 0x0, 0x0, 0x0,
    0x0, 0x0, 0x0, 0x0, 0x0, 0x0, 0x0, 0x9f,
    0xff, 0xfb, 0x10, 0x0, 0x0, 0x0, 0x0, 0x0,
    0x0, 0x0, 0x0, 0x0, 0x0, 0x0, 0xaf, 0xff,
    0xff, 0xfd, 0x0, 0x0, 0x0, 0x0, 0x0, 0x0,
    0x0, 0x8c, 0xe2, 0x0, 0x0, 0x8f, 0xff, 0xff,
    0xff, 0xf7, 0x0, 0x4, 0x0, 0x0, 0x0, 0x0,
    0xc, 0xff, 0x50, 0x0, 0x4f, 0xff, 0xc2, 0x1a,
    0xff, 0xd0, 0x2, 0xfe, 0x70, 0x0, 0x0, 0x0,
    0x9f, 0xf7, 0x0, 0x1e, 0xff, 0xd1, 0x0, 0x1f,
    0xff, 0x0, 0x6f, 0xfc, 0x0, 0x0, 0x0, 0x7,
    0xff, 0xb0, 0xb, 0xff, 0xf3, 0x0, 0x2, 0xff,
    0xf0, 0x9, 0xff, 0x80, 0x0, 0x0, 0x0, 0x5f,
    0xff, 0x89, 0xff, 0xfc, 0x66, 0x67, 0xef, 0xff,
    0x95, 0xbf, 0xf5, 0x0, 0x0, 0x0, 0x2, 0xff,
    0xff, 0xff, 0xff, 0xff, 0xff, 0xff, 0xff, 0xff,
    0xcc, 0xff, 0x30, 0x0, 0x0, 0x0, 0xf, 0xff,
    0xff, 0xff, 0xff, 0xff, 0xff, 0xff, 0xff, 0xfc,
    0xbf, 0xf4, 0x0, 0x0, 0x0, 0x0, 0xef, 0xff,
    0xff, 0xff, 0xff, 0xff, 0xfc, 0x51, 0x9e, 0xc9,
    0xff, 0x80, 0x0, 0x0, 0x0, 0x1f, 0xff, 0x10,
    0x0, 0x0, 0x0, 0x0, 0x0, 0x0, 0x0, 0x5f,
    0xff, 0x30, 0x0, 0x0, 0x5d, 0xff, 0xe0, 0x0,
    0x0, 0x0, 0x0, 0x0, 0x0, 0x0, 0x0, 0xef,
    0xff, 0xb8, 0xac, 0xff, 0xff, 0xf8, 0x0, 0x0,
    0x0, 0x0, 0x0, 0x0, 0x0, 0x0, 0x5, 0xff,
    0xff, 0xff, 0xff, 0xff, 0xfa, 0x0, 0x0, 0x0,
    0x0, 0x0, 0x0, 0x0, 0x0, 0x0, 0x7, 0xff,
    0xff, 0xff, 0xff, 0xd5, 0x0, 0x0, 0x0, 0x0,
    0x0, 0x0, 0x0, 0x0, 0x0, 0x0, 0x3, 0x9d,
    0xed, 0xb7, 0x30, 0x0, 0x0, 0x0, 0x0, 0x0,
    0x0, 0x0, 0x0, 0x0, 0x0, 0x0, 0x0, 0x0,
    0x0, 0x0, 0x0, 0x0, 0x0, 0x0, 0x0, 0x0,
    0x0, 0x0, 0x0, 0x0,

    /* U+FEBF "ﺿ" */
    0x0, 0x0, 0x0, 0x0, 0x0, 0x0, 0xa, 0x40,
    0x0, 0x0, 0x0, 0x0, 0x0, 0x0, 0x0, 0x0,
    0xbf, 0xf4, 0x0, 0x0, 0x0, 0x0, 0x0, 0x0,
    0x0, 0x2, 0xff, 0xfa, 0x0, 0x0, 0x0, 0x0,
    0x0, 0x0, 0x0, 0x0, 0x3f, 0xa0, 0x0, 0x0,
    0x0, 0x0, 0x0, 0x0, 0x0, 0x0, 0x2, 0x0,
    0x0, 0x0, 0x0, 0x0, 0x0, 0x0, 0x0, 0x0,
    0x15, 0x53, 0x0, 0x0, 0x0, 0x0, 0x0, 0x0,
    0x0, 0x7, 0xff, 0xff, 0xc2, 0x0, 0x0, 0x0,
    0x0, 0x0, 0x0, 0x8f, 0xff, 0xff, 0xfe, 0x10,
    0x0, 0xb, 0xba, 0x10, 0x6, 0xff, 0xff, 0xff,
    0xff, 0x90, 0x0, 0xe, 0xff, 0x10, 0x2f, 0xff,
    0xd3, 0x18, 0xff, 0xf0, 0x0, 0xf, 0xff, 0x0,
    0xdf, 0xfe, 0x10, 0x0, 0xff, 0xf2, 0x0, 0x2f,
    0xff, 0x9, 0xff, 0xf4, 0x0, 0x1, 0xff, 0xf1,
    0x6, 0xdf, 0xff, 0x9f, 0xff, 0xd6, 0x66, 0x7d,
    0xff, 0xe0, 0x2f, 0xff, 0xff, 0xff, 0xff, 0xff,
    0xff, 0xff, 0xff, 0x70, 0x2f, 0xff, 0xff, 0xff,
    0xff, 0xff, 0xff, 0xff, 0xfa, 0x0, 0x2e, 0xc5,
    0x4c, 0xff, 0xff, 0xff, 0xff, 0xfc, 0x60, 0x0,

    /* U+FEC0 "ﻀ" */
    0x0, 0x0, 0x0, 0x0, 0x0, 0x0, 0x1, 0x0,
    0x0, 0x0, 0x0, 0x0, 0x0, 0x0, 0x0, 0x0,
    0x3, 0xe6, 0x0, 0x0, 0x0, 0x0, 0x0, 0x0,
    0x0, 0x0, 0x3, 0xef, 0xf6, 0x0, 0x0, 0x0,
    0x0, 0x0, 0x0, 0x0, 0x0, 0x2e, 0xff, 0x50,
    0x0, 0x0, 0x0, 0x0, 0x0, 0x0, 0x0, 0x0,
    0x2e, 0x50, 0x0, 0x0, 0x0, 0x0, 0x0, 0x0,
    0x0, 0x0, 0x0, 0x0, 0x0, 0x0, 0x0, 0x0,
    0x0, 0x0, 0x0, 0x0, 0x0, 0x15, 0x53, 0x0,
    0x0, 0x0, 0x0, 0x0, 0x0, 0x0, 0x0, 0x7f,
    0xff, 0xfc, 0x20, 0x0, 0x0, 0x0, 0x0, 0x0,
    0x0, 0x8f, 0xff, 0xff, 0xfe, 0x10, 0x0, 0x0,
    0xbb, 0xa1, 0x0, 0x6f, 0xff, 0xff, 0xff, 0xf9,
    0x0, 0x0, 0xe, 0xff, 0x10, 0x2f, 0xff, 0xd3,
    0x18, 0xff, 0xf0, 0x0, 0x0, 0xff, 0xf0, 0xd,
    0xff, 0xe1, 0x0, 0xf, 0xff, 0x20, 0x0, 0x2f,
    0xff, 0x9, 0xff, 0xf4, 0x0, 0x1, 0xff, 0xf1,
    0x0, 0x6d, 0xff, 0xf9, 0xff, 0xfd, 0x66, 0x67,
    0xdf, 0xff, 0xa6, 0x2f, 0xff, 0xff, 0xff, 0xff,
    0xff, 0xff, 0xff, 0xff, 0xff, 0xe2, 0xff, 0xff,
    0xff, 0xff, 0xff, 0xff, 0xff, 0xff, 0xff, 0xfe,
    0x2e, 0xc5, 0x4c, 0xff, 0xff, 0xff, 0xff, 0xfc,
    0x61, 0x8d, 0xd0,

    /* U+FEC1 "ﻁ" */
    0x0, 0x5f, 0xfb, 0x0, 0x0, 0x0, 0x0, 0x0,
    0x5, 0xff, 0xb0, 0x0, 0x0, 0x0, 0x0, 0x0,
    0x4f, 0xfc, 0x0, 0x0, 0x0, 0x0, 0x0, 0x3,
    0xff, 0xc0, 0x0, 0x0, 0x0, 0x0, 0x0, 0x3f,
    0xfd, 0x0, 0x0, 0x0, 0x0, 0x0, 0x2, 0xff,
    0xe0, 0x0, 0x0, 0x0, 0x0, 0x0, 0x2f, 0xfe,
    0x0, 0x15, 0x52, 0x0, 0x0, 0x1, 0xff, 0xf0,
    0x9f, 0xff, 0xfb, 0x0, 0x0, 0xf, 0xff, 0xbf,
    0xff, 0xff, 0xfc, 0x0, 0x0, 0xff, 0xff, 0xff,
    0xff, 0xff, 0xf6, 0x0, 0xf, 0xff, 0xff, 0xb2,
    0x1b, 0xff, 0xc0, 0x0, 0xef, 0xff, 0xd0, 0x0,
    0x2f, 0xff, 0x0, 0xe, 0xff, 0xf2, 0x0, 0x4,
    0xff, 0xe5, 0x69, 0xff, 0xfb, 0x66, 0x68, 0xef,
    0xfb, 0xcf, 0xff, 0xff, 0xff, 0xff, 0xff, 0xff,
    0x4c, 0xff, 0xff, 0xff, 0xff, 0xff, 0xff, 0x70,
    0xcf, 0xff, 0xff, 0xff, 0xff, 0xfb, 0x40, 0x0,

    /* U+FEC2 "ﻂ" */
    0x0, 0x5f, 0xfb, 0x0, 0x0, 0x0, 0x0, 0x0,
    0x0, 0x5f, 0xfb, 0x0, 0x0, 0x0, 0x0, 0x0,
    0x0, 0x4f, 0xfc, 0x0, 0x0, 0x0, 0x0, 0x0,
    0x0, 0x3f, 0xfc, 0x0, 0x0, 0x0, 0x0, 0x0,
    0x0, 0x3f, 0xfd, 0x0, 0x0, 0x0, 0x0, 0x0,
    0x0, 0x2f, 0xfe, 0x0, 0x0, 0x0, 0x0, 0x0,
    0x0, 0x2f, 0xfe, 0x0, 0x15, 0x52, 0x0, 0x0,
    0x0, 0x1f, 0xff, 0x9, 0xff, 0xff, 0xb0, 0x0,
    0x0, 0xf, 0xff, 0xbf, 0xff, 0xff, 0xfc, 0x0,
    0x0, 0xf, 0xff, 0xff, 0xff, 0xff, 0xff, 0x60,
    0x0, 0xf, 0xff, 0xff, 0xb2, 0x1b, 0xff, 0xc0,
    0x0, 0xe, 0xff, 0xfd, 0x0, 0x2, 0xff, 0xf0,
    0x0, 0xe, 0xff, 0xf2, 0x0, 0x4, 0xff, 0xe0,
    0x56, 0x9f, 0xff, 0xb6, 0x66, 0x8e, 0xff, 0xe6,
    0xcf, 0xff, 0xff, 0xff, 0xff, 0xff, 0xff, 0xff,
    0xcf, 0xff, 0xff, 0xff, 0xff, 0xff, 0xff, 0xff,
    0xcf, 0xff, 0xff, 0xff, 0xff, 0xeb, 0x47, 0xdf,

    /* U+FEC3 "ﻃ" */
    0x0, 0xb, 0xff, 0x60, 0x0, 0x0, 0x0, 0x0,
    0x0, 0xa, 0xff, 0x60, 0x0, 0x0, 0x0, 0x0,
    0x0, 0x9, 0xff, 0x70, 0x0, 0x0, 0x0, 0x0,
    0x0, 0x9, 0xff, 0x70, 0x0, 0x0, 0x0, 0x0,
    0x0, 0x8, 0xff, 0x80, 0x0, 0x0, 0x0, 0x0,
    0x0, 0x7, 0xff, 0x90, 0x0, 0x0, 0x0, 0x0,
    0x0, 0x7, 0xff, 0x90, 0x3, 0x55, 0x10, 0x0,
    0x0, 0x6, 0xff, 0xa2, 0xcf, 0xff, 0xf7, 0x0,
    0x0, 0x6, 0xff, 0xce, 0xff, 0xff, 0xff, 0x70,
    0x0, 0x5, 0xff, 0xff, 0xff, 0xff, 0xff, 0xf2,
    0x0, 0x4, 0xff, 0xff, 0xf7, 0x13, 0xef, 0xf7,
    0x0, 0x4, 0xff, 0xff, 0x80, 0x0, 0x7f, 0xf9,
    0x0, 0x4, 0xff, 0xfc, 0x0, 0x0, 0x9f, 0xf9,
    0x6, 0x6d, 0xff, 0xf8, 0x66, 0x6a, 0xff, 0xf6,
    0x2f, 0xff, 0xff, 0xff, 0xff, 0xff, 0xff, 0xe0,
    0x2f, 0xff, 0xff, 0xff, 0xff, 0xff, 0xfe, 0x30,
    0x2f, 0xff, 0xff, 0xff, 0xff, 0xfe, 0xa2, 0x0,

    /* U+FEC4 "ﻄ" */
    0x0, 0xb, 0xff, 0x60, 0x0, 0x0, 0x0, 0x0,
    0x0, 0x0, 0xa, 0xff, 0x60, 0x0, 0x0, 0x0,
    0x0, 0x0, 0x0, 0x9, 0xff, 0x70, 0x0, 0x0,
    0x0, 0x0, 0x0, 0x0, 0x9, 0xff, 0x70, 0x0,
    0x0, 0x0, 0x0, 0x0, 0x0, 0x8, 0xff, 0x80,
    0x0, 0x0, 0x0, 0x0, 0x0, 0x0, 0x7, 0xff,
    0x90, 0x0, 0x0, 0x0, 0x0, 0x0, 0x0, 0x7,
    0xff, 0x90, 0x3, 0x55, 0x10, 0x0, 0x0, 0x0,
    0x6, 0xff, 0xa2, 0xcf, 0xff, 0xf7, 0x0, 0x0,
    0x0, 0x6, 0xff, 0xce, 0xff, 0xff, 0xff, 0x70,
    0x0, 0x0, 0x5, 0xff, 0xff, 0xff, 0xff, 0xff,
    0xf1, 0x0, 0x0, 0x4, 0xff, 0xff, 0xf7, 0x13,
    0xef, 0xf7, 0x0, 0x0, 0x4, 0xff, 0xff, 0x80,
    0x0, 0x7f, 0xf9, 0x0, 0x0, 0x4, 0xff, 0xfc,
    0x0, 0x0, 0x9f, 0xf9, 0x0, 0x6, 0x6d, 0xff,
    0xf8, 0x66, 0x6a, 0xff, 0xfe, 0x72, 0x2f, 0xff,
    0xff, 0xff, 0xff, 0xff, 0xff, 0xff, 0xf6, 0x2f,
    0xff, 0xff, 0xff, 0xff, 0xff, 0xff, 0xff, 0xf6,
    0x2f, 0xff, 0xff, 0xff, 0xff, 0xfe, 0x91, 0x4b,
    0xf6,

    /* U+FEC5 "ﻅ" */
    0x0, 0x0, 0x0, 0x0, 0x0, 0x0, 0x0, 0x0,
    0x5, 0xff, 0xb0, 0x0, 0x3d, 0x10, 0x0, 0x0,
    0x5f, 0xfb, 0x0, 0x2e, 0xfd, 0x10, 0x0, 0x4,
    0xff, 0xc0, 0x7, 0xff, 0xf5, 0x0, 0x0, 0x3f,
    0xfc, 0x0, 0x9, 0xf7, 0x0, 0x0, 0x3, 0xff,
    0xd0, 0x0, 0x4, 0x0, 0x0, 0x0, 0x2f, 0xfe,
    0x0, 0x0, 0x0, 0x0, 0x0, 0x2, 0xff, 0xe0,
    0x1, 0x55, 0x20, 0x0, 0x0, 0x1f, 0xff, 0x9,
    0xff, 0xff, 0xb0, 0x0, 0x0, 0xff, 0xfb, 0xff,
    0xff, 0xff, 0xc0, 0x0, 0xf, 0xff, 0xff, 0xff,
    0xff, 0xff, 0x60, 0x0, 0xff, 0xff, 0xfb, 0x21,
    0xbf, 0xfc, 0x0, 0xe, 0xff, 0xfd, 0x0, 0x2,
    0xff, 0xf0, 0x0, 0xef, 0xff, 0x20, 0x0, 0x4f,
    0xfe, 0x56, 0x9f, 0xff, 0xb6, 0x66, 0x8e, 0xff,
    0xbc, 0xff, 0xff, 0xff, 0xff, 0xff, 0xff, 0xf4,
    0xcf, 0xff, 0xff, 0xff, 0xff, 0xff, 0xf7, 0xc,
    0xff, 0xff, 0xff, 0xff, 0xff, 0xb4, 0x0,

    /* U+FEC6 "ﻆ" */
    0x0, 0x0, 0x0, 0x0, 0x0, 0x0, 0x0, 0x0,
    0x0, 0x5f, 0xfb, 0x0, 0x3, 0xd1, 0x0, 0x0,
    0x0, 0x5f, 0xfb, 0x0, 0x2e, 0xfd, 0x10, 0x0,
    0x0, 0x4f, 0xfc, 0x0, 0x7f, 0xff, 0x50, 0x0,
    0x0, 0x3f, 0xfc, 0x0, 0x9, 0xf7, 0x0, 0x0,
    0x0, 0x3f, 0xfd, 0x0, 0x0, 0x40, 0x0, 0x0,
    0x0, 0x2f, 0xfe, 0x0, 0x0, 0x0, 0x0, 0x0,
    0x0, 0x2f, 0xfe, 0x0, 0x15, 0x52, 0x0, 0x0,
    0x0, 0x1f, 0xff, 0x9, 0xff, 0xff, 0xb0, 0x0,
    0x0, 0xf, 0xff, 0xbf, 0xff, 0xff, 0xfc, 0x0,
    0x0, 0xf, 0xff, 0xff, 0xff, 0xff, 0xff, 0x60,
    0x0, 0xf, 0xff, 0xff, 0xb2, 0x1b, 0xff, 0xc0,
    0x0, 0xe, 0xff, 0xfd, 0x0, 0x2, 0xff, 0xf0,
    0x0, 0xe, 0xff, 0xf2, 0x0, 0x4, 0xff, 0xe0,
    0x56, 0x9f, 0xff, 0xb6, 0x66, 0x8e, 0xff, 0xe6,
    0xcf, 0xff, 0xff, 0xff, 0xff, 0xff, 0xff, 0xff,
    0xcf, 0xff, 0xff, 0xff, 0xff, 0xff, 0xff, 0xff,
    0xcf, 0xff, 0xff, 0xff, 0xff, 0xeb, 0x47, 0xdf,

    /* U+FEC7 "ﻇ" */
    0x0, 0x0, 0x0, 0x0, 0x0, 0x0, 0x0, 0x0,
    0x0, 0xb, 0xff, 0x60, 0x0, 0xb5, 0x0, 0x0,
    0x0, 0xa, 0xff, 0x60, 0xb, 0xff, 0x50, 0x0,
    0x0, 0x9, 0xff, 0x70, 0x2f, 0xff, 0xb0, 0x0,
    0x0, 0x9, 0xff, 0x70, 0x4, 0xfc, 0x0, 0x0,
    0x0, 0x8, 0xff, 0x80, 0x0, 0x40, 0x0, 0x0,
    0x0, 0x7, 0xff, 0x90, 0x0, 0x0, 0x0, 0x0,
    0x0, 0x7, 0xff, 0x90, 0x3, 0x55, 0x10, 0x0,
    0x0, 0x6, 0xff, 0xa2, 0xcf, 0xff, 0xf7, 0x0,
    0x0, 0x6, 0xff, 0xce, 0xff, 0xff, 0xff, 0x70,
    0x0, 0x5, 0xff, 0xff, 0xff, 0xff, 0xff, 0xf2,
    0x0, 0x4, 0xff, 0xff, 0xf7, 0x13, 0xef, 0xf7,
    0x0, 0x4, 0xff, 0xff, 0x80, 0x0, 0x7f, 0xf9,
    0x0, 0x4, 0xff, 0xfc, 0x0, 0x0, 0x9f, 0xf9,
    0x6, 0x6d, 0xff, 0xf8, 0x66, 0x6a, 0xff, 0xf6,
    0x2f, 0xff, 0xff, 0xff, 0xff, 0xff, 0xff, 0xe0,
    0x2f, 0xff, 0xff, 0xff, 0xff, 0xff, 0xfe, 0x30,
    0x2f, 0xff, 0xff, 0xff, 0xff, 0xfe, 0xa2, 0x0,

    /* U+FEC8 "ﻈ" */
    0x0, 0x0, 0x0, 0x0, 0x0, 0x0, 0x0, 0x0,
    0x0, 0x0, 0xb, 0xff, 0x60, 0x1, 0xc4, 0x0,
    0x0, 0x0, 0x0, 0xa, 0xff, 0x60, 0xc, 0xff,
    0x30, 0x0, 0x0, 0x0, 0x9, 0xff, 0x70, 0x3f,
    0xff, 0x90, 0x0, 0x0, 0x0, 0x9, 0xff, 0x70,
    0x5, 0xfa, 0x0, 0x0, 0x0, 0x0, 0x8, 0xff,
    0x80, 0x0, 0x40, 0x0, 0x0, 0x0, 0x0, 0x7,
    0xff, 0x90, 0x0, 0x0, 0x0, 0x0, 0x0, 0x0,
    0x7, 0xff, 0x90, 0x3, 0x55, 0x10, 0x0, 0x0,
    0x0, 0x6, 0xff, 0xa2, 0xcf, 0xff, 0xf7, 0x0,
    0x0, 0x0, 0x6, 0xff, 0xce, 0xff, 0xff, 0xff,
    0x70, 0x0, 0x0, 0x5, 0xff, 0xff, 0xff, 0xff,
    0xff, 0xf1, 0x0, 0x0, 0x4, 0xff, 0xff, 0xf7,
    0x13, 0xef, 0xf7, 0x0, 0x0, 0x4, 0xff, 0xff,
    0x80, 0x0, 0x7f, 0xf9, 0x0, 0x0, 0x4, 0xff,
    0xfc, 0x0, 0x0, 0x9f, 0xf9, 0x0, 0x6, 0x6d,
    0xff, 0xf8, 0x66, 0x6a, 0xff, 0xfe, 0x72, 0x2f,
    0xff, 0xff, 0xff, 0xff, 0xff, 0xff, 0xff, 0xf6,
    0x2f, 0xff, 0xff, 0xff, 0xff, 0xff, 0xff, 0xff,
    0xf6, 0x2f, 0xff, 0xff, 0xff, 0xff, 0xfe, 0x91,
    0x4b, 0xf6,

    /* U+FEC9 "ﻉ" */
    0x0, 0x0, 0x7, 0xcd, 0xc9, 0x50, 0x0, 0x0,
    0x1, 0xdf, 0xff, 0xff, 0xa0, 0x0, 0x0, 0xb,
    0xff, 0xff, 0xff, 0x60, 0x0, 0x0, 0x2f, 0xff,
    0xc8, 0xad, 0x20, 0x0, 0x0, 0x6f, 0xfc, 0x0,
    0x0, 0x0, 0x0, 0x0, 0x6f, 0xfa, 0x0, 0x0,
    0x0, 0x0, 0x0, 0x4f, 0xff, 0x62, 0x47, 0xac,
    0x0, 0x0, 0xd, 0xff, 0xff, 0xff, 0xff, 0x10,
    0x0, 0x4e, 0xff, 0xff, 0xff, 0xff, 0x40, 0x5,
    0xff, 0xff, 0xff, 0xff, 0xc9, 0x30, 0x1f, 0xff,
    0xfc, 0x85, 0x20, 0x0, 0x0, 0x7f, 0xff, 0x40,
    0x0, 0x0, 0x0, 0x0, 0xbf, 0xf7, 0x0, 0x0,
    0x0, 0x0, 0x0, 0xcf, 0xf4, 0x0, 0x0, 0x0,
    0x0, 0x0, 0xbf, 0xf8, 0x0, 0x0, 0x0, 0x0,
    0x0, 0x7f, 0xff, 0x60, 0x0, 0x2, 0x35, 0x70,
    0x1e, 0xff, 0xfe, 0xde, 0xff, 0xff, 0xf0, 0x4,
    0xff, 0xff, 0xff, 0xff, 0xff, 0xf2, 0x0, 0x4e,
    0xff, 0xff, 0xff, 0xff, 0xf3, 0x0, 0x0, 0x58,
    0x87, 0x64, 0x21, 0x0,

    /* U+FECA "ﻊ" */
    0x0, 0x0, 0x14, 0x69, 0xba, 0x50, 0x0, 0x0,
    0x7, 0xff, 0xff, 0xff, 0xff, 0x80, 0x0, 0x0,
    0xdf, 0xff, 0xff, 0xff, 0xff, 0x20, 0x0, 0x2f,
    0xff, 0xeb, 0x96, 0x7f, 0xf8, 0x0, 0x0, 0xcf,
    0xff, 0x20, 0x5, 0xff, 0x80, 0x0, 0x1, 0xef,
    0xfd, 0x2, 0xdf, 0xf4, 0x0, 0x0, 0x4, 0xff,
    0xfd, 0xff, 0xfa, 0x0, 0x0, 0x0, 0x4e, 0xff,
    0xff, 0xfc, 0x10, 0x0, 0x0, 0xaf, 0xff, 0xff,
    0xfe, 0x76, 0x66, 0x0, 0xcf, 0xff, 0xee, 0xff,
    0xff, 0xff, 0xf0, 0x6f, 0xff, 0x90, 0x3e, 0xff,
    0xff, 0xff, 0xb, 0xff, 0xa0, 0x0, 0x29, 0xde,
    0xff, 0xf0, 0xcf, 0xf4, 0x0, 0x0, 0x0, 0x0,
    0x0, 0xb, 0xff, 0x60, 0x0, 0x0, 0x0, 0x0,
    0x0, 0x8f, 0xfe, 0x30, 0x0, 0x1, 0x34, 0x61,
    0x2, 0xff, 0xff, 0xed, 0xff, 0xff, 0xff, 0x30,
    0x6, 0xff, 0xff, 0xff, 0xff, 0xff, 0xf4, 0x0,
    0x6, 0xff, 0xff, 0xff, 0xff, 0xff, 0x50, 0x0,
    0x1, 0x68, 0x87, 0x64, 0x32, 0x0, 0x0,

    /* U+FECB "ﻋ" */
    0x0, 0x0, 0x0, 0x46, 0x42, 0x0, 0x0, 0x0,
    0x4, 0xef, 0xff, 0xfd, 0x0, 0x0, 0x3, 0xff,
    0xff, 0xff, 0xa0, 0x0, 0x0, 0xcf, 0xff, 0xff,
    0xf6, 0x0, 0x0, 0x1f, 0xff, 0x50, 0x15, 0x10,
    0x0, 0x3, 0xff, 0xd0, 0x0, 0x0, 0x0, 0x0,
    0x3f, 0xff, 0x10, 0x0, 0x3, 0x0, 0x55, 0xff,
    0xfd, 0x9a, 0xdf, 0xf3, 0x2f, 0xff, 0xff, 0xff,
    0xff, 0xff, 0x62, 0xff, 0xff, 0xff, 0xff, 0xff,
    0xf8, 0x2f, 0xff, 0xff, 0xff, 0xda, 0x73, 0x0,

    /* U+FECC "ﻌ" */
    0x0, 0x0, 0x0, 0x1, 0x33, 0x0, 0x0, 0x0,
    0x28, 0xac, 0xff, 0xff, 0xe4, 0x0, 0x0, 0x8f,
    0xff, 0xff, 0xff, 0xff, 0x20, 0x0, 0xef, 0xff,
    0xff, 0xec, 0xff, 0x80, 0x0, 0xef, 0xfe, 0x20,
    0x1, 0xff, 0xb0, 0x0, 0x3f, 0xff, 0xa0, 0x9,
    0xff, 0x90, 0x0, 0x7, 0xff, 0xf8, 0xaf, 0xff,
    0x20, 0x6, 0x67, 0xff, 0xff, 0xff, 0xfb, 0x64,
    0x2f, 0xff, 0xff, 0xff, 0xff, 0xff, 0xfa, 0x2f,
    0xff, 0xff, 0xff, 0xff, 0xff, 0xfa, 0x2f, 0xed,
    0xa6, 0x25, 0xad, 0xef, 0xfa,

    /* U+FECD "ﻍ" */
    0x0, 0x0, 0x0, 0x12, 0x0, 0x0, 0x0, 0x0,
    0x0, 0x1, 0xde, 0x20, 0x0, 0x0, 0x0, 0x0,
    0xd, 0xff, 0xe1, 0x0, 0x0, 0x0, 0x0, 0x6,
    0xff, 0x70, 0x0, 0x0, 0x0, 0x0, 0x0, 0x67,
    0x0, 0x0, 0x0, 0x0, 0x0, 0x0, 0x0, 0x0,
    0x0, 0x0, 0x0, 0x0, 0x7, 0xcd, 0xc9, 0x50,
    0x0, 0x0, 0x1, 0xdf, 0xff, 0xff, 0xa0, 0x0,
    0x0, 0xb, 0xff, 0xff, 0xff, 0x60, 0x0, 0x0,
    0x2f, 0xff, 0xc8, 0xad, 0x20, 0x0, 0x0, 0x6f,
    0xfc, 0x0, 0x0, 0x0, 0x0, 0x0, 0x6f, 0xfa,
    0x0, 0x0, 0x0, 0x0, 0x0, 0x4f, 0xff, 0x62,
    0x47, 0xac, 0x0, 0x0, 0xd, 0xff, 0xff, 0xff,
    0xff, 0x10, 0x0, 0x4e, 0xff, 0xff, 0xff, 0xff,
    0x40, 0x5, 0xff, 0xff, 0xff, 0xff, 0xc9, 0x30,
    0x1f, 0xff, 0xfc, 0x85, 0x20, 0x0, 0x0, 0x7f,
    0xff, 0x40, 0x0, 0x0, 0x0, 0x0, 0xbf, 0xf7,
    0x0, 0x0, 0x0, 0x0, 0x0, 0xcf, 0xf4, 0x0,
    0x0, 0x0, 0x0, 0x0, 0xbf, 0xf8, 0x0, 0x0,
    0x0, 0x0, 0x0, 0x7f, 0xff, 0x60, 0x0, 0x2,
    0x35, 0x70, 0x1e, 0xff, 0xfe, 0xde, 0xff, 0xff,
    0xf0, 0x4, 0xff, 0xff, 0xff, 0xff, 0xff, 0xf2,
    0x0, 0x4e, 0xff, 0xff, 0xff, 0xff, 0xf3, 0x0,
    0x0, 0x58, 0x87, 0x64, 0x21, 0x0,

    /* U+FECE "ﻎ" */
    0x0, 0x0, 0x0, 0x0, 0x0, 0x0, 0x0, 0x0,
    0x0, 0x0, 0x6, 0xb0, 0x0, 0x0, 0x0, 0x0,
    0x0, 0x6, 0xff, 0xb0, 0x0, 0x0, 0x0, 0x0,
    0x0, 0xaf, 0xfe, 0x20, 0x0, 0x0, 0x0, 0x0,
    0x0, 0xae, 0x20, 0x0, 0x0, 0x0, 0x0, 0x0,
    0x0, 0x10, 0x0, 0x0, 0x0, 0x0, 0x0, 0x14,
    0x69, 0xba, 0x50, 0x0, 0x0, 0x7, 0xff, 0xff,
    0xff, 0xff, 0x80, 0x0, 0x0, 0xdf, 0xff, 0xff,
    0xff, 0xff, 0x20, 0x0, 0x2f, 0xff, 0xeb, 0x96,
    0x7f, 0xf8, 0x0, 0x0, 0xcf, 0xff, 0x20, 0x5,
    0xff, 0x80, 0x0, 0x1, 0xef, 0xfd, 0x2, 0xdf,
    0xf4, 0x0, 0x0, 0x4, 0xff, 0xfd, 0xff, 0xfa,
    0x0, 0x0, 0x0, 0x4e, 0xff, 0xff, 0xfc, 0x10,
    0x0, 0x0, 0xaf, 0xff, 0xff, 0xfe, 0x76, 0x66,
    0x0, 0xcf, 0xff, 0xee, 0xff, 0xff, 0xff, 0xf0,
    0x6f, 0xff, 0x90, 0x3e, 0xff, 0xff, 0xff, 0xb,
    0xff, 0xa0, 0x0, 0x29, 0xde, 0xff, 0xf0, 0xcf,
    0xf4, 0x0, 0x0, 0x0, 0x0, 0x0, 0xb, 0xff,
    0x60, 0x0, 0x0, 0x0, 0x0, 0x0, 0x8f, 0xfe,
    0x30, 0x0, 0x1, 0x34, 0x61, 0x2, 0xff, 0xff,
    0xed, 0xff, 0xff, 0xff, 0x30, 0x6, 0xff, 0xff,
    0xff, 0xff, 0xff, 0xf4, 0x0, 0x6, 0xff, 0xff,
    0xff, 0xff, 0xff, 0x50, 0x0, 0x1, 0x68, 0x87,
    0x64, 0x32, 0x0, 0x0,

    /* U+FECF "ﻏ" */
    0x0, 0x0, 0x0, 0x86, 0x0, 0x0, 0x0, 0x0,
    0x0, 0x8f, 0xf6, 0x0, 0x0, 0x0, 0x0, 0x1e,
    0xff, 0xd0, 0x0, 0x0, 0x0, 0x0, 0x2e, 0xd1,
    0x0, 0x0, 0x0, 0x0, 0x0, 0x21, 0x0, 0x0,
    0x0, 0x0, 0x0, 0x4, 0x64, 0x20, 0x0, 0x0,
    0x0, 0x4e, 0xff, 0xff, 0xd0, 0x0, 0x0, 0x3f,
    0xff, 0xff, 0xfa, 0x0, 0x0, 0xc, 0xff, 0xff,
    0xff, 0x60, 0x0, 0x1, 0xff, 0xf5, 0x1, 0x51,
    0x0, 0x0, 0x3f, 0xfd, 0x0, 0x0, 0x0, 0x0,
    0x3, 0xff, 0xf1, 0x0, 0x0, 0x30, 0x5, 0x5f,
    0xff, 0xd9, 0xad, 0xff, 0x32, 0xff, 0xff, 0xff,
    0xff, 0xff, 0xf6, 0x2f, 0xff, 0xff, 0xff, 0xff,
    0xff, 0x82, 0xff, 0xff, 0xff, 0xfd, 0xa7, 0x30,

    /* U+FED0 "ﻐ" */
    0x0, 0x0, 0x0, 0x1, 0x0, 0x0, 0x0, 0x0,
    0x0, 0x0, 0x4f, 0x50, 0x0, 0x0, 0x0, 0x0,
    0x4, 0xff, 0xf5, 0x0, 0x0, 0x0, 0x0, 0x2,
    0xef, 0xf4, 0x0, 0x0, 0x0, 0x0, 0x0, 0x2d,
    0x30, 0x0, 0x0, 0x0, 0x0, 0x0, 0x0, 0x0,
    0x0, 0x0, 0x0, 0x0, 0x0, 0x1, 0x33, 0x0,
    0x0, 0x0, 0x28, 0xac, 0xff, 0xff, 0xe4, 0x0,
    0x0, 0x8f, 0xff, 0xff, 0xff, 0xff, 0x20, 0x0,
    0xef, 0xff, 0xff, 0xec, 0xff, 0x80, 0x0, 0xef,
    0xfe, 0x20, 0x1, 0xff, 0xb0, 0x0, 0x3f, 0xff,
    0xa0, 0x9, 0xff, 0x90, 0x0, 0x7, 0xff, 0xf8,
    0xaf, 0xff, 0x20, 0x6, 0x67, 0xff, 0xff, 0xff,
    0xfb, 0x64, 0x2f, 0xff, 0xff, 0xff, 0xff, 0xff,
    0xfa, 0x2f, 0xff, 0xff, 0xff, 0xff, 0xff, 0xfa,
    0x2f, 0xed, 0xa6, 0x25, 0xad, 0xef, 0xfa,

    /* U+FED1 "ﻑ" */
    0x0, 0x0, 0x0, 0x0, 0x0, 0x0, 0x0, 0x0,
    0x59, 0x0, 0x0, 0x0, 0x0, 0x0, 0x0, 0x0,
    0x0, 0x0, 0x0, 0x5f, 0xfa, 0x0, 0x0, 0x0,
    0x0, 0x0, 0x0, 0x0, 0x0, 0x0, 0xc, 0xff,
    0xe2, 0x0, 0x0, 0x0, 0x0, 0x0, 0x0, 0x0,
    0x0, 0x0, 0xc, 0xe2, 0x0, 0x0, 0x0, 0x0,
    0x0, 0x0, 0x0, 0x0, 0x0, 0x0, 0x2, 0x0,
    0x0, 0x0, 0x0, 0x0, 0x0, 0x0, 0x0, 0x0,
    0x0, 0x0, 0x0, 0x0, 0x0, 0x0, 0x0, 0x0,
    0x0, 0x0, 0x0, 0x0, 0x5c, 0xff, 0xc5, 0x0,
    0x0, 0x0, 0x0, 0x0, 0x0, 0x0, 0x0, 0x6f,
    0xff, 0xff, 0xf8, 0x0, 0x0, 0x0, 0x0, 0x0,
    0x0, 0x0, 0xf, 0xff, 0xff, 0xff, 0xf3, 0x0,
    0x0, 0x0, 0x0, 0x0, 0x0, 0x4, 0xff, 0xb1,
    0x1c, 0xff, 0x90, 0x0, 0xbb, 0x60, 0x0, 0x0,
    0x0, 0x7f, 0xf5, 0x0, 0x3f, 0xfc, 0x0, 0xf,
    0xff, 0x10, 0x0, 0x0, 0x6, 0xff, 0x90, 0x1,
    0xff, 0xe0, 0x4, 0xff, 0xd0, 0x0, 0x0, 0x0,
    0x3f, 0xff, 0xff, 0xff, 0xff, 0x0, 0x8f, 0xf9,
    0x0, 0x0, 0x0, 0x0, 0xbf, 0xff, 0xff, 0xff,
    0xf1, 0xb, 0xff, 0x50, 0x0, 0x0, 0x0, 0x0,
    0x8e, 0xff, 0xff, 0xff, 0x20, 0xcf, 0xf5, 0x0,
    0x0, 0x0, 0x0, 0x0, 0x1, 0x11, 0xcf, 0xf2,
    0x9, 0xff, 0xfb, 0x87, 0x66, 0x66, 0x66, 0x66,
    0x67, 0x9f, 0xff, 0x10, 0x2f, 0xff, 0xff, 0xff,
    0xff, 0xff, 0xff, 0xff, 0xff, 0xff, 0xd0, 0x0,
    0x5f, 0xff, 0xff, 0xff, 0xff, 0xff, 0xff, 0xff,
    0xff, 0xf4, 0x0, 0x0, 0x28, 0xce, 0xff, 0xff,
    0xff, 0xff, 0xff, 0xec, 0x92, 0x0,

    /* U+FED2 "ﻒ" */
    0x0, 0x0, 0x0, 0x0, 0x0, 0x0, 0x0, 0x0,
    0x1, 0x30, 0x0, 0x0, 0x0, 0x0, 0x0, 0x0,
    0x0, 0x0, 0x0, 0x0, 0x1d, 0xf3, 0x0, 0x0,
    0x0, 0x0, 0x0, 0x0, 0x0, 0x0, 0x0, 0x0,
    0xcf, 0xff, 0x20, 0x0, 0x0, 0x0, 0x0, 0x0,
    0x0, 0x0, 0x0, 0x0, 0x4f, 0xf8, 0x0, 0x0,
    0x0, 0x0, 0x0, 0x0, 0x0, 0x0, 0x0, 0x0,
    0x4, 0x80, 0x0, 0x0, 0x0, 0x0, 0x0, 0x0,
    0x0, 0x0, 0x0, 0x0, 0x1, 0x0, 0x0, 0x0,
    0x0, 0x0, 0x0, 0x0, 0x0, 0x0, 0x0, 0x8,
    0xef, 0xfc, 0x20, 0x0, 0x0, 0xba, 0x50, 0x0,
    0x0, 0x0, 0x0, 0xcf, 0xff, 0xff, 0xf3, 0x0,
    0x0, 0xff, 0xf1, 0x0, 0x0, 0x0, 0x7, 0xff,
    0xff, 0xff, 0xfc, 0x0, 0x4, 0xff, 0xd0, 0x0,
    0x0, 0x0, 0xd, 0xff, 0xc5, 0x8f, 0xff, 0x30,
    0x8, 0xff, 0x90, 0x0, 0x0, 0x0, 0xf, 0xff,
    0x10, 0xb, 0xff, 0x50, 0xb, 0xff, 0x50, 0x0,
    0x0, 0x0, 0x1f, 0xff, 0x0, 0xa, 0xff, 0x50,
    0xc, 0xff, 0x50, 0x0, 0x0, 0x0, 0xe, 0xff,
    0xb4, 0x8f, 0xff, 0x30, 0x9, 0xff, 0xfb, 0x87,
    0x66, 0x66, 0x6b, 0xff, 0xff, 0xff, 0xfe, 0x63,
    0x2, 0xff, 0xff, 0xff, 0xff, 0xff, 0xff, 0xff,
    0xff, 0xff, 0xff, 0xf8, 0x0, 0x5f, 0xff, 0xff,
    0xff, 0xff, 0xff, 0xff, 0xff, 0xff, 0xff, 0xf8,
    0x0, 0x2, 0x8c, 0xef, 0xff, 0xff, 0xfe, 0xda,
    0x62, 0x6a, 0xdf, 0xf8,

    /* U+FED3 "ﻓ" */
    0x0, 0x0, 0x0, 0x0, 0x0, 0x0, 0x0, 0x0,
    0x5, 0xe2, 0x0, 0x0, 0x0, 0x0, 0x5f, 0xfe,
    0x20, 0x0, 0x0, 0x0, 0x5f, 0xfe, 0x30, 0x0,
    0x0, 0x0, 0x6, 0xe3, 0x0, 0x0, 0x0, 0x0,
    0x0, 0x10, 0x0, 0x0, 0x0, 0x0, 0x0, 0x0,
    0x0, 0x0, 0x0, 0x2, 0xae, 0xfe, 0x90, 0x0,
    0x0, 0x1e, 0xff, 0xff, 0xfd, 0x0, 0x0, 0x9f,
    0xff, 0xff, 0xff, 0x90, 0x0, 0xef, 0xf3, 0x7,
    0xff, 0xf0, 0x1, 0xff, 0xa0, 0x0, 0xdf, 0xf2,
    0x1, 0xff, 0xe2, 0x0, 0xbf, 0xf4, 0x0, 0xef,
    0xff, 0xff, 0xff, 0xf5, 0x0, 0x5f, 0xff, 0xff,
    0xff, 0xf6, 0x0, 0x5, 0xdf, 0xff, 0xff, 0xf7,
    0x0, 0x0, 0x0, 0x11, 0x7f, 0xf8, 0x6, 0x66,
    0x66, 0x68, 0xef, 0xf7, 0x2f, 0xff, 0xff, 0xff,
    0xff, 0xf3, 0x2f, 0xff, 0xff, 0xff, 0xff, 0xa0,
    0x2f, 0xff, 0xff, 0xfd, 0xa5, 0x0,

    /* U+FED4 "ﻔ" */
    0x0, 0x0, 0x0, 0x0, 0x0, 0x0, 0x0, 0x0,
    0x0, 0x6, 0xd1, 0x0, 0x0, 0x0, 0x0, 0x5,
    0xff, 0xd1, 0x0, 0x0, 0x0, 0x0, 0x6f, 0xfe,
    0x20, 0x0, 0x0, 0x0, 0x0, 0x6e, 0x20, 0x0,
    0x0, 0x0, 0x0, 0x0, 0x0, 0x0, 0x0, 0x0,
    0x0, 0x0, 0x11, 0x0, 0x0, 0x0, 0x0, 0x4,
    0xdf, 0xfe, 0x60, 0x0, 0x0, 0x6, 0xff, 0xff,
    0xff, 0x70, 0x0, 0x2, 0xff, 0xff, 0xff, 0xff,
    0x20, 0x0, 0x7f, 0xfe, 0x65, 0xef, 0xf8, 0x0,
    0xa, 0xff, 0x70, 0x5, 0xff, 0xb0, 0x0, 0xbf,
    0xf5, 0x0, 0x5f, 0xfb, 0x0, 0x9, 0xff, 0xe5,
    0x6e, 0xff, 0x90, 0x6, 0x8f, 0xff, 0xff, 0xff,
    0xf8, 0x52, 0xff, 0xff, 0xff, 0xff, 0xff, 0xfe,
    0x2f, 0xff, 0xff, 0xff, 0xff, 0xff, 0xe2, 0xff,
    0xdc, 0x83, 0x48, 0xce, 0xfe,

    /* U+FED5 "ﻕ" */
    0x0, 0x0, 0x0, 0x3, 0x0, 0x0, 0x30, 0x0,
    0x0, 0x0, 0x0, 0x4, 0xfa, 0x0, 0x7f, 0x80,
    0x0, 0x0, 0x0, 0x0, 0xef, 0xf7, 0x3f, 0xff,
    0x40, 0x0, 0x0, 0x0, 0x4, 0xfa, 0x0, 0x7f,
    0x70, 0x0, 0x0, 0x0, 0x0, 0x3, 0x0, 0x0,
    0x30, 0x0, 0x0, 0x0, 0x0, 0x0, 0x0, 0x45,
    0x20, 0x0, 0x0, 0x0, 0x0, 0x0, 0x6, 0xff,
    0xff, 0xc2, 0x0, 0x0, 0x0, 0x0, 0x4, 0xff,
    0xff, 0xff, 0xe1, 0x0, 0x0, 0x0, 0x0, 0xdf,
    0xff, 0xff, 0xff, 0xa0, 0x0, 0x10, 0x0, 0x3f,
    0xff, 0x41, 0x8f, 0xff, 0x0, 0x1f, 0xa4, 0x6,
    0xff, 0xb0, 0x0, 0xdf, 0xf4, 0x5, 0xff, 0xd0,
    0x6f, 0xfb, 0x0, 0xa, 0xff, 0x60, 0x9f, 0xf9,
    0x3, 0xff, 0xf8, 0x67, 0xcf, 0xf8, 0xb, 0xff,
    0x50, 0xd, 0xff, 0xff, 0xff, 0xff, 0xa0, 0xcf,
    0xf4, 0x0, 0x3f, 0xff, 0xff, 0xff, 0xfb, 0xb,
    0xff, 0x40, 0x0, 0x2a, 0xef, 0xee, 0xff, 0xc0,
    0xaf, 0xf7, 0x0, 0x0, 0x0, 0x0, 0x4f, 0xfc,
    0x6, 0xff, 0xe1, 0x0, 0x0, 0x0, 0x5e, 0xff,
    0xa0, 0x1f, 0xff, 0xd6, 0x45, 0x8b, 0xff, 0xff,
    0xf4, 0x0, 0x7f, 0xff, 0xff, 0xff, 0xff, 0xff,
    0xf8, 0x0, 0x0, 0x9f, 0xff, 0xff, 0xff, 0xff,
    0xb3, 0x0, 0x0, 0x0, 0x4b, 0xff, 0xfd, 0x95,
    0x10, 0x0, 0x0, 0x0, 0x0, 0x0, 0x0, 0x0,
    0x0, 0x0, 0x0, 0x0,

    /* U+FED6 "ﻖ" */
    0x0, 0x0, 0x0, 0x0, 0x0, 0x0, 0x0, 0x0,
    0x0, 0x0, 0x0, 0x0, 0xb8, 0x0, 0x2d, 0x40,
    0x0, 0x0, 0x0, 0x0, 0xbf, 0xf7, 0x1d, 0xff,
    0x40, 0x0, 0x0, 0x0, 0x6, 0xff, 0x30, 0xaf,
    0xd1, 0x0, 0x0, 0x0, 0x0, 0x6, 0x30, 0x0,
    0x81, 0x0, 0x0, 0x0, 0x0, 0x0, 0x1, 0x55,
    0x30, 0x0, 0x0, 0x0, 0x0, 0x0, 0x6, 0xff,
    0xff, 0xc1, 0x0, 0x0, 0x0, 0x0, 0x5, 0xff,
    0xff, 0xff, 0xd1, 0x0, 0x0, 0x0, 0x0, 0xef,
    0xff, 0xff, 0xff, 0x90, 0x0, 0x40, 0x0, 0x3f,
    0xff, 0x41, 0x8f, 0xff, 0x0, 0x2f, 0xe7, 0x6,
    0xff, 0xb0, 0x0, 0xef, 0xf3, 0x6, 0xff, 0xc0,
    0x6f, 0xfb, 0x0, 0xa, 0xff, 0x60, 0x9f, 0xf8,
    0x3, 0xff, 0xf8, 0x66, 0xcf, 0xfb, 0x5b, 0xff,
    0x50, 0xd, 0xff, 0xff, 0xff, 0xff, 0xfe, 0xcf,
    0xf3, 0x0, 0x4f, 0xff, 0xff, 0xff, 0xff, 0xeb,
    0xff, 0x40, 0x0, 0x3b, 0xff, 0xff, 0xff, 0xfe,
    0x9f, 0xf8, 0x0, 0x0, 0x0, 0x0, 0x5f, 0xfc,
    0x5, 0xff, 0xf2, 0x0, 0x0, 0x4, 0x9f, 0xff,
    0xa0, 0xe, 0xff, 0xfa, 0x79, 0xcf, 0xff, 0xff,
    0xf3, 0x0, 0x5f, 0xff, 0xff, 0xff, 0xff, 0xff,
    0xf6, 0x0, 0x0, 0x7f, 0xff, 0xff, 0xff, 0xfe,
    0x91, 0x0, 0x0, 0x0, 0x39, 0xde, 0xdb, 0x83,
    0x0, 0x0, 0x0, 0x0, 0x0, 0x0, 0x0, 0x0,
    0x0, 0x0, 0x0, 0x0,

    /* U+FED7 "ﻗ" */
    0x0, 0x1, 0x0, 0x0, 0x20, 0x0, 0x0, 0x1d,
    0xc0, 0x2, 0xea, 0x0, 0x0, 0xbf, 0xfa, 0xe,
    0xff, 0x70, 0x0, 0x2e, 0xe2, 0x4, 0xfc, 0x0,
    0x0, 0x2, 0x20, 0x0, 0x30, 0x0, 0x0, 0x0,
    0x0, 0x0, 0x0, 0x0, 0x0, 0x2, 0xae, 0xfe,
    0x90, 0x0, 0x0, 0x1e, 0xff, 0xff, 0xfd, 0x0,
    0x0, 0x9f, 0xff, 0xff, 0xff, 0x90, 0x0, 0xef,
    0xf3, 0x7, 0xff, 0xf0, 0x1, 0xff, 0xa0, 0x0,
    0xdf, 0xf2, 0x1, 0xff, 0xe2, 0x0, 0xbf, 0xf4,
    0x0, 0xef, 0xff, 0xff, 0xff, 0xf5, 0x0, 0x5f,
    0xff, 0xff, 0xff, 0xf6, 0x0, 0x5, 0xdf, 0xff,
    0xff, 0xf7, 0x0, 0x0, 0x0, 0x11, 0x7f, 0xf8,
    0x6, 0x66, 0x66, 0x68, 0xef, 0xf7, 0x2f, 0xff,
    0xff, 0xff, 0xff, 0xf3, 0x2f, 0xff, 0xff, 0xff,
    0xff, 0xa0, 0x2f, 0xff, 0xff, 0xfd, 0xa5, 0x0,

    /* U+FED8 "ﻘ" */
    0x0, 0x0, 0x0, 0x0, 0x0, 0x0, 0x0, 0x0,
    0xa, 0x70, 0x1, 0xc4, 0x0, 0x0, 0xa, 0xff,
    0x71, 0xdf, 0xf4, 0x0, 0x0, 0x7f, 0xf4, 0xa,
    0xfe, 0x20, 0x0, 0x0, 0x64, 0x0, 0x8, 0x20,
    0x0, 0x0, 0x0, 0x0, 0x0, 0x0, 0x0, 0x0,
    0x0, 0x0, 0x11, 0x0, 0x0, 0x0, 0x0, 0x4,
    0xdf, 0xfe, 0x60, 0x0, 0x0, 0x6, 0xff, 0xff,
    0xff, 0x70, 0x0, 0x2, 0xff, 0xff, 0xff, 0xff,
    0x20, 0x0, 0x7f, 0xfe, 0x65, 0xef, 0xf8, 0x0,
    0xa, 0xff, 0x70, 0x5, 0xff, 0xb0, 0x0, 0xbf,
    0xf5, 0x0, 0x5f, 0xfb, 0x0, 0x9, 0xff, 0xe5,
    0x6e, 0xff, 0x90, 0x6, 0x8f, 0xff, 0xff, 0xff,
    0xf8, 0x52, 0xff, 0xff, 0xff, 0xff, 0xff, 0xfe,
    0x2f, 0xff, 0xff, 0xff, 0xff, 0xff, 0xe2, 0xff,
    0xdc, 0x83, 0x48, 0xce, 0xfe,

    /* U+FED9 "ﻙ" */
    0x0, 0x0, 0x0, 0x0, 0x0, 0x0, 0x0, 0x0,
    0x0, 0x0, 0x0, 0x0, 0x0, 0x0, 0x0, 0x0,
    0x0, 0x0, 0x0, 0x0, 0x0, 0x4a, 0xb0, 0x0,
    0x0, 0x0, 0x0, 0x0, 0x0, 0x0, 0x0, 0x28,
    0xef, 0xff, 0x20, 0x0, 0x0, 0x0, 0x0, 0x0,
    0x0, 0x17, 0xcf, 0xff, 0xff, 0xf7, 0x0, 0x0,
    0x0, 0x0, 0x0, 0x0, 0x2f, 0xff, 0xff, 0xff,
    0xe9, 0x20, 0x0, 0x0, 0x0, 0x0, 0x0, 0x7,
    0xff, 0xff, 0xfa, 0x40, 0x0, 0x0, 0x0, 0x0,
    0x0, 0x0, 0x0, 0xaf, 0xff, 0x70, 0x0, 0x0,
    0x0, 0x0, 0x0, 0x0, 0x0, 0x0, 0x3, 0xff,
    0xfa, 0x0, 0x0, 0x0, 0x0, 0x0, 0x0, 0x0,
    0x0, 0x0, 0x8, 0xff, 0xf5, 0x0, 0x0, 0x0,
    0xb, 0xa5, 0x0, 0x0, 0x0, 0x0, 0xc, 0xff,
    0xe1, 0x0, 0x0, 0x0, 0xff, 0xf1, 0x0, 0x0,
    0x0, 0x0, 0x2f, 0xff, 0xb0, 0x0, 0x0, 0x4f,
    0xfd, 0x0, 0x0, 0x0, 0x0, 0x0, 0x6f, 0xff,
    0x60, 0x0, 0x8, 0xff, 0x90, 0x0, 0x0, 0x0,
    0x0, 0x0, 0xaf, 0xfe, 0x0, 0x0, 0xbf, 0xf5,
    0x0, 0x0, 0x0, 0x0, 0x0, 0x1, 0xef, 0xf7,
    0x0, 0xc, 0xff, 0x50, 0x0, 0x0, 0x0, 0x0,
    0x0, 0x5, 0xff, 0xb0, 0x0, 0x9f, 0xff, 0xb8,
    0x76, 0x66, 0x66, 0x66, 0x66, 0xbf, 0xfc, 0x0,
    0x2, 0xff, 0xff, 0xff, 0xff, 0xff, 0xff, 0xff,
    0xff, 0xff, 0x90, 0x0, 0x5, 0xff, 0xff, 0xff,
    0xff, 0xff, 0xff, 0xff, 0xff, 0xe1, 0x0, 0x0,
    0x2, 0x8c, 0xef, 0xff, 0xff, 0xff, 0xff, 0xfe,
    0xa2, 0x0, 0x0,

    /* U+FEDA "ﻚ" */
    0x0, 0x0, 0x0, 0x0, 0x0, 0x0, 0x0, 0x0,
    0x0, 0x0, 0x0, 0x0, 0x0, 0x0, 0x0, 0x0,
    0x0, 0x0, 0x0, 0x0, 0x0, 0x0, 0x4a, 0xc0,
    0x0, 0x0, 0x0, 0x0, 0x0, 0x0, 0x0, 0x0,
    0x0, 0x28, 0xef, 0xff, 0x20, 0x0, 0x0, 0x0,
    0x0, 0x0, 0x0, 0x0, 0x16, 0xcf, 0xff, 0xff,
    0xf7, 0x0, 0x0, 0x0, 0x0, 0x0, 0x0, 0x0,
    0x2f, 0xff, 0xff, 0xff, 0xe9, 0x20, 0x0, 0x0,
    0x0, 0x0, 0x0, 0x0, 0x6, 0xff, 0xff, 0xfa,
    0x40, 0x0, 0x0, 0x0, 0x0, 0x0, 0x0, 0x0,
    0x0, 0xaf, 0xff, 0x71, 0x0, 0x0, 0x0, 0x0,
    0x0, 0x0, 0x0, 0x0, 0x0, 0x3, 0xff, 0xfb,
    0x0, 0x0, 0x0, 0x0, 0x0, 0x0, 0x0, 0x0,
    0x0, 0x0, 0x7, 0xff, 0xf5, 0x0, 0x0, 0x0,
    0x0, 0xb, 0xa5, 0x0, 0x0, 0x0, 0x0, 0xc,
    0xff, 0xe1, 0x0, 0x0, 0x0, 0x0, 0xff, 0xf1,
    0x0, 0x0, 0x0, 0x0, 0x2f, 0xff, 0xb0, 0x0,
    0x0, 0x0, 0x4f, 0xfd, 0x0, 0x0, 0x0, 0x0,
    0x0, 0x5f, 0xff, 0x60, 0x0, 0x0, 0x8, 0xff,
    0x90, 0x0, 0x0, 0x0, 0x0, 0x0, 0xaf, 0xff,
    0x10, 0x0, 0x0, 0xbf, 0xf5, 0x0, 0x0, 0x0,
    0x0, 0x0, 0x1, 0xef, 0xfb, 0x0, 0x0, 0xc,
    0xff, 0x50, 0x0, 0x0, 0x0, 0x0, 0x0, 0x5,
    0xff, 0xf7, 0x0, 0x0, 0x9f, 0xff, 0xb8, 0x76,
    0x66, 0x66, 0x66, 0x66, 0xbf, 0xff, 0xfb, 0x70,
    0x2, 0xff, 0xff, 0xff, 0xff, 0xff, 0xff, 0xff,
    0xff, 0xff, 0xff, 0xff, 0x0, 0x5, 0xff, 0xff,
    0xff, 0xff, 0xff, 0xff, 0xff, 0xff, 0xfc, 0xff,
    0xf0, 0x0, 0x2, 0x8c, 0xef, 0xff, 0xff, 0xff,
    0xff, 0xfe, 0xb2, 0x6, 0xdf, 0x0,

    /* U+FEDB "ﻛ" */
    0x0, 0x0, 0x0, 0x0, 0x0, 0x0, 0x0, 0x0,
    0x0, 0x0, 0x2, 0x8d, 0x20, 0x0, 0x0, 0x1,
    0x6c, 0xff, 0xf8, 0x0, 0x0, 0x4a, 0xff, 0xff,
    0xff, 0xd0, 0x0, 0xcf, 0xff, 0xff, 0xff, 0xb5,
    0x0, 0x1f, 0xff, 0xff, 0xc6, 0x10, 0x0, 0x4,
    0xff, 0xfc, 0x20, 0x0, 0x0, 0x0, 0xc, 0xff,
    0xf1, 0x0, 0x0, 0x0, 0x0, 0x2f, 0xff, 0xb0,
    0x0, 0x0, 0x0, 0x0, 0x6f, 0xff, 0x60, 0x0,
    0x0, 0x0, 0x0, 0xbf, 0xff, 0x20, 0x0, 0x0,
    0x0, 0x1, 0xef, 0xfb, 0x0, 0x0, 0x0, 0x0,
    0x4, 0xff, 0xf5, 0x0, 0x0, 0x0, 0x0, 0x9,
    0xff, 0xd0, 0x0, 0x0, 0x0, 0x0, 0xf, 0xff,
    0x10, 0x0, 0x66, 0x66, 0x67, 0xff, 0xf2, 0x0,
    0x2f, 0xff, 0xff, 0xff, 0xff, 0x0, 0x2, 0xff,
    0xff, 0xff, 0xff, 0x70, 0x0, 0x2f, 0xff, 0xff,
    0xfc, 0x60, 0x0, 0x0,

    /* U+FEDC "ﻜ" */
    0x0, 0x0, 0x0, 0x0, 0x0, 0x0, 0x0, 0x0,
    0x0, 0x0, 0x0, 0x28, 0xd2, 0x0, 0x0, 0x0,
    0x1, 0x6c, 0xff, 0xf8, 0x0, 0x0, 0x4, 0xaf,
    0xff, 0xff, 0xfd, 0x0, 0x0, 0xcf, 0xff, 0xff,
    0xff, 0xb5, 0x0, 0x1, 0xff, 0xff, 0xfc, 0x61,
    0x0, 0x0, 0x4, 0xff, 0xfc, 0x20, 0x0, 0x0,
    0x0, 0x0, 0xcf, 0xff, 0x10, 0x0, 0x0, 0x0,
    0x0, 0x2f, 0xff, 0xb0, 0x0, 0x0, 0x0, 0x0,
    0x6, 0xff, 0xf6, 0x0, 0x0, 0x0, 0x0, 0x0,
    0xbf, 0xff, 0x20, 0x0, 0x0, 0x0, 0x0, 0x1e,
    0xff, 0xb0, 0x0, 0x0, 0x0, 0x0, 0x4, 0xff,
    0xf6, 0x0, 0x0, 0x0, 0x0, 0x0, 0x9f, 0xff,
    0x10, 0x0, 0x0, 0x0, 0x0, 0xf, 0xff, 0xc0,
    0x0, 0x6, 0x66, 0x66, 0x7f, 0xff, 0xfd, 0x72,
    0x2f, 0xff, 0xff, 0xff, 0xff, 0xff, 0xf6, 0x2f,
    0xff, 0xff, 0xff, 0xfb, 0xff, 0xf6, 0x2f, 0xff,
    0xff, 0xfc, 0x60, 0x3b, 0xf6,

    /* U+FEDD "ﻝ" */
    0x0, 0x0, 0x0, 0x0, 0x0, 0x8, 0xff, 0x80,
    0x0, 0x0, 0x0, 0x0, 0x0, 0x8, 0xff, 0x80,
    0x0, 0x0, 0x0, 0x0, 0x0, 0x7, 0xff, 0x90,
    0x0, 0x0, 0x0, 0x0, 0x0, 0x6, 0xff, 0x90,
    0x0, 0x0, 0x0, 0x0, 0x0, 0x6, 0xff, 0xa0,
    0x0, 0x0, 0x0, 0x0, 0x0, 0x5, 0xff, 0xb0,
    0x0, 0x0, 0x0, 0x0, 0x0, 0x5, 0xff, 0xb0,
    0x0, 0x0, 0x0, 0x0, 0x0, 0x4, 0xff, 0xc0,
    0x0, 0x0, 0x0, 0x0, 0x0, 0x3, 0xff, 0xc0,
    0x0, 0x0, 0x0, 0x0, 0x0, 0x3, 0xff, 0xd0,
    0x9, 0x30, 0x0, 0x0, 0x0, 0x2, 0xff, 0xe0,
    0x4f, 0xfc, 0x0, 0x0, 0x0, 0x2, 0xff, 0xe0,
    0x8f, 0xfa, 0x0, 0x0, 0x0, 0x1, 0xff, 0xf0,
    0xbf, 0xf6, 0x0, 0x0, 0x0, 0x0, 0xff, 0xf0,
    0xcf, 0xf4, 0x0, 0x0, 0x0, 0x0, 0xff, 0xf0,
    0xcf, 0xf3, 0x0, 0x0, 0x0, 0x0, 0xff, 0xf1,
    0xaf, 0xf5, 0x0, 0x0, 0x0, 0x0, 0xff, 0xf0,
    0x7f, 0xfa, 0x0, 0x0, 0x0, 0x7, 0xff, 0xe0,
    0x3f, 0xff, 0x70, 0x0, 0x26, 0xcf, 0xff, 0x90,
    0xc, 0xff, 0xff, 0xdf, 0xff, 0xff, 0xfe, 0x20,
    0x2, 0xef, 0xff, 0xff, 0xff, 0xff, 0xd2, 0x0,
    0x0, 0x2b, 0xff, 0xff, 0xff, 0xb5, 0x0, 0x0,
    0x0, 0x0, 0x36, 0x87, 0x40, 0x0, 0x0, 0x0,

    /* U+FEDE "ﻞ" */
    0x0, 0x0, 0x0, 0x0, 0x0, 0x8, 0xff, 0x80,
    0x0, 0x0, 0x0, 0x0, 0x0, 0x0, 0x8f, 0xf8,
    0x0, 0x0, 0x0, 0x0, 0x0, 0x0, 0x7, 0xff,
    0x90, 0x0, 0x0, 0x0, 0x0, 0x0, 0x0, 0x6f,
    0xf9, 0x0, 0x0, 0x0, 0x0, 0x0, 0x0, 0x6,
    0xff, 0xa0, 0x0, 0x0, 0x0, 0x0, 0x0, 0x0,
    0x5f, 0xfb, 0x0, 0x0, 0x0, 0x0, 0x0, 0x0,
    0x5, 0xff, 0xb0, 0x0, 0x0, 0x0, 0x0, 0x0,
    0x0, 0x4f, 0xfc, 0x0, 0x0, 0x0, 0x0, 0x0,
    0x0, 0x3, 0xff, 0xc0, 0x0, 0x0, 0x0, 0x0,
    0x0, 0x0, 0x3f, 0xfd, 0x0, 0x4, 0x0, 0x0,
    0x0, 0x0, 0x2, 0xff, 0xe0, 0x2, 0xfd, 0x60,
    0x0, 0x0, 0x0, 0x2f, 0xfe, 0x0, 0x7f, 0xfc,
    0x0, 0x0, 0x0, 0x1, 0xff, 0xf0, 0xa, 0xff,
    0x70, 0x0, 0x0, 0x0, 0x1f, 0xff, 0xb6, 0xcf,
    0xf5, 0x0, 0x0, 0x0, 0x0, 0xff, 0xff, 0xfc,
    0xff, 0x30, 0x0, 0x0, 0x0, 0xf, 0xff, 0xff,
    0xbf, 0xf4, 0x0, 0x0, 0x0, 0x0, 0xff, 0xfe,
    0xf9, 0xff, 0x80, 0x0, 0x0, 0x0, 0x3f, 0xff,
    0x0, 0x5f, 0xfe, 0x20, 0x0, 0x0, 0x5e, 0xff,
    0xc0, 0x0, 0xef, 0xff, 0x97, 0x9c, 0xff, 0xff,
    0xf5, 0x0, 0x6, 0xff, 0xff, 0xff, 0xff, 0xff,
    0xf9, 0x0, 0x0, 0x8, 0xff, 0xff, 0xff, 0xff,
    0xc4, 0x0, 0x0, 0x0, 0x2, 0xad, 0xfe, 0xb7,
    0x20, 0x0, 0x0, 0x0, 0x0, 0x0, 0x0, 0x0,
    0x0, 0x0, 0x0, 0x0,

    /* U+FEDF "ﻟ" */
    0x0, 0x7f, 0xf9, 0x0, 0x6, 0xff, 0x90, 0x0,
    0x6f, 0xfa, 0x0, 0x5, 0xff, 0xb0, 0x0, 0x4f,
    0xfb, 0x0, 0x4, 0xff, 0xc0, 0x0, 0x3f, 0xfc,
    0x0, 0x3, 0xff, 0xd0, 0x0, 0x2f, 0xfe, 0x0,
    0x1, 0xff, 0xe0, 0x0, 0x1f, 0xff, 0x0, 0x0,
    0xff, 0xf0, 0x0, 0xf, 0xff, 0x1, 0x6a, 0xff,
    0xe0, 0x2f, 0xff, 0xf9, 0x2, 0xff, 0xfd, 0x10,
    0x2f, 0xe9, 0x10, 0x0,

    /* U+FEE0 "ﻠ" */
    0x0, 0x7f, 0xf9, 0x0, 0x0, 0x6, 0xff, 0x90,
    0x0, 0x0, 0x6f, 0xfa, 0x0, 0x0, 0x5, 0xff,
    0xb0, 0x0, 0x0, 0x4f, 0xfb, 0x0, 0x0, 0x4,
    0xff, 0xc0, 0x0, 0x0, 0x3f, 0xfc, 0x0, 0x0,
    0x3, 0xff, 0xd0, 0x0, 0x0, 0x2f, 0xfe, 0x0,
    0x0, 0x1, 0xff, 0xe0, 0x0, 0x0, 0x1f, 0xff,
    0x0, 0x0, 0x0, 0xff, 0xf0, 0x0, 0x0, 0xf,
    0xff, 0x10, 0x1, 0x6a, 0xff, 0xfb, 0x60, 0x2f,
    0xff, 0xff, 0xff, 0x12, 0xff, 0xff, 0xff, 0xf1,
    0x2f, 0xe9, 0x18, 0xdf, 0x10,

    /* U+FEE1 "ﻡ" */
    0x0, 0x0, 0x0, 0x3, 0x10, 0x0, 0x0, 0x0,
    0x0, 0x8f, 0xff, 0xb1, 0x0, 0x0, 0x0, 0x8f,
    0xff, 0xff, 0xd0, 0x0, 0x0, 0x2f, 0xff, 0xff,
    0xff, 0x70, 0x0, 0x2a, 0xff, 0xc2, 0x4f, 0xfc,
    0x2, 0xcf, 0xff, 0xf2, 0x0, 0xcf, 0xe0, 0xcf,
    0xff, 0xfe, 0x20, 0xe, 0xfd, 0xb, 0xff, 0xff,
    0xff, 0xa6, 0xff, 0xa0, 0xbf, 0xff, 0xff, 0xff,
    0xff, 0xf5, 0xa, 0xff, 0x47, 0xef, 0xff, 0xfc,
    0x0, 0xaf, 0xf4, 0x0, 0x7d, 0xfa, 0x10, 0x9,
    0xff, 0x50, 0x0, 0x0, 0x0, 0x0, 0x8f, 0xf6,
    0x0, 0x0, 0x0, 0x0, 0x8, 0xff, 0x70, 0x0,
    0x0, 0x0, 0x0, 0x7f, 0xf8, 0x0, 0x0, 0x0,
    0x0, 0x7, 0xff, 0x80, 0x0, 0x0, 0x0, 0x0,
    0x6f, 0xf9, 0x0, 0x0, 0x0, 0x0, 0x5, 0xff,
    0xa0, 0x0, 0x0, 0x0, 0x0,

    /* U+FEE2 "ﻢ" */
    0x0, 0x0, 0x0, 0x0, 0x0, 0x0, 0x0, 0x0,
    0x0, 0x6, 0xdf, 0xf8, 0x0, 0x0, 0x0, 0x0,
    0x7f, 0xff, 0xff, 0xc0, 0x0, 0x0, 0x1, 0xff,
    0xff, 0xff, 0xf6, 0x0, 0x0, 0x9, 0xff, 0xe4,
    0x7f, 0xfb, 0x0, 0x1a, 0xff, 0xff, 0x30, 0xc,
    0xfd, 0x0, 0xcf, 0xff, 0xfd, 0x10, 0xd, 0xff,
    0x0, 0xcf, 0xff, 0xff, 0xe7, 0x3f, 0xff, 0xc4,
    0xbf, 0xff, 0xff, 0xff, 0xff, 0xff, 0xfb, 0xaf,
    0xf6, 0x9f, 0xff, 0xff, 0xff, 0xfb, 0xaf, 0xf4,
    0x2, 0xaf, 0xfc, 0x26, 0xda, 0x9f, 0xf5, 0x0,
    0x0, 0x10, 0x0, 0x0, 0x8f, 0xf6, 0x0, 0x0,
    0x0, 0x0, 0x0, 0x8f, 0xf7, 0x0, 0x0, 0x0,
    0x0, 0x0, 0x7f, 0xf8, 0x0, 0x0, 0x0, 0x0,
    0x0, 0x7f, 0xf8, 0x0, 0x0, 0x0, 0x0, 0x0,
    0x6f, 0xf9, 0x0, 0x0, 0x0, 0x0, 0x0, 0x5f,
    0xfa, 0x0, 0x0, 0x0, 0x0, 0x0,

    /* U+FEE3 "ﻣ" */
    0x0, 0x0, 0x0, 0x0, 0x0, 0x0, 0x0, 0x0,
    0x0, 0x9, 0xff, 0xd5, 0x0, 0x0, 0x0, 0xc,
    0xff, 0xff, 0xf6, 0x0, 0x0, 0x6, 0xff, 0xff,
    0xff, 0xf1, 0x0, 0x0, 0xef, 0xfa, 0x4b, 0xff,
    0x50, 0x0, 0x7f, 0xfd, 0x0, 0x3f, 0xf8, 0x0,
    0x1e, 0xff, 0x80, 0x3, 0xff, 0x80, 0x7d, 0xff,
    0xff, 0xc5, 0x8f, 0xf5, 0x2f, 0xff, 0xff, 0xff,
    0xff, 0xff, 0x12, 0xff, 0xf9, 0xcf, 0xff, 0xff,
    0x80, 0x2f, 0xc5, 0x0, 0x5d, 0xff, 0x80, 0x0,
    0x0, 0x0, 0x0, 0x1, 0x0, 0x0,

    /* U+FEE4 "ﻤ" */
    0x0, 0x0, 0x0, 0x0, 0x0, 0x0, 0x0, 0x0,
    0x0, 0x0, 0x9, 0xff, 0xd5, 0x0, 0x0, 0x0,
    0x0, 0xc, 0xff, 0xff, 0xf6, 0x0, 0x0, 0x0,
    0x6, 0xff, 0xff, 0xff, 0xf0, 0x0, 0x0, 0x0,
    0xef, 0xfa, 0x4b, 0xff, 0x50, 0x0, 0x0, 0x7f,
    0xfd, 0x0, 0x3f, 0xf8, 0x0, 0x0, 0x1e, 0xff,
    0x80, 0x3, 0xff, 0xa0, 0x0, 0x7d, 0xff, 0xff,
    0xc5, 0x8f, 0xff, 0x92, 0x2f, 0xff, 0xff, 0xff,
    0xff, 0xff, 0xff, 0x52, 0xff, 0xf9, 0xcf, 0xff,
    0xff, 0xff, 0xf5, 0x2f, 0xc5, 0x0, 0x5c, 0xff,
    0x91, 0x9e, 0x50, 0x0, 0x0, 0x0, 0x1, 0x0,
    0x0, 0x0,

    /* U+FEE5 "ﻥ" */
    0x0, 0x0, 0x0, 0x0, 0x0, 0x0, 0x0, 0x0,
    0x0, 0x0, 0x0, 0x6e, 0x20, 0x0, 0x0, 0x0,
    0x0, 0x0, 0x6, 0xff, 0xe2, 0x0, 0x0, 0x0,
    0x0, 0x0, 0x6, 0xff, 0xe2, 0x6, 0xac, 0x20,
    0x2, 0x0, 0x0, 0x6e, 0x20, 0xc, 0xff, 0x40,
    0x1f, 0xd6, 0x0, 0x0, 0x0, 0x9, 0xff, 0x70,
    0x6f, 0xfc, 0x0, 0x0, 0x0, 0x7, 0xff, 0x90,
    0x9f, 0xf8, 0x0, 0x0, 0x0, 0x5, 0xff, 0xb0,
    0xbf, 0xf5, 0x0, 0x0, 0x0, 0x2, 0xff, 0xe0,
    0xcf, 0xf3, 0x0, 0x0, 0x0, 0x0, 0xff, 0xf0,
    0xbf, 0xf4, 0x0, 0x0, 0x0, 0x0, 0xef, 0xf1,
    0x9f, 0xf8, 0x0, 0x0, 0x0, 0x0, 0xff, 0xf1,
    0x5f, 0xff, 0x20, 0x0, 0x0, 0x4c, 0xff, 0xe0,
    0xe, 0xff, 0xfa, 0x79, 0xbf, 0xff, 0xff, 0x80,
    0x5, 0xff, 0xff, 0xff, 0xff, 0xff, 0xfa, 0x0,
    0x0, 0x7f, 0xff, 0xff, 0xff, 0xfd, 0x50, 0x0,
    0x0, 0x3, 0x9d, 0xed, 0xb7, 0x30, 0x0, 0x0,
    0x0, 0x0, 0x0, 0x0, 0x0, 0x0, 0x0, 0x0,

    /* U+FEE6 "ﻦ" */
    0x0, 0x0, 0x0, 0x0, 0x0, 0x0, 0x0, 0x0,
    0x0, 0x0, 0x0, 0x5, 0xe2, 0x0, 0x0, 0x0,
    0x0, 0x0, 0x0, 0x5, 0xff, 0xe2, 0x0, 0x0,
    0x0, 0x0, 0x0, 0x0, 0x6f, 0xfe, 0x20, 0x6a,
    0xc2, 0x0, 0x2, 0x0, 0x0, 0x6e, 0x20, 0xc,
    0xff, 0x40, 0x1, 0xfd, 0x60, 0x0, 0x0, 0x0,
    0x9f, 0xf7, 0x0, 0x6f, 0xfc, 0x0, 0x0, 0x0,
    0x7, 0xff, 0xb0, 0x9, 0xff, 0x80, 0x0, 0x0,
    0x0, 0x5f, 0xff, 0x83, 0xbf, 0xf5, 0x0, 0x0,
    0x0, 0x2, 0xff, 0xff, 0x9c, 0xff, 0x30, 0x0,
    0x0, 0x0, 0xf, 0xff, 0xf9, 0xbf, 0xf4, 0x0,
    0x0, 0x0, 0x0, 0xef, 0xff, 0x99, 0xff, 0x80,
    0x0, 0x0, 0x0, 0xf, 0xff, 0x10, 0x5f, 0xff,
    0x20, 0x0, 0x0, 0x4c, 0xff, 0xe0, 0x0, 0xef,
    0xff, 0xa7, 0x9b, 0xff, 0xff, 0xf8, 0x0, 0x5,
    0xff, 0xff, 0xff, 0xff, 0xff, 0xfa, 0x0, 0x0,
    0x7, 0xff, 0xff, 0xff, 0xff, 0xd5, 0x0, 0x0,
    0x0, 0x3, 0x9d, 0xed, 0xb7, 0x30, 0x0, 0x0,
    0x0, 0x0, 0x0, 0x0, 0x0, 0x0, 0x0, 0x0,
    0x0,

    /* U+FEE7 "ﻧ" */
    0x0, 0x4, 0x50, 0x0, 0x0, 0x4, 0xff, 0x50,
    0x0, 0x0, 0xef, 0xff, 0x10, 0x0, 0x2, 0xef,
    0x30, 0x0, 0x0, 0x2, 0x30, 0x0, 0x0, 0x0,
    0x0, 0x0, 0x0, 0x0, 0x1, 0x6b, 0xb0, 0x0,
    0x0, 0x2f, 0xff, 0x0, 0x0, 0x0, 0xdf, 0xf4,
    0x0, 0x0, 0x9, 0xff, 0x80, 0x0, 0x0, 0x5f,
    0xfb, 0x0, 0x0, 0x4, 0xff, 0xc0, 0x6, 0x67,
    0xdf, 0xfb, 0x2, 0xff, 0xff, 0xff, 0x50, 0x2f,
    0xff, 0xff, 0x90, 0x2, 0xff, 0xfc, 0x50, 0x0,

    /* U+FEE8 "ﻨ" */
    0x0, 0x3, 0x80, 0x0, 0x0, 0x3, 0xff, 0x90,
    0x0, 0x0, 0xbf, 0xff, 0x20, 0x0, 0x1, 0xcf,
    0x40, 0x0, 0x0, 0x1, 0x30, 0x0, 0x0, 0x0,
    0x0, 0x0, 0x0, 0x0, 0x2, 0x8a, 0x80, 0x0,
    0x0, 0x3f, 0xfd, 0x0, 0x0, 0x2, 0xff, 0xe0,
    0x0, 0x0, 0x1f, 0xff, 0x0, 0x6, 0x6a, 0xff,
    0xfa, 0x32, 0xff, 0xff, 0xff, 0xf8, 0x2f, 0xff,
    0xff, 0xff, 0x82, 0xff, 0xd9, 0x29, 0xd8,

    /* U+FEE9 "ﻩ" */
    0x0, 0x2, 0x50, 0x0, 0x0, 0x0, 0x1d, 0xf6,
    0x0, 0x0, 0x0, 0xbf, 0xff, 0x70, 0x0, 0x0,
    0xaf, 0xff, 0xf8, 0x0, 0x6, 0xff, 0xff, 0xff,
    0x60, 0x1f, 0xff, 0xce, 0xff, 0xf1, 0x8f, 0xfd,
    0x12, 0xef, 0xf6, 0xbf, 0xf5, 0x0, 0x7f, 0xf8,
    0xcf, 0xf4, 0x0, 0x6f, 0xf9, 0x9f, 0xfd, 0x66,
    0xef, 0xf6, 0x3f, 0xff, 0xff, 0xff, 0xe1, 0x7,
    0xff, 0xff, 0xff, 0x40, 0x0, 0x4c, 0xff, 0xb3,
    0x0,

    /* U+FEEA "ﻪ" */
    0x0, 0x0, 0x0, 0x9, 0xff, 0x70, 0x0, 0x0,
    0x0, 0x28, 0xdf, 0xff, 0x70, 0x0, 0x0, 0x1b,
    0xff, 0xff, 0xff, 0x70, 0x0, 0x0, 0xcf, 0xff,
    0xff, 0xff, 0x70, 0x0, 0x6, 0xff, 0xff, 0x9b,
    0xff, 0x70, 0x0, 0xb, 0xff, 0xa0, 0x9, 0xff,
    0x70, 0x0, 0xc, 0xff, 0x40, 0x9, 0xff, 0x70,
    0x0, 0xa, 0xff, 0xc3, 0x5c, 0xff, 0x70, 0x0,
    0x4, 0xff, 0xff, 0xff, 0xff, 0xc0, 0x0, 0x0,
    0xaf, 0xff, 0xff, 0xff, 0xfc, 0x71, 0x0, 0x8,
    0xff, 0xff, 0xef, 0xff, 0xf2, 0x0, 0x0, 0x3,
    0x10, 0xc, 0xff, 0xf2, 0x0, 0x0, 0x0, 0x0,
    0x0, 0x7d, 0xf2,

    /* U+FEEB "ﻫ" */
    0x0, 0x0, 0x26, 0x0, 0x0, 0x0, 0x0, 0x0,
    0x0, 0x0, 0x9, 0xfe, 0x50, 0x0, 0x0, 0x0,
    0x0, 0x0, 0x3, 0xff, 0xff, 0xd5, 0x0, 0x0,
    0x0, 0x0, 0x2, 0xff, 0xff, 0xff, 0xfc, 0x40,
    0x0, 0x0, 0x0, 0xbf, 0xff, 0xff, 0xff, 0xff,
    0xb3, 0x0, 0x0, 0x1f, 0xff, 0x61, 0x8f, 0xff,
    0xff, 0xf7, 0x0, 0x2, 0xff, 0xf0, 0x0, 0xff,
    0xff, 0xff, 0xf4, 0x0, 0x1f, 0xff, 0x80, 0x4f,
    0xfe, 0x6e, 0xff, 0xb0, 0x0, 0xbf, 0xff, 0xde,
    0xff, 0xa0, 0x3f, 0xfe, 0x0, 0x69, 0xff, 0xff,
    0xff, 0xf2, 0x2, 0xff, 0xf0, 0x2f, 0xff, 0xff,
    0xff, 0xff, 0xe9, 0xdf, 0xfb, 0x2, 0xff, 0xff,
    0xff, 0xff, 0xff, 0xff, 0xff, 0x30, 0x2f, 0xfe,
    0xc8, 0x33, 0xaf, 0xff, 0xff, 0x60, 0x0, 0x0,
    0x0, 0x0, 0x0, 0x27, 0x97, 0x20, 0x0,

    /* U+FEEC "ﻬ" */
    0x0, 0x0, 0x0, 0x43, 0x0, 0x0, 0x0, 0x0,
    0x0, 0xcf, 0xfe, 0x70, 0x0, 0x0, 0x0, 0x6f,
    0xff, 0xff, 0x70, 0x0, 0x0, 0xb, 0xff, 0xff,
    0xff, 0x0, 0x0, 0x1, 0xff, 0xf5, 0xef, 0xf4,
    0x0, 0x0, 0x6f, 0xfc, 0x8, 0xff, 0x60, 0x0,
    0xb, 0xff, 0x60, 0xcf, 0xf4, 0x0, 0x0, 0xff,
    0xf2, 0x9f, 0xff, 0x0, 0x6, 0x8f, 0xff, 0xff,
    0xff, 0xa6, 0x52, 0xff, 0xff, 0xff, 0xff, 0xff,
    0xfd, 0x2f, 0xff, 0xff, 0xfe, 0xff, 0xff, 0xd2,
    0xff, 0xff, 0xd5, 0x3f, 0xff, 0xfd, 0x0, 0x5f,
    0xfc, 0x6, 0xff, 0xa0, 0x0, 0x0, 0xff, 0xf4,
    0x7f, 0xf7, 0x0, 0x0, 0x8, 0xff, 0xfc, 0xff,
    0x70, 0x0, 0x0, 0xd, 0xff, 0xff, 0xf7, 0x0,
    0x0, 0x0, 0x1d, 0xff, 0xff, 0x40, 0x0, 0x0,
    0x0, 0x7, 0xcf, 0x60, 0x0,

    /* U+FEED "ﻭ" */
    0x0, 0x2, 0x55, 0x10, 0x0, 0x0, 0x9, 0xff,
    0xff, 0x90, 0x0, 0x8, 0xff, 0xff, 0xff, 0xb0,
    0x2, 0xff, 0xff, 0xff, 0xff, 0x50, 0x7f, 0xfd,
    0x21, 0xbf, 0xfc, 0x9, 0xff, 0x70, 0x2, 0xff,
    0xf0, 0x9f, 0xf7, 0x0, 0xe, 0xff, 0x27, 0xff,
    0xe7, 0x78, 0xef, 0xf4, 0x1f, 0xff, 0xff, 0xff,
    0xff, 0x60, 0x6f, 0xff, 0xff, 0xff, 0xf7, 0x0,
    0x4c, 0xff, 0xee, 0xff, 0x80, 0x0, 0x0, 0x0,
    0x9f, 0xf8, 0x0, 0x0, 0x1, 0x7f, 0xff, 0x60,
    0x15, 0x9d, 0xff, 0xff, 0xf1, 0x5, 0xff, 0xff,
    0xff, 0xf5, 0x0, 0x2f, 0xff, 0xff, 0xa2, 0x0,
    0x0, 0xfd, 0xa5, 0x0, 0x0, 0x0, 0x0, 0x0,
    0x0, 0x0, 0x0,

    /* U+FEEE "ﻮ" */
    0x0, 0x2, 0x55, 0x20, 0x0, 0x0, 0x0, 0x9f,
    0xff, 0xf9, 0x0, 0x0, 0x9, 0xff, 0xff, 0xff,
    0xb0, 0x0, 0x2f, 0xff, 0xff, 0xff, 0xf5, 0x0,
    0x7f, 0xfd, 0x21, 0xcf, 0xfc, 0x0, 0x9f, 0xf7,
    0x0, 0x2f, 0xff, 0x0, 0x9f, 0xf7, 0x0, 0xe,
    0xff, 0x20, 0x7f, 0xfe, 0x76, 0x6e, 0xff, 0x84,
    0x2f, 0xff, 0xff, 0xff, 0xff, 0xfa, 0x7, 0xff,
    0xff, 0xff, 0xff, 0xfa, 0x0, 0x5c, 0xff, 0xff,
    0xff, 0xfa, 0x0, 0x0, 0x0, 0x8, 0xff, 0x80,
    0x0, 0x0, 0x1, 0x7f, 0xff, 0x60, 0x1, 0x59,
    0xdf, 0xff, 0xff, 0x10, 0x5, 0xff, 0xff, 0xff,
    0xf5, 0x0, 0x2, 0xff, 0xff, 0xfa, 0x20, 0x0,
    0x0, 0xfd, 0xa5, 0x10, 0x0, 0x0, 0x0, 0x0,
    0x0, 0x0, 0x0, 0x0,

    /* U+FEEF "ﻯ" */
    0x0, 0x0, 0x0, 0x0, 0x0, 0x4, 0x41, 0x0,
    0x0, 0x0, 0x0, 0x0, 0x8, 0xff, 0xff, 0xd0,
    0x0, 0x0, 0x0, 0x0, 0xbf, 0xff, 0xff, 0xc0,
    0x0, 0x0, 0x0, 0x8, 0xff, 0xff, 0xff, 0x80,
    0x2, 0x0, 0x0, 0x1f, 0xff, 0xa2, 0x26, 0x30,
    0x1f, 0xd6, 0x0, 0x7f, 0xfd, 0x0, 0x0, 0x0,
    0x6f, 0xfc, 0x0, 0xbf, 0xf6, 0x0, 0x0, 0x0,
    0x9f, 0xf8, 0x0, 0xcf, 0xfb, 0x20, 0x0, 0x0,
    0xbf, 0xf5, 0x0, 0xaf, 0xff, 0xfc, 0x71, 0x0,
    0xcf, 0xf3, 0x0, 0x2e, 0xff, 0xff, 0xff, 0x60,
    0xbf, 0xf4, 0x0, 0x1, 0x9f, 0xff, 0xff, 0xf1,
    0x9f, 0xf8, 0x0, 0x0, 0x1, 0x5a, 0xff, 0xf4,
    0x5f, 0xff, 0x20, 0x0, 0x0, 0x49, 0xff, 0xf2,
    0xe, 0xff, 0xfa, 0x79, 0xbf, 0xff, 0xff, 0xb0,
    0x5, 0xff, 0xff, 0xff, 0xff, 0xff, 0xfb, 0x0,
    0x0, 0x7f, 0xff, 0xff, 0xff, 0xfd, 0x50, 0x0,
    0x0, 0x3, 0x9d, 0xed, 0xb7, 0x30, 0x0, 0x0,
    0x0, 0x0, 0x0, 0x0, 0x0, 0x0, 0x0, 0x0,

    /* U+FEF0 "ﻰ" */
    0x2, 0x0, 0x0, 0x0, 0x0, 0x0, 0x0, 0x0,
    0x1, 0xfd, 0x60, 0x0, 0x0, 0x0, 0x0, 0x0,
    0x0, 0x6f, 0xfc, 0x0, 0x0, 0x6, 0xa5, 0x10,
    0x0, 0x9, 0xff, 0x80, 0x0, 0x0, 0xbf, 0xff,
    0xd9, 0x71, 0xbf, 0xf5, 0x0, 0x0, 0xf, 0xff,
    0xff, 0xff, 0x3c, 0xff, 0x30, 0x0, 0x1, 0x9e,
    0xff, 0xff, 0xf3, 0xbf, 0xf4, 0x0, 0x0, 0x0,
    0x5, 0xff, 0xff, 0x39, 0xff, 0x80, 0x0, 0x0,
    0x0, 0x1f, 0xff, 0x0, 0x5f, 0xff, 0x20, 0x0,
    0x0, 0x5c, 0xff, 0xe0, 0x0, 0xef, 0xff, 0xa7,
    0x9c, 0xff, 0xff, 0xf8, 0x0, 0x5, 0xff, 0xff,
    0xff, 0xff, 0xff, 0xfa, 0x0, 0x0, 0x7, 0xff,
    0xff, 0xff, 0xff, 0xd5, 0x0, 0x0, 0x0, 0x3,
    0x9d, 0xed, 0xb7, 0x30, 0x0, 0x0, 0x0, 0x0,
    0x0, 0x0, 0x0, 0x0, 0x0, 0x0, 0x0,

    /* U+FEF1 "ﻱ" */
    0x0, 0x0, 0x0, 0x0, 0x0, 0x4, 0x41, 0x0,
    0x0, 0x0, 0x0, 0x0, 0x8, 0xff, 0xff, 0xd0,
    0x0, 0x0, 0x0, 0x0, 0xbf, 0xff, 0xff, 0xc0,
    0x0, 0x0, 0x0, 0x8, 0xff, 0xff, 0xff, 0x80,
    0x2, 0x0, 0x0, 0x1f, 0xff, 0xa2, 0x26, 0x30,
    0x1f, 0xd6, 0x0, 0x7f, 0xfd, 0x0, 0x0, 0x0,
    0x6f, 0xfc, 0x0, 0xbf, 0xf6, 0x0, 0x0, 0x0,
    0x9f, 0xf8, 0x0, 0xcf, 0xfb, 0x20, 0x0, 0x0,
    0xbf, 0xf5, 0x0, 0xaf, 0xff, 0xfc, 0x71, 0x0,
    0xcf, 0xf3, 0x0, 0x2e, 0xff, 0xff, 0xff, 0x60,
    0xbf, 0xf4, 0x0, 0x1, 0x9f, 0xff, 0xff, 0xf1,
    0x9f, 0xf8, 0x0, 0x0, 0x1, 0x5a, 0xff, 0xf4,
    0x5f, 0xff, 0x20, 0x0, 0x0, 0x49, 0xff, 0xf2,
    0xe, 0xff, 0xfa, 0x79, 0xbf, 0xff, 0xff, 0xb0,
    0x5, 0xff, 0xff, 0xff, 0xff, 0xff, 0xfb, 0x0,
    0x0, 0x7f, 0xff, 0xff, 0xff, 0xfd, 0x50, 0x0,
    0x0, 0x3, 0x9d, 0xed, 0xb7, 0x30, 0x0, 0x0,
    0x0, 0x0, 0x0, 0x0, 0x0, 0x0, 0x0, 0x0,

    /* U+FEF2 "ﻲ" */
    0x2, 0x0, 0x0, 0x0, 0x0, 0x0, 0x0, 0x0,
    0x1, 0xfd, 0x60, 0x0, 0x0, 0x0, 0x0, 0x0,
    0x0, 0x6f, 0xfc, 0x0, 0x0, 0x6, 0xa5, 0x10,
    0x0, 0x9, 0xff, 0x80, 0x0, 0x0, 0xbf, 0xff,
    0xd9, 0x71, 0xbf, 0xf5, 0x0, 0x0, 0xf, 0xff,
    0xff, 0xff, 0x3c, 0xff, 0x30, 0x0, 0x1, 0x9e,
    0xff, 0xff, 0xf3, 0xbf, 0xf4, 0x0, 0x0, 0x0,
    0x5, 0xff, 0xff, 0x39, 0xff, 0x80, 0x0, 0x0,
    0x0, 0x1f, 0xff, 0x0, 0x5f, 0xff, 0x20, 0x0,
    0x0, 0x5c, 0xff, 0xe0, 0x0, 0xef, 0xff, 0xa7,
    0x9c, 0xff, 0xff, 0xf8, 0x0, 0x5, 0xff, 0xff,
    0xff, 0xff, 0xff, 0xfa, 0x0, 0x0, 0x7, 0xff,
    0xff, 0xff, 0xff, 0xd5, 0x0, 0x0, 0x0, 0x3,
    0x9d, 0xed, 0xb7, 0x30, 0x0, 0x0, 0x0, 0x0,
    0x0, 0x0, 0x0, 0x0, 0x0, 0x0, 0x0,

    /* U+FEF3 "ﻳ" */
    0x0, 0x0, 0x0, 0x0, 0x0, 0x0, 0x0, 0x0,
    0x0, 0x27, 0xc8, 0x0, 0x0, 0x0, 0x0, 0x5f,
    0xfc, 0x0, 0x0, 0x0, 0x0, 0x1f, 0xff, 0x0,
    0x0, 0x0, 0x0, 0xd, 0xff, 0x40, 0x0, 0x0,
    0x0, 0x9, 0xff, 0x80, 0x0, 0x0, 0x0, 0x8,
    0xff, 0x90, 0x0, 0x66, 0x66, 0x8f, 0xff, 0x70,
    0x2, 0xff, 0xff, 0xff, 0xff, 0x20, 0x2, 0xff,
    0xff, 0xff, 0xf6, 0x0, 0x2, 0xff, 0xff, 0xea,
    0x30, 0x0, 0x0, 0x0, 0x0, 0x0, 0x0, 0x0,
    0x0, 0x20, 0x0, 0x20, 0x0, 0x0, 0xc, 0xe2,
    0x2, 0xec, 0x0, 0x0, 0x9f, 0xfd, 0xc, 0xff,
    0xa0, 0x0, 0x1c, 0xe3, 0x2, 0xed, 0x10, 0x0,
    0x1, 0x20, 0x0, 0x21, 0x0, 0x0,

    /* U+FEF4 "ﻴ" */
    0x0, 0x0, 0x0, 0x49, 0xa5, 0x0, 0x0, 0x0,
    0x0, 0x8f, 0xf8, 0x0, 0x0, 0x0, 0x0, 0x6f,
    0xf9, 0x0, 0x0, 0x0, 0x0, 0x5f, 0xfb, 0x0,
    0x6, 0x66, 0x66, 0xcf, 0xff, 0x81, 0x2f, 0xff,
    0xff, 0xff, 0xff, 0xf4, 0x2f, 0xff, 0xff, 0xff,
    0xff, 0xf4, 0x2f, 0xff, 0xff, 0xc6, 0x3b, 0xe3,
    0x0, 0x0, 0x0, 0x0, 0x0, 0x0, 0x0, 0x1,
    0x0, 0x1, 0x0, 0x0, 0x0, 0xbd, 0x10, 0x1d,
    0xb0, 0x0, 0x9, 0xff, 0xc0, 0xcf, 0xf9, 0x0,
    0x1, 0xde, 0x30, 0x3f, 0xd1, 0x0, 0x0, 0x13,
    0x0, 0x3, 0x10, 0x0,

    /* U+FEF5 "ﻵ" */
    0x5, 0xaa, 0x74, 0x9f, 0x20, 0x0, 0x0, 0x3f,
    0xff, 0xff, 0xfe, 0x0, 0x0, 0x0, 0x7f, 0x76,
    0x9c, 0xb3, 0x0, 0x0, 0x0, 0x0, 0x0, 0x0,
    0x0, 0x7, 0xff, 0x90, 0x6, 0xbf, 0x40, 0x0,
    0x6, 0xff, 0x90, 0xa, 0xff, 0x70, 0x0, 0x6,
    0xff, 0xa0, 0x7, 0xff, 0xa0, 0x0, 0x5, 0xff,
    0xa0, 0x4, 0xff, 0xd0, 0x0, 0x4, 0xff, 0xb0,
    0x1, 0xff, 0xf0, 0x0, 0x4, 0xff, 0xc0, 0x0,
    0xef, 0xf2, 0x0, 0x3, 0xff, 0xc0, 0x0, 0xbf,
    0xf5, 0x0, 0x3, 0xff, 0xd0, 0x0, 0x8f, 0xf8,
    0x0, 0x2, 0xff, 0xd0, 0x0, 0x5f, 0xfb, 0x0,
    0x1, 0xff, 0xe0, 0x0, 0x2f, 0xfe, 0x0, 0x1,
    0xff, 0xf0, 0x0, 0xf, 0xff, 0x0, 0x0, 0xff,
    0xf0, 0x0, 0x5, 0x20, 0x0, 0x0, 0xff, 0xf0,
    0x0, 0x36, 0x66, 0x66, 0x6a, 0xff, 0xe0, 0x0,
    0x8f, 0xff, 0xff, 0xff, 0xff, 0x80, 0x0, 0x8f,
    0xff, 0xff, 0xff, 0xfd, 0x10, 0x0, 0x8f, 0xff,
    0xff, 0xfe, 0x91, 0x0,

    /* U+FEF6 "ﻶ" */
    0x2, 0x87, 0x52, 0x5c, 0x20, 0x0, 0x0, 0x0,
    0x1f, 0xff, 0xff, 0xff, 0x10, 0x0, 0x0, 0x0,
    0x6f, 0xa9, 0xce, 0xe6, 0x0, 0x0, 0x0, 0x0,
    0x13, 0x0, 0x0, 0x0, 0x7, 0xff, 0x90, 0x0,
    0x6, 0xbf, 0x40, 0x0, 0x6, 0xff, 0x90, 0x0,
    0xa, 0xff, 0x70, 0x0, 0x6, 0xff, 0xa0, 0x0,
    0x7, 0xff, 0xa0, 0x0, 0x5, 0xff, 0xa0, 0x0,
    0x4, 0xff, 0xd0, 0x0, 0x4, 0xff, 0xb0, 0x0,
    0x1, 0xff, 0xf0, 0x0, 0x4, 0xff, 0xc0, 0x0,
    0x0, 0xef, 0xf2, 0x0, 0x3, 0xff, 0xc0, 0x0,
    0x0, 0xbf, 0xf5, 0x0, 0x3, 0xff, 0xd0, 0x0,
    0x0, 0x8f, 0xf8, 0x0, 0x2, 0xff, 0xe0, 0x0,
    0x0, 0x5f, 0xfb, 0x0, 0x1, 0xff, 0xe0, 0x0,
    0x0, 0x2f, 0xfe, 0x0, 0x1, 0xff, 0xf0, 0x0,
    0x0, 0xf, 0xff, 0x0, 0x0, 0xff, 0xf0, 0x0,
    0x0, 0x5, 0x20, 0x0, 0x0, 0xff, 0xf1, 0x0,
    0x0, 0x36, 0x66, 0x66, 0x6a, 0xff, 0xfb, 0x60,
    0x0, 0x8f, 0xff, 0xff, 0xff, 0xff, 0xff, 0xf0,
    0x0, 0x8f, 0xff, 0xff, 0xff, 0xff, 0xff, 0xf0,
    0x0, 0x8f, 0xff, 0xff, 0xfe, 0x91, 0x8d, 0xf0,

    /* U+FEF7 "ﻷ" */
    0x0, 0x2, 0x66, 0x20, 0x0, 0x0, 0x0, 0x0,
    0x5, 0xff, 0xf9, 0x0, 0x0, 0x0, 0x0, 0x0,
    0xdd, 0x22, 0x20, 0x0, 0x0, 0x0, 0x0, 0xd,
    0xc1, 0x36, 0x50, 0x0, 0x0, 0x0, 0x5, 0xcf,
    0xff, 0xfb, 0x0, 0x0, 0x0, 0x0, 0xff, 0xda,
    0x63, 0x0, 0x0, 0x0, 0x0, 0x3, 0x10, 0x0,
    0x0, 0x0, 0x7f, 0xf9, 0x0, 0x6, 0xbf, 0x40,
    0x0, 0x6, 0xff, 0x90, 0x0, 0xaf, 0xf7, 0x0,
    0x0, 0x6f, 0xfa, 0x0, 0x7, 0xff, 0xa0, 0x0,
    0x5, 0xff, 0xa0, 0x0, 0x4f, 0xfd, 0x0, 0x0,
    0x4f, 0xfb, 0x0, 0x1, 0xff, 0xf0, 0x0, 0x4,
    0xff, 0xc0, 0x0, 0xe, 0xff, 0x20, 0x0, 0x3f,
    0xfc, 0x0, 0x0, 0xbf, 0xf5, 0x0, 0x3, 0xff,
    0xd0, 0x0, 0x8, 0xff, 0x80, 0x0, 0x2f, 0xfd,
    0x0, 0x0, 0x5f, 0xfb, 0x0, 0x1, 0xff, 0xe0,
    0x0, 0x2, 0xff, 0xe0, 0x0, 0x1f, 0xff, 0x0,
    0x0, 0xf, 0xff, 0x0, 0x0, 0xff, 0xf0, 0x0,
    0x0, 0x52, 0x0, 0x0, 0xf, 0xff, 0x0, 0x0,
    0x36, 0x66, 0x66, 0x6a, 0xff, 0xe0, 0x0, 0x8,
    0xff, 0xff, 0xff, 0xff, 0xf8, 0x0, 0x0, 0x8f,
    0xff, 0xff, 0xff, 0xfd, 0x10, 0x0, 0x8, 0xff,
    0xff, 0xff, 0xe9, 0x10, 0x0,

    /* U+FEF8 "ﻸ" */
    0x0, 0x2, 0x76, 0x20, 0x0, 0x0, 0x0, 0x0,
    0x0, 0x4, 0xff, 0xf9, 0x0, 0x0, 0x0, 0x0,
    0x0, 0x0, 0xcf, 0x77, 0x40, 0x0, 0x0, 0x0,
    0x0, 0x0, 0xe, 0xa0, 0x0, 0x10, 0x0, 0x0,
    0x0, 0x0, 0x0, 0xaf, 0x9a, 0xfa, 0x0, 0x0,
    0x0, 0x0, 0x0, 0xff, 0xfe, 0xb8, 0x40, 0x0,
    0x0, 0x0, 0x0, 0x6, 0x41, 0x0, 0x0, 0x0,
    0x7f, 0xf9, 0x0, 0x0, 0x6, 0xbf, 0x40, 0x0,
    0x6, 0xff, 0x90, 0x0, 0x0, 0xaf, 0xf7, 0x0,
    0x0, 0x6f, 0xfa, 0x0, 0x0, 0x7, 0xff, 0xa0,
    0x0, 0x5, 0xff, 0xa0, 0x0, 0x0, 0x4f, 0xfd,
    0x0, 0x0, 0x4f, 0xfb, 0x0, 0x0, 0x1, 0xff,
    0xf0, 0x0, 0x4, 0xff, 0xc0, 0x0, 0x0, 0xe,
    0xff, 0x20, 0x0, 0x3f, 0xfc, 0x0, 0x0, 0x0,
    0xbf, 0xf5, 0x0, 0x3, 0xff, 0xd0, 0x0, 0x0,
    0x8, 0xff, 0x80, 0x0, 0x2f, 0xfe, 0x0, 0x0,
    0x0, 0x5f, 0xfb, 0x0, 0x1, 0xff, 0xe0, 0x0,
    0x0, 0x2, 0xff, 0xe0, 0x0, 0x1f, 0xff, 0x0,
    0x0, 0x0, 0xf, 0xff, 0x0, 0x0, 0xff, 0xf0,
    0x0, 0x0, 0x0, 0x52, 0x0, 0x0, 0xf, 0xff,
    0x10, 0x0, 0x0, 0x36, 0x66, 0x66, 0x6a, 0xff,
    0xfb, 0x60, 0x0, 0x8, 0xff, 0xff, 0xff, 0xff,
    0xff, 0xff, 0x0, 0x0, 0x8f, 0xff, 0xff, 0xff,
    0xff, 0xff, 0xf0, 0x0, 0x8, 0xff, 0xff, 0xff,
    0xe9, 0x18, 0xdf, 0x0,

    /* U+FEF9 "ﻹ" */
    0x0, 0x0, 0x0, 0x0, 0x7f, 0xf9, 0x6, 0xbf,
    0x40, 0x0, 0x6, 0xff, 0x90, 0xaf, 0xf7, 0x0,
    0x0, 0x6f, 0xfa, 0x7, 0xff, 0xa0, 0x0, 0x5,
    0xff, 0xa0, 0x4f, 0xfd, 0x0, 0x0, 0x4f, 0xfb,
    0x1, 0xff, 0xf0, 0x0, 0x4, 0xff, 0xc0, 0xe,
    0xff, 0x20, 0x0, 0x3f, 0xfc, 0x0, 0xbf, 0xf5,
    0x0, 0x3, 0xff, 0xd0, 0x8, 0xff, 0x80, 0x0,
    0x2f, 0xfd, 0x0, 0x5f, 0xfb, 0x0, 0x1, 0xff,
    0xe0, 0x2, 0xff, 0xe0, 0x0, 0x1f, 0xff, 0x0,
    0xf, 0xff, 0x0, 0x0, 0xff, 0xf0, 0x0, 0x52,
    0x0, 0x0, 0xf, 0xff, 0x0, 0x36, 0x66, 0x66,
    0x6a, 0xff, 0xe0, 0x8, 0xff, 0xff, 0xff, 0xff,
    0xf8, 0x0, 0x8f, 0xff, 0xff, 0xff, 0xfd, 0x10,
    0x8, 0xff, 0xff, 0xff, 0xe9, 0x10, 0x0, 0x0,
    0x44, 0x10, 0x0, 0x0, 0x0, 0x1, 0xdf, 0xfc,
    0x0, 0x0, 0x0, 0x0, 0x9f, 0x98, 0x60, 0x0,
    0x0, 0x0, 0xc, 0xc0, 0x0, 0x10, 0x0, 0x0,
    0x0, 0x8f, 0xaa, 0xec, 0x0, 0x0, 0x0, 0xaf,
    0xff, 0xfd, 0x90, 0x0, 0x0, 0xb, 0xc9, 0x51,
    0x0, 0x0, 0x0, 0x0, 0x0, 0x0, 0x0, 0x0,
    0x0, 0x0, 0x0,

    /* U+FEFA "ﻺ" */
    0x0, 0x0, 0x0, 0x0, 0x7f, 0xf9, 0x0, 0x6,
    0xbf, 0x40, 0x0, 0x6, 0xff, 0x90, 0x0, 0xaf,
    0xf7, 0x0, 0x0, 0x6f, 0xfa, 0x0, 0x7, 0xff,
    0xa0, 0x0, 0x5, 0xff, 0xa0, 0x0, 0x4f, 0xfd,
    0x0, 0x0, 0x4f, 0xfb, 0x0, 0x1, 0xff, 0xf0,
    0x0, 0x4, 0xff, 0xc0, 0x0, 0xe, 0xff, 0x20,
    0x0, 0x3f, 0xfc, 0x0, 0x0, 0xbf, 0xf5, 0x0,
    0x3, 0xff, 0xd0, 0x0, 0x8, 0xff, 0x80, 0x0,
    0x2f, 0xfe, 0x0, 0x0, 0x5f, 0xfb, 0x0, 0x1,
    0xff, 0xe0, 0x0, 0x2, 0xff, 0xe0, 0x0, 0x1f,
    0xff, 0x0, 0x0, 0xf, 0xff, 0x0, 0x0, 0xff,
    0xf0, 0x0, 0x0, 0x52, 0x0, 0x0, 0xf, 0xff,
    0x10, 0x0, 0x36, 0x66, 0x66, 0x6a, 0xff, 0xfb,
    0x60, 0x8, 0xff, 0xff, 0xff, 0xff, 0xff, 0xff,
    0x0, 0x8f, 0xff, 0xff, 0xff, 0xff, 0xff, 0xf0,
    0x8, 0xff, 0xff, 0xff, 0xe9, 0x18, 0xdf, 0x0,
    0x0, 0x44, 0x10, 0x0, 0x0, 0x0, 0x0, 0x0,
    0xcf, 0xfe, 0x0, 0x0, 0x0, 0x0, 0x0, 0x8f,
    0xa8, 0x70, 0x0, 0x0, 0x0, 0x0, 0xa, 0xe0,
    0x0, 0x10, 0x0, 0x0, 0x0, 0x0, 0x6f, 0xb9,
    0xde, 0x0, 0x0, 0x0, 0x0, 0x9e, 0xff, 0xfe,
    0xa0, 0x0, 0x0, 0x0, 0xa, 0xd9, 0x51, 0x0,
    0x0, 0x0, 0x0, 0x0, 0x0, 0x0, 0x0, 0x0,
    0x0, 0x0, 0x0, 0x0,

    /* U+FEFB "ﻻ" */
    0x0, 0x0, 0x0, 0x0, 0x7f, 0xf9, 0x6, 0xbf,
    0x40, 0x0, 0x6, 0xff, 0x90, 0xaf, 0xf7, 0x0,
    0x0, 0x6f, 0xfa, 0x7, 0xff, 0xa0, 0x0, 0x5,
    0xff, 0xa0, 0x4f, 0xfd, 0x0, 0x0, 0x4f, 0xfb,
    0x1, 0xff, 0xf0, 0x0, 0x4, 0xff, 0xc0, 0xe,
    0xff, 0x20, 0x0, 0x3f, 0xfc, 0x0, 0xbf, 0xf5,
    0x0, 0x3, 0xff, 0xd0, 0x8, 0xff, 0x80, 0x0,
    0x2f, 0xfd, 0x0, 0x5f, 0xfb, 0x0, 0x1, 0xff,
    0xe0, 0x2, 0xff, 0xe0, 0x0, 0x1f, 0xff, 0x0,
    0xf, 0xff, 0x0, 0x0, 0xff, 0xf0, 0x0, 0x52,
    0x0, 0x0, 0xf, 0xff, 0x0, 0x36, 0x66, 0x66,
    0x6a, 0xff, 0xe0, 0x8, 0xff, 0xff, 0xff, 0xff,
    0xf8, 0x0, 0x8f, 0xff, 0xff, 0xff, 0xfd, 0x10,
    0x8, 0xff, 0xff, 0xff, 0xe9, 0x10, 0x0,

    /* U+FEFC "ﻼ" */
    0x0, 0x0, 0x0, 0x0, 0x7f, 0xf9, 0x0, 0x6,
    0xbf, 0x40, 0x0, 0x6, 0xff, 0x90, 0x0, 0xaf,
    0xf7, 0x0, 0x0, 0x6f, 0xfa, 0x0, 0x7, 0xff,
    0xa0, 0x0, 0x5, 0xff, 0xa0, 0x0, 0x4f, 0xfd,
    0x0, 0x0, 0x4f, 0xfb, 0x0, 0x1, 0xff, 0xf0,
    0x0, 0x4, 0xff, 0xc0, 0x0, 0xe, 0xff, 0x20,
    0x0, 0x3f, 0xfc, 0x0, 0x0, 0xbf, 0xf5, 0x0,
    0x3, 0xff, 0xd0, 0x0, 0x8, 0xff, 0x80, 0x0,
    0x2f, 0xfe, 0x0, 0x0, 0x5f, 0xfb, 0x0, 0x1,
    0xff, 0xe0, 0x0, 0x2, 0xff, 0xe0, 0x0, 0x1f,
    0xff, 0x0, 0x0, 0xf, 0xff, 0x0, 0x0, 0xff,
    0xf0, 0x0, 0x0, 0x52, 0x0, 0x0, 0xf, 0xff,
    0x10, 0x0, 0x36, 0x66, 0x66, 0x6a, 0xff, 0xfb,
    0x60, 0x8, 0xff, 0xff, 0xff, 0xff, 0xff, 0xff,
    0x0, 0x8f, 0xff, 0xff, 0xff, 0xff, 0xff, 0xf0,
    0x8, 0xff, 0xff, 0xff, 0xe9, 0x18, 0xdf, 0x0,

    /* U+FEFF "﻿" */

};


/*---------------------
 *  GLYPH DESCRIPTION
 *--------------------*/

static const lv_font_fmt_txt_glyph_dsc_t glyph_dsc[] = {
    {.bitmap_index = 0, .adv_w = 0, .box_w = 0, .box_h = 0, .ofs_x = 0, .ofs_y = 0} /* id = 0 reserved */,
    {.bitmap_index = 0, .adv_w = 85, .box_w = 0, .box_h = 0, .ofs_x = 0, .ofs_y = 0},
    {.bitmap_index = 0, .adv_w = 109, .box_w = 5, .box_h = 16, .ofs_x = 1, .ofs_y = 0},
    {.bitmap_index = 40, .adv_w = 152, .box_w = 9, .box_h = 6, .ofs_x = 0, .ofs_y = 10},
    {.bitmap_index = 67, .adv_w = 260, .box_w = 15, .box_h = 16, .ofs_x = 1, .ofs_y = 0},
    {.bitmap_index = 187, .adv_w = 228, .box_w = 13, .box_h = 20, .ofs_x = 1, .ofs_y = -2},
    {.bitmap_index = 317, .adv_w = 293, .box_w = 17, .box_h = 17, .ofs_x = 1, .ofs_y = 0},
    {.bitmap_index = 462, .adv_w = 270, .box_w = 17, .box_h = 16, .ofs_x = 0, .ofs_y = 0},
    {.bitmap_index = 598, .adv_w = 76, .box_w = 5, .box_h = 6, .ofs_x = 0, .ofs_y = 10},
    {.bitmap_index = 613, .adv_w = 149, .box_w = 8, .box_h = 24, .ofs_x = 1, .ofs_y = -6},
    {.bitmap_index = 709, .adv_w = 149, .box_w = 8, .box_h = 24, .ofs_x = 1, .ofs_y = -6},
    {.bitmap_index = 805, .adv_w = 199, .box_w = 11, .box_h = 10, .ofs_x = 1, .ofs_y = 4},
    {.bitmap_index = 860, .adv_w = 166, .box_w = 10, .box_h = 9, .ofs_x = 0, .ofs_y = 3},
    {.bitmap_index = 905, .adv_w = 81, .box_w = 5, .box_h = 6, .ofs_x = 0, .ofs_y = -2},
    {.bitmap_index = 920, .adv_w = 128, .box_w = 8, .box_h = 3, .ofs_x = 0, .ofs_y = 5},
    {.bitmap_index = 932, .adv_w = 132, .box_w = 5, .box_h = 4, .ofs_x = 2, .ofs_y = 0},
    {.bitmap_index = 942, .adv_w = 161, .box_w = 10, .box_h = 16, .ofs_x = 0, .ofs_y = 0},
    {.bitmap_index = 1022, .adv_w = 216, .box_w = 10, .box_h = 10, .ofs_x = 2, .ofs_y = 1},
    {.bitmap_index = 1072, .adv_w = 138, .box_w = 5, .box_h = 17, .ofs_x = 2, .ofs_y = -1},
    {.bitmap_index = 1115, .adv_w = 234, .box_w = 11, .box_h = 17, .ofs_x = 2, .ofs_y = -1},
    {.bitmap_index = 1209, .adv_w = 323, .box_w = 17, .box_h = 17, .ofs_x = 2, .ofs_y = -1},
    {.bitmap_index = 1354, .adv_w = 287, .box_w = 14, .box_h = 18, .ofs_x = 2, .ofs_y = -1},
    {.bitmap_index = 1480, .adv_w = 305, .box_w = 16, .box_h = 18, .ofs_x = 2, .ofs_y = 0},
    {.bitmap_index = 1624, .adv_w = 251, .box_w = 12, .box_h = 18, .ofs_x = 2, .ofs_y = -1},
    {.bitmap_index = 1732, .adv_w = 279, .box_w = 15, .box_h = 16, .ofs_x = 1, .ofs_y = 0},
    {.bitmap_index = 1852, .adv_w = 279, .box_w = 15, .box_h = 16, .ofs_x = 1, .ofs_y = -1},
    {.bitmap_index = 1972, .adv_w = 247, .box_w = 12, .box_h = 17, .ofs_x = 2, .ofs_y = -1},
    {.bitmap_index = 2074, .adv_w = 132, .box_w = 5, .box_h = 10, .ofs_x = 2, .ofs_y = 0},
    {.bitmap_index = 2099, .adv_w = 138, .box_w = 5, .box_h = 13, .ofs_x = 2, .ofs_y = -2},
    {.bitmap_index = 2132, .adv_w = 164, .box_w = 10, .box_h = 7, .ofs_x = 0, .ofs_y = 4},
    {.bitmap_index = 2167, .adv_w = 199, .box_w = 11, .box_h = 16, .ofs_x = 1, .ofs_y = 0},
    {.bitmap_index = 2255, .adv_w = 318, .box_w = 20, .box_h = 18, .ofs_x = 0, .ofs_y = -2},
    {.bitmap_index = 2435, .adv_w = 255, .box_w = 16, .box_h = 16, .ofs_x = 0, .ofs_y = 0},
    {.bitmap_index = 2563, .adv_w = 238, .box_w = 13, .box_h = 16, .ofs_x = 1, .ofs_y = 0},
    {.bitmap_index = 2667, .adv_w = 247, .box_w = 14, .box_h = 16, .ofs_x = 1, .ofs_y = 0},
    {.bitmap_index = 2779, .adv_w = 239, .box_w = 13, .box_h = 16, .ofs_x = 1, .ofs_y = 0},
    {.bitmap_index = 2883, .adv_w = 227, .box_w = 12, .box_h = 16, .ofs_x = 1, .ofs_y = 0},
    {.bitmap_index = 2979, .adv_w = 207, .box_w = 12, .box_h = 16, .ofs_x = 1, .ofs_y = 0},
    {.bitmap_index = 3075, .adv_w = 240, .box_w = 13, .box_h = 16, .ofs_x = 1, .ofs_y = 0},
    {.bitmap_index = 3179, .adv_w = 246, .box_w = 14, .box_h = 16, .ofs_x = 1, .ofs_y = 0},
    {.bitmap_index = 3291, .adv_w = 105, .box_w = 5, .box_h = 16, .ofs_x = 1, .ofs_y = 0},
    {.bitmap_index = 3331, .adv_w = 231, .box_w = 13, .box_h = 16, .ofs_x = 0, .ofs_y = 0},
    {.bitmap_index = 3435, .adv_w = 247, .box_w = 14, .box_h = 16, .ofs_x = 1, .ofs_y = 0},
    {.bitmap_index = 3547, .adv_w = 217, .box_w = 13, .box_h = 16, .ofs_x = 1, .ofs_y = 0},
    {.bitmap_index = 3651, .adv_w = 275, .box_w = 15, .box_h = 16, .ofs_x = 1, .ofs_y = 0},
    {.bitmap_index = 3771, .adv_w = 255, .box_w = 14, .box_h = 16, .ofs_x = 1, .ofs_y = 0},
    {.bitmap_index = 3883, .adv_w = 250, .box_w = 14, .box_h = 16, .ofs_x = 1, .ofs_y = 0},
    {.bitmap_index = 3995, .adv_w = 228, .box_w = 13, .box_h = 16, .ofs_x = 1, .ofs_y = 0},
    {.bitmap_index = 4099, .adv_w = 250, .box_w = 14, .box_h = 17, .ofs_x = 1, .ofs_y = -1},
    {.bitmap_index = 4218, .adv_w = 235, .box_w = 13, .box_h = 16, .ofs_x = 1, .ofs_y = 0},
    {.bitmap_index = 4322, .adv_w = 241, .box_w = 13, .box_h = 16, .ofs_x = 1, .ofs_y = 0},
    {.bitmap_index = 4426, .adv_w = 220, .box_w = 14, .box_h = 16, .ofs_x = 0, .ofs_y = 0},
    {.bitmap_index = 4538, .adv_w = 251, .box_w = 14, .box_h = 16, .ofs_x = 1, .ofs_y = 0},
    {.bitmap_index = 4650, .adv_w = 234, .box_w = 15, .box_h = 16, .ofs_x = 0, .ofs_y = 0},
    {.bitmap_index = 4770, .adv_w = 393, .box_w = 25, .box_h = 16, .ofs_x = 0, .ofs_y = 0},
    {.bitmap_index = 4970, .adv_w = 244, .box_w = 15, .box_h = 16, .ofs_x = 0, .ofs_y = 0},
    {.bitmap_index = 5090, .adv_w = 233, .box_w = 15, .box_h = 16, .ofs_x = 0, .ofs_y = 0},
    {.bitmap_index = 5210, .adv_w = 215, .box_w = 13, .box_h = 16, .ofs_x = 0, .ofs_y = 0},
    {.bitmap_index = 5314, .adv_w = 121, .box_w = 7, .box_h = 22, .ofs_x = 0, .ofs_y = -3},
    {.bitmap_index = 5391, .adv_w = 162, .box_w = 10, .box_h = 16, .ofs_x = 0, .ofs_y = 0},
    {.bitmap_index = 5471, .adv_w = 111, .box_w = 7, .box_h = 22, .ofs_x = 0, .ofs_y = -4},
    {.bitmap_index = 5548, .adv_w = 164, .box_w = 10, .box_h = 3, .ofs_x = 0, .ofs_y = 0},
    {.bitmap_index = 5563, .adv_w = 220, .box_w = 12, .box_h = 12, .ofs_x = 1, .ofs_y = 0},
    {.bitmap_index = 5635, .adv_w = 212, .box_w = 11, .box_h = 16, .ofs_x = 1, .ofs_y = 0},
    {.bitmap_index = 5723, .adv_w = 218, .box_w = 12, .box_h = 12, .ofs_x = 1, .ofs_y = 0},
    {.bitmap_index = 5795, .adv_w = 217, .box_w = 12, .box_h = 16, .ofs_x = 1, .ofs_y = 0},
    {.bitmap_index = 5891, .adv_w = 219, .box_w = 12, .box_h = 12, .ofs_x = 1, .ofs_y = 0},
    {.bitmap_index = 5963, .adv_w = 141, .box_w = 9, .box_h = 16, .ofs_x = 0, .ofs_y = 0},
    {.bitmap_index = 6035, .adv_w = 212, .box_w = 11, .box_h = 17, .ofs_x = 1, .ofs_y = -5},
    {.bitmap_index = 6129, .adv_w = 212, .box_w = 11, .box_h = 16, .ofs_x = 1, .ofs_y = 0},
    {.bitmap_index = 6217, .adv_w = 124, .box_w = 5, .box_h = 17, .ofs_x = 1, .ofs_y = 0},
    {.bitmap_index = 6260, .adv_w = 124, .box_w = 8, .box_h = 22, .ofs_x = -1, .ofs_y = -5},
    {.bitmap_index = 6348, .adv_w = 209, .box_w = 12, .box_h = 16, .ofs_x = 1, .ofs_y = 0},
    {.bitmap_index = 6444, .adv_w = 115, .box_w = 6, .box_h = 16, .ofs_x = 1, .ofs_y = 0},
    {.bitmap_index = 6492, .adv_w = 320, .box_w = 18, .box_h = 12, .ofs_x = 1, .ofs_y = 0},
    {.bitmap_index = 6600, .adv_w = 212, .box_w = 11, .box_h = 12, .ofs_x = 1, .ofs_y = 0},
    {.bitmap_index = 6666, .adv_w = 219, .box_w = 12, .box_h = 12, .ofs_x = 1, .ofs_y = 0},
    {.bitmap_index = 6738, .adv_w = 212, .box_w = 11, .box_h = 17, .ofs_x = 1, .ofs_y = -5},
    {.bitmap_index = 6832, .adv_w = 213, .box_w = 11, .box_h = 17, .ofs_x = 1, .ofs_y = -5},
    {.bitmap_index = 6926, .adv_w = 161, .box_w = 9, .box_h = 12, .ofs_x = 1, .ofs_y = 0},
    {.bitmap_index = 6980, .adv_w = 213, .box_w = 11, .box_h = 12, .ofs_x = 1, .ofs_y = 0},
    {.bitmap_index = 7046, .adv_w = 143, .box_w = 9, .box_h = 15, .ofs_x = 0, .ofs_y = 0},
    {.bitmap_index = 7114, .adv_w = 212, .box_w = 11, .box_h = 12, .ofs_x = 1, .ofs_y = 0},
    {.bitmap_index = 7180, .adv_w = 203, .box_w = 13, .box_h = 12, .ofs_x = 0, .ofs_y = 0},
    {.bitmap_index = 7258, .adv_w = 316, .box_w = 20, .box_h = 12, .ofs_x = 0, .ofs_y = 0},
    {.bitmap_index = 7378, .adv_w = 213, .box_w = 13, .box_h = 12, .ofs_x = 0, .ofs_y = 0},
    {.bitmap_index = 7456, .adv_w = 201, .box_w = 12, .box_h = 17, .ofs_x = 0, .ofs_y = -5},
    {.bitmap_index = 7558, .adv_w = 197, .box_w = 11, .box_h = 12, .ofs_x = 1, .ofs_y = 0},
    {.bitmap_index = 7624, .adv_w = 146, .box_w = 8, .box_h = 22, .ofs_x = 0, .ofs_y = -3},
    {.bitmap_index = 7712, .adv_w = 129, .box_w = 4, .box_h = 19, .ofs_x = 2, .ofs_y = -3},
    {.bitmap_index = 7750, .adv_w = 146, .box_w = 8, .box_h = 22, .ofs_x = 1, .ofs_y = -3},
    {.bitmap_index = 7838, .adv_w = 130, .box_w = 5, .box_h = 7, .ofs_x = 2, .ofs_y = 0},
    {.bitmap_index = 7856, .adv_w = 130, .box_w = 5, .box_h = 14, .ofs_x = 2, .ofs_y = 0},
    {.bitmap_index = 7891, .adv_w = 210, .box_w = 11, .box_h = 18, .ofs_x = 1, .ofs_y = -1},
    {.bitmap_index = 7990, .adv_w = 187, .box_w = 10, .box_h = 11, .ofs_x = 1, .ofs_y = -1},
    {.bitmap_index = 8045, .adv_w = 122, .box_w = 8, .box_h = 18, .ofs_x = 0, .ofs_y = 0},
    {.bitmap_index = 8117, .adv_w = 122, .box_w = 8, .box_h = 22, .ofs_x = 0, .ofs_y = 0},
    {.bitmap_index = 8205, .adv_w = 205, .box_w = 11, .box_h = 25, .ofs_x = 1, .ofs_y = -7},
    {.bitmap_index = 8343, .adv_w = 114, .box_w = 8, .box_h = 25, .ofs_x = 0, .ofs_y = -8},
    {.bitmap_index = 8443, .adv_w = 283, .box_w = 16, .box_h = 22, .ofs_x = 1, .ofs_y = -7},
    {.bitmap_index = 8619, .adv_w = 114, .box_w = 5, .box_h = 17, .ofs_x = 1, .ofs_y = 0},
    {.bitmap_index = 8662, .adv_w = 372, .box_w = 23, .box_h = 17, .ofs_x = 0, .ofs_y = -6},
    {.bitmap_index = 8858, .adv_w = 189, .box_w = 10, .box_h = 17, .ofs_x = 1, .ofs_y = 0},
    {.bitmap_index = 8943, .adv_w = 372, .box_w = 23, .box_h = 13, .ofs_x = 0, .ofs_y = 0},
    {.bitmap_index = 9093, .adv_w = 372, .box_w = 23, .box_h = 16, .ofs_x = 0, .ofs_y = 0},
    {.bitmap_index = 9277, .adv_w = 280, .box_w = 17, .box_h = 22, .ofs_x = 0, .ofs_y = -9},
    {.bitmap_index = 9464, .adv_w = 280, .box_w = 17, .box_h = 22, .ofs_x = 0, .ofs_y = -9},
    {.bitmap_index = 9651, .adv_w = 280, .box_w = 17, .box_h = 27, .ofs_x = 0, .ofs_y = -9},
    {.bitmap_index = 9881, .adv_w = 215, .box_w = 12, .box_h = 14, .ofs_x = 1, .ofs_y = 0},
    {.bitmap_index = 9965, .adv_w = 215, .box_w = 12, .box_h = 19, .ofs_x = 1, .ofs_y = 0},
    {.bitmap_index = 10079, .adv_w = 141, .box_w = 8, .box_h = 15, .ofs_x = 0, .ofs_y = -7},
    {.bitmap_index = 10139, .adv_w = 141, .box_w = 8, .box_h = 22, .ofs_x = 0, .ofs_y = -7},
    {.bitmap_index = 10227, .adv_w = 470, .box_w = 28, .box_h = 17, .ofs_x = 1, .ofs_y = -7},
    {.bitmap_index = 10465, .adv_w = 470, .box_w = 28, .box_h = 24, .ofs_x = 1, .ofs_y = -7},
    {.bitmap_index = 10801, .adv_w = 500, .box_w = 30, .box_h = 18, .ofs_x = 1, .ofs_y = -7},
    {.bitmap_index = 11071, .adv_w = 500, .box_w = 30, .box_h = 24, .ofs_x = 1, .ofs_y = -7},
    {.bitmap_index = 11431, .adv_w = 275, .box_w = 15, .box_h = 17, .ofs_x = 1, .ofs_y = 0},
    {.bitmap_index = 11559, .adv_w = 275, .box_w = 15, .box_h = 18, .ofs_x = 1, .ofs_y = 0},
    {.bitmap_index = 11694, .adv_w = 247, .box_w = 14, .box_h = 20, .ofs_x = 1, .ofs_y = -7},
    {.bitmap_index = 11834, .adv_w = 247, .box_w = 14, .box_h = 26, .ofs_x = 1, .ofs_y = -7},
    {.bitmap_index = 12016, .adv_w = 115, .box_w = 9, .box_h = 4, .ofs_x = -1, .ofs_y = 0},
    {.bitmap_index = 12034, .adv_w = 374, .box_w = 23, .box_h = 20, .ofs_x = 0, .ofs_y = 0},
    {.bitmap_index = 12264, .adv_w = 289, .box_w = 17, .box_h = 23, .ofs_x = 1, .ofs_y = -7},
    {.bitmap_index = 12460, .adv_w = 372, .box_w = 23, .box_h = 19, .ofs_x = 0, .ofs_y = 0},
    {.bitmap_index = 12679, .adv_w = 276, .box_w = 16, .box_h = 23, .ofs_x = 1, .ofs_y = -6},
    {.bitmap_index = 12863, .adv_w = 226, .box_w = 13, .box_h = 18, .ofs_x = 1, .ofs_y = -7},
    {.bitmap_index = 12980, .adv_w = 278, .box_w = 16, .box_h = 18, .ofs_x = 1, .ofs_y = -7},
    {.bitmap_index = 13124, .adv_w = 189, .box_w = 10, .box_h = 13, .ofs_x = 1, .ofs_y = 0},
    {.bitmap_index = 13189, .adv_w = 205, .box_w = 11, .box_h = 18, .ofs_x = 1, .ofs_y = -7},
    {.bitmap_index = 13288, .adv_w = 283, .box_w = 16, .box_h = 18, .ofs_x = 1, .ofs_y = -7},
    {.bitmap_index = 13432, .adv_w = 283, .box_w = 16, .box_h = 18, .ofs_x = 1, .ofs_y = -7},
    {.bitmap_index = 13576, .adv_w = 0, .box_w = 7, .box_h = 8, .ofs_x = 0, .ofs_y = 9},
    {.bitmap_index = 13604, .adv_w = 0, .box_w = 9, .box_h = 8, .ofs_x = 0, .ofs_y = 12},
    {.bitmap_index = 13640, .adv_w = 0, .box_w = 7, .box_h = 7, .ofs_x = 0, .ofs_y = -12},
    {.bitmap_index = 13665, .adv_w = 0, .box_w = 7, .box_h = 4, .ofs_x = 0, .ofs_y = 12},
    {.bitmap_index = 13679, .adv_w = 0, .box_w = 8, .box_h = 7, .ofs_x = 0, .ofs_y = 12},
    {.bitmap_index = 13707, .adv_w = 0, .box_w = 7, .box_h = 4, .ofs_x = 0, .ofs_y = -10},
    {.bitmap_index = 13721, .adv_w = 0, .box_w = 9, .box_h = 5, .ofs_x = -1, .ofs_y = 12},
    {.bitmap_index = 13744, .adv_w = 0, .box_w = 7, .box_h = 6, .ofs_x = 0, .ofs_y = 12},
    {.bitmap_index = 13765, .adv_w = 0, .box_w = 8, .box_h = 4, .ofs_x = 0, .ofs_y = 14},
    {.bitmap_index = 13781, .adv_w = 0, .box_w = 7, .box_h = 7, .ofs_x = 0, .ofs_y = 11},
    {.bitmap_index = 13806, .adv_w = 0, .box_w = 7, .box_h = 7, .ofs_x = 0, .ofs_y = -11},
    {.bitmap_index = 13831, .adv_w = 0, .box_w = 2, .box_h = 4, .ofs_x = 0, .ofs_y = -10},
    {.bitmap_index = 13835, .adv_w = 216, .box_w = 10, .box_h = 10, .ofs_x = 2, .ofs_y = 1},
    {.bitmap_index = 13885, .adv_w = 138, .box_w = 5, .box_h = 17, .ofs_x = 2, .ofs_y = -1},
    {.bitmap_index = 13928, .adv_w = 234, .box_w = 11, .box_h = 17, .ofs_x = 2, .ofs_y = -1},
    {.bitmap_index = 14022, .adv_w = 323, .box_w = 17, .box_h = 17, .ofs_x = 2, .ofs_y = -1},
    {.bitmap_index = 14167, .adv_w = 287, .box_w = 14, .box_h = 18, .ofs_x = 2, .ofs_y = -1},
    {.bitmap_index = 14293, .adv_w = 305, .box_w = 16, .box_h = 18, .ofs_x = 2, .ofs_y = 0},
    {.bitmap_index = 14437, .adv_w = 251, .box_w = 12, .box_h = 18, .ofs_x = 2, .ofs_y = -1},
    {.bitmap_index = 14545, .adv_w = 279, .box_w = 15, .box_h = 17, .ofs_x = 1, .ofs_y = 0},
    {.bitmap_index = 14673, .adv_w = 279, .box_w = 15, .box_h = 17, .ofs_x = 1, .ofs_y = -1},
    {.bitmap_index = 14801, .adv_w = 247, .box_w = 12, .box_h = 17, .ofs_x = 2, .ofs_y = 0},
    {.bitmap_index = 14903, .adv_w = 203, .box_w = 13, .box_h = 17, .ofs_x = 0, .ofs_y = 0},
    {.bitmap_index = 15014, .adv_w = 155, .box_w = 9, .box_h = 15, .ofs_x = 0, .ofs_y = -3},
    {.bitmap_index = 15082, .adv_w = 121, .box_w = 5, .box_h = 8, .ofs_x = 1, .ofs_y = -4},
    {.bitmap_index = 15102, .adv_w = 199, .box_w = 11, .box_h = 10, .ofs_x = 1, .ofs_y = 5},
    {.bitmap_index = 15157, .adv_w = 372, .box_w = 23, .box_h = 11, .ofs_x = 0, .ofs_y = 0},
    {.bitmap_index = 15284, .adv_w = 289, .box_w = 17, .box_h = 18, .ofs_x = 1, .ofs_y = -7},
    {.bitmap_index = 15437, .adv_w = 0, .box_w = 2, .box_h = 4, .ofs_x = 0, .ofs_y = 12},
    {.bitmap_index = 15441, .adv_w = 122, .box_w = 9, .box_h = 20, .ofs_x = -1, .ofs_y = 0},
    {.bitmap_index = 15531, .adv_w = 372, .box_w = 23, .box_h = 20, .ofs_x = 0, .ofs_y = -9},
    {.bitmap_index = 15761, .adv_w = 280, .box_w = 17, .box_h = 22, .ofs_x = 0, .ofs_y = -9},
    {.bitmap_index = 15948, .adv_w = 146, .box_w = 10, .box_h = 24, .ofs_x = 0, .ofs_y = -7},
    {.bitmap_index = 16068, .adv_w = 374, .box_w = 23, .box_h = 15, .ofs_x = 0, .ofs_y = 0},
    {.bitmap_index = 16241, .adv_w = 374, .box_w = 23, .box_h = 23, .ofs_x = 0, .ofs_y = 0},
    {.bitmap_index = 16506, .adv_w = 372, .box_w = 23, .box_h = 19, .ofs_x = 0, .ofs_y = 0},
    {.bitmap_index = 16725, .adv_w = 372, .box_w = 23, .box_h = 22, .ofs_x = 0, .ofs_y = 0},
    {.bitmap_index = 16978, .adv_w = 278, .box_w = 16, .box_h = 15, .ofs_x = 1, .ofs_y = -7},
    {.bitmap_index = 17098, .adv_w = 189, .box_w = 10, .box_h = 21, .ofs_x = 1, .ofs_y = 0},
    {.bitmap_index = 17203, .adv_w = 283, .box_w = 16, .box_h = 18, .ofs_x = 1, .ofs_y = -7},
    {.bitmap_index = 17347, .adv_w = 216, .box_w = 10, .box_h = 10, .ofs_x = 2, .ofs_y = 1},
    {.bitmap_index = 17397, .adv_w = 138, .box_w = 5, .box_h = 17, .ofs_x = 2, .ofs_y = -1},
    {.bitmap_index = 17440, .adv_w = 234, .box_w = 11, .box_h = 17, .ofs_x = 2, .ofs_y = -1},
    {.bitmap_index = 17534, .adv_w = 323, .box_w = 17, .box_h = 17, .ofs_x = 2, .ofs_y = -1},
    {.bitmap_index = 17679, .adv_w = 287, .box_w = 14, .box_h = 18, .ofs_x = 2, .ofs_y = -1},
    {.bitmap_index = 17805, .adv_w = 305, .box_w = 16, .box_h = 18, .ofs_x = 2, .ofs_y = 0},
    {.bitmap_index = 17949, .adv_w = 251, .box_w = 12, .box_h = 18, .ofs_x = 2, .ofs_y = -1},
    {.bitmap_index = 18057, .adv_w = 279, .box_w = 15, .box_h = 17, .ofs_x = 1, .ofs_y = 0},
    {.bitmap_index = 18185, .adv_w = 279, .box_w = 15, .box_h = 17, .ofs_x = 1, .ofs_y = -1},
    {.bitmap_index = 18313, .adv_w = 247, .box_w = 12, .box_h = 17, .ofs_x = 2, .ofs_y = 0},
    {.bitmap_index = 18415, .adv_w = 122, .box_w = 9, .box_h = 20, .ofs_x = -1, .ofs_y = 0},
    {.bitmap_index = 18505, .adv_w = 110, .box_w = 9, .box_h = 21, .ofs_x = -1, .ofs_y = 0},
    {.bitmap_index = 18600, .adv_w = 372, .box_w = 23, .box_h = 20, .ofs_x = 0, .ofs_y = -9},
    {.bitmap_index = 18830, .adv_w = 375, .box_w = 24, .box_h = 20, .ofs_x = 0, .ofs_y = -9},
    {.bitmap_index = 19070, .adv_w = 157, .box_w = 12, .box_h = 20, .ofs_x = -2, .ofs_y = -9},
    {.bitmap_index = 19190, .adv_w = 162, .box_w = 12, .box_h = 17, .ofs_x = -1, .ofs_y = -9},
    {.bitmap_index = 19292, .adv_w = 374, .box_w = 23, .box_h = 23, .ofs_x = 0, .ofs_y = 0},
    {.bitmap_index = 19557, .adv_w = 374, .box_w = 24, .box_h = 20, .ofs_x = 0, .ofs_y = 0},
    {.bitmap_index = 19797, .adv_w = 189, .box_w = 12, .box_h = 23, .ofs_x = -1, .ofs_y = 0},
    {.bitmap_index = 19935, .adv_w = 188, .box_w = 13, .box_h = 20, .ofs_x = -1, .ofs_y = 0},
    {.bitmap_index = 20065, .adv_w = 280, .box_w = 17, .box_h = 22, .ofs_x = 0, .ofs_y = -9},
    {.bitmap_index = 20252, .adv_w = 284, .box_w = 18, .box_h = 22, .ofs_x = 0, .ofs_y = -9},
    {.bitmap_index = 20450, .adv_w = 258, .box_w = 16, .box_h = 21, .ofs_x = -1, .ofs_y = -9},
    {.bitmap_index = 20618, .adv_w = 262, .box_w = 18, .box_h = 21, .ofs_x = -1, .ofs_y = -9},
    {.bitmap_index = 20807, .adv_w = 146, .box_w = 10, .box_h = 24, .ofs_x = 0, .ofs_y = -7},
    {.bitmap_index = 20927, .adv_w = 156, .box_w = 10, .box_h = 24, .ofs_x = 0, .ofs_y = -7},
    {.bitmap_index = 21047, .adv_w = 372, .box_w = 23, .box_h = 19, .ofs_x = 0, .ofs_y = 0},
    {.bitmap_index = 21266, .adv_w = 383, .box_w = 25, .box_h = 19, .ofs_x = 0, .ofs_y = 0},
    {.bitmap_index = 21504, .adv_w = 187, .box_w = 13, .box_h = 19, .ofs_x = -1, .ofs_y = 0},
    {.bitmap_index = 21628, .adv_w = 197, .box_w = 14, .box_h = 19, .ofs_x = -1, .ofs_y = 0},
    {.bitmap_index = 21761, .adv_w = 372, .box_w = 23, .box_h = 22, .ofs_x = 0, .ofs_y = 0},
    {.bitmap_index = 22014, .adv_w = 383, .box_w = 25, .box_h = 22, .ofs_x = 0, .ofs_y = 0},
    {.bitmap_index = 22289, .adv_w = 187, .box_w = 13, .box_h = 22, .ofs_x = -1, .ofs_y = 0},
    {.bitmap_index = 22432, .adv_w = 197, .box_w = 14, .box_h = 22, .ofs_x = -1, .ofs_y = 0},
    {.bitmap_index = 22586, .adv_w = 280, .box_w = 17, .box_h = 15, .ofs_x = 1, .ofs_y = -7},
    {.bitmap_index = 22714, .adv_w = 189, .box_w = 10, .box_h = 21, .ofs_x = 1, .ofs_y = 0},
    {.bitmap_index = 22819, .adv_w = 209, .box_w = 14, .box_h = 21, .ofs_x = 0, .ofs_y = 0},
    {.bitmap_index = 22966, .adv_w = 0, .box_w = 5, .box_h = 5, .ofs_x = 0, .ofs_y = 8},
    {.bitmap_index = 22979, .adv_w = 0, .box_w = 5, .box_h = 5, .ofs_x = 0, .ofs_y = -6},
    {.bitmap_index = 22992, .adv_w = 0, .box_w = 9, .box_h = 5, .ofs_x = 0, .ofs_y = 10},
    {.bitmap_index = 23015, .adv_w = 0, .box_w = 9, .box_h = 5, .ofs_x = 0, .ofs_y = -5},
    {.bitmap_index = 23038, .adv_w = 0, .box_w = 9, .box_h = 8, .ofs_x = 0, .ofs_y = 10},
    {.bitmap_index = 23074, .adv_w = 0, .box_w = 9, .box_h = 8, .ofs_x = 0, .ofs_y = -9},
    {.bitmap_index = 23110, .adv_w = 283, .box_w = 16, .box_h = 18, .ofs_x = 1, .ofs_y = -7},
    {.bitmap_index = 23254, .adv_w = 274, .box_w = 17, .box_h = 14, .ofs_x = 1, .ofs_y = -7},
    {.bitmap_index = 23373, .adv_w = 157, .box_w = 12, .box_h = 17, .ofs_x = -2, .ofs_y = -6},
    {.bitmap_index = 23475, .adv_w = 162, .box_w = 12, .box_h = 14, .ofs_x = -1, .ofs_y = -6},
    {.bitmap_index = 23559, .adv_w = 149, .box_w = 8, .box_h = 24, .ofs_x = 1, .ofs_y = -6},
    {.bitmap_index = 23655, .adv_w = 149, .box_w = 8, .box_h = 24, .ofs_x = 1, .ofs_y = -6},
    {.bitmap_index = 23751, .adv_w = 533, .box_w = 32, .box_h = 26, .ofs_x = 0, .ofs_y = 0},
    {.bitmap_index = 24167, .adv_w = 601, .box_w = 36, .box_h = 23, .ofs_x = 1, .ofs_y = -6},
    {.bitmap_index = 24581, .adv_w = 187, .box_w = 10, .box_h = 11, .ofs_x = 1, .ofs_y = -1},
    {.bitmap_index = 24636, .adv_w = 122, .box_w = 8, .box_h = 18, .ofs_x = 0, .ofs_y = 0},
    {.bitmap_index = 24708, .adv_w = 110, .box_w = 8, .box_h = 18, .ofs_x = 0, .ofs_y = 0},
    {.bitmap_index = 24780, .adv_w = 122, .box_w = 8, .box_h = 22, .ofs_x = 0, .ofs_y = 0},
    {.bitmap_index = 24868, .adv_w = 110, .box_w = 8, .box_h = 22, .ofs_x = 0, .ofs_y = 0},
    {.bitmap_index = 24956, .adv_w = 205, .box_w = 11, .box_h = 25, .ofs_x = 1, .ofs_y = -7},
    {.bitmap_index = 25094, .adv_w = 200, .box_w = 12, .box_h = 25, .ofs_x = 1, .ofs_y = -7},
    {.bitmap_index = 25244, .adv_w = 114, .box_w = 8, .box_h = 25, .ofs_x = 0, .ofs_y = -8},
    {.bitmap_index = 25344, .adv_w = 109, .box_w = 8, .box_h = 24, .ofs_x = -1, .ofs_y = -7},
    {.bitmap_index = 25440, .adv_w = 283, .box_w = 16, .box_h = 22, .ofs_x = 1, .ofs_y = -7},
    {.bitmap_index = 25616, .adv_w = 274, .box_w = 17, .box_h = 19, .ofs_x = 1, .ofs_y = -7},
    {.bitmap_index = 25778, .adv_w = 128, .box_w = 9, .box_h = 17, .ofs_x = -1, .ofs_y = 0},
    {.bitmap_index = 25855, .adv_w = 119, .box_w = 9, .box_h = 16, .ofs_x = -1, .ofs_y = 0},
    {.bitmap_index = 25927, .adv_w = 114, .box_w = 5, .box_h = 17, .ofs_x = 1, .ofs_y = 0},
    {.bitmap_index = 25970, .adv_w = 109, .box_w = 6, .box_h = 17, .ofs_x = 1, .ofs_y = 0},
    {.bitmap_index = 26021, .adv_w = 372, .box_w = 23, .box_h = 17, .ofs_x = 0, .ofs_y = -6},
    {.bitmap_index = 26217, .adv_w = 375, .box_w = 24, .box_h = 17, .ofs_x = 0, .ofs_y = -6},
    {.bitmap_index = 26421, .adv_w = 128, .box_w = 9, .box_h = 17, .ofs_x = -1, .ofs_y = -6},
    {.bitmap_index = 26498, .adv_w = 119, .box_w = 9, .box_h = 14, .ofs_x = -1, .ofs_y = -6},
    {.bitmap_index = 26561, .adv_w = 189, .box_w = 10, .box_h = 17, .ofs_x = 1, .ofs_y = 0},
    {.bitmap_index = 26646, .adv_w = 209, .box_w = 14, .box_h = 18, .ofs_x = 0, .ofs_y = 0},
    {.bitmap_index = 26772, .adv_w = 372, .box_w = 23, .box_h = 13, .ofs_x = 0, .ofs_y = 0},
    {.bitmap_index = 26922, .adv_w = 375, .box_w = 24, .box_h = 13, .ofs_x = 0, .ofs_y = 0},
    {.bitmap_index = 27078, .adv_w = 157, .box_w = 11, .box_h = 16, .ofs_x = -1, .ofs_y = 0},
    {.bitmap_index = 27166, .adv_w = 162, .box_w = 12, .box_h = 14, .ofs_x = -1, .ofs_y = 0},
    {.bitmap_index = 27250, .adv_w = 372, .box_w = 23, .box_h = 16, .ofs_x = 0, .ofs_y = 0},
    {.bitmap_index = 27434, .adv_w = 375, .box_w = 24, .box_h = 15, .ofs_x = 0, .ofs_y = 0},
    {.bitmap_index = 27614, .adv_w = 157, .box_w = 11, .box_h = 19, .ofs_x = -1, .ofs_y = 0},
    {.bitmap_index = 27719, .adv_w = 162, .box_w = 12, .box_h = 17, .ofs_x = -1, .ofs_y = 0},
    {.bitmap_index = 27821, .adv_w = 280, .box_w = 17, .box_h = 22, .ofs_x = 0, .ofs_y = -9},
    {.bitmap_index = 28008, .adv_w = 284, .box_w = 18, .box_h = 22, .ofs_x = 0, .ofs_y = -9},
    {.bitmap_index = 28206, .adv_w = 258, .box_w = 16, .box_h = 18, .ofs_x = -1, .ofs_y = -6},
    {.bitmap_index = 28350, .adv_w = 262, .box_w = 18, .box_h = 18, .ofs_x = -1, .ofs_y = -6},
    {.bitmap_index = 28512, .adv_w = 280, .box_w = 17, .box_h = 22, .ofs_x = 0, .ofs_y = -9},
    {.bitmap_index = 28699, .adv_w = 284, .box_w = 18, .box_h = 22, .ofs_x = 0, .ofs_y = -9},
    {.bitmap_index = 28897, .adv_w = 258, .box_w = 16, .box_h = 12, .ofs_x = -1, .ofs_y = 0},
    {.bitmap_index = 28993, .adv_w = 262, .box_w = 18, .box_h = 12, .ofs_x = -1, .ofs_y = 0},
    {.bitmap_index = 29101, .adv_w = 280, .box_w = 17, .box_h = 27, .ofs_x = 0, .ofs_y = -9},
    {.bitmap_index = 29331, .adv_w = 284, .box_w = 18, .box_h = 27, .ofs_x = 0, .ofs_y = -9},
    {.bitmap_index = 29574, .adv_w = 258, .box_w = 16, .box_h = 17, .ofs_x = -1, .ofs_y = 0},
    {.bitmap_index = 29710, .adv_w = 262, .box_w = 18, .box_h = 17, .ofs_x = -1, .ofs_y = 0},
    {.bitmap_index = 29863, .adv_w = 215, .box_w = 12, .box_h = 14, .ofs_x = 1, .ofs_y = 0},
    {.bitmap_index = 29947, .adv_w = 228, .box_w = 14, .box_h = 13, .ofs_x = 1, .ofs_y = 0},
    {.bitmap_index = 30038, .adv_w = 215, .box_w = 12, .box_h = 19, .ofs_x = 1, .ofs_y = 0},
    {.bitmap_index = 30152, .adv_w = 228, .box_w = 14, .box_h = 19, .ofs_x = 1, .ofs_y = 0},
    {.bitmap_index = 30285, .adv_w = 141, .box_w = 8, .box_h = 15, .ofs_x = 0, .ofs_y = -7},
    {.bitmap_index = 30345, .adv_w = 131, .box_w = 9, .box_h = 15, .ofs_x = 0, .ofs_y = -7},
    {.bitmap_index = 30413, .adv_w = 141, .box_w = 8, .box_h = 22, .ofs_x = 0, .ofs_y = -7},
    {.bitmap_index = 30501, .adv_w = 131, .box_w = 9, .box_h = 22, .ofs_x = 0, .ofs_y = -7},
    {.bitmap_index = 30600, .adv_w = 470, .box_w = 28, .box_h = 17, .ofs_x = 1, .ofs_y = -7},
    {.bitmap_index = 30838, .adv_w = 485, .box_w = 30, .box_h = 16, .ofs_x = 1, .ofs_y = -7},
    {.bitmap_index = 31078, .adv_w = 296, .box_w = 19, .box_h = 10, .ofs_x = -1, .ofs_y = 0},
    {.bitmap_index = 31173, .adv_w = 303, .box_w = 21, .box_h = 9, .ofs_x = -1, .ofs_y = 0},
    {.bitmap_index = 31268, .adv_w = 470, .box_w = 28, .box_h = 24, .ofs_x = 1, .ofs_y = -7},
    {.bitmap_index = 31604, .adv_w = 485, .box_w = 30, .box_h = 24, .ofs_x = 1, .ofs_y = -7},
    {.bitmap_index = 31964, .adv_w = 296, .box_w = 19, .box_h = 17, .ofs_x = -1, .ofs_y = 0},
    {.bitmap_index = 32126, .adv_w = 303, .box_w = 21, .box_h = 17, .ofs_x = -1, .ofs_y = 0},
    {.bitmap_index = 32305, .adv_w = 500, .box_w = 30, .box_h = 18, .ofs_x = 1, .ofs_y = -7},
    {.bitmap_index = 32575, .adv_w = 506, .box_w = 31, .box_h = 18, .ofs_x = 1, .ofs_y = -7},
    {.bitmap_index = 32854, .adv_w = 310, .box_w = 20, .box_h = 11, .ofs_x = -1, .ofs_y = 0},
    {.bitmap_index = 32964, .adv_w = 316, .box_w = 21, .box_h = 11, .ofs_x = -1, .ofs_y = 0},
    {.bitmap_index = 33080, .adv_w = 500, .box_w = 30, .box_h = 24, .ofs_x = 1, .ofs_y = -7},
    {.bitmap_index = 33440, .adv_w = 506, .box_w = 31, .box_h = 24, .ofs_x = 1, .ofs_y = -7},
    {.bitmap_index = 33812, .adv_w = 310, .box_w = 20, .box_h = 16, .ofs_x = -1, .ofs_y = 0},
    {.bitmap_index = 33972, .adv_w = 316, .box_w = 21, .box_h = 17, .ofs_x = -1, .ofs_y = 0},
    {.bitmap_index = 34151, .adv_w = 275, .box_w = 15, .box_h = 17, .ofs_x = 1, .ofs_y = 0},
    {.bitmap_index = 34279, .adv_w = 270, .box_w = 16, .box_h = 17, .ofs_x = 1, .ofs_y = 0},
    {.bitmap_index = 34415, .adv_w = 254, .box_w = 16, .box_h = 17, .ofs_x = -1, .ofs_y = 0},
    {.bitmap_index = 34551, .adv_w = 260, .box_w = 18, .box_h = 17, .ofs_x = -1, .ofs_y = 0},
    {.bitmap_index = 34704, .adv_w = 275, .box_w = 15, .box_h = 18, .ofs_x = 1, .ofs_y = 0},
    {.bitmap_index = 34839, .adv_w = 270, .box_w = 16, .box_h = 18, .ofs_x = 1, .ofs_y = 0},
    {.bitmap_index = 34983, .adv_w = 254, .box_w = 16, .box_h = 18, .ofs_x = -1, .ofs_y = 0},
    {.bitmap_index = 35127, .adv_w = 260, .box_w = 18, .box_h = 18, .ofs_x = -1, .ofs_y = 0},
    {.bitmap_index = 35289, .adv_w = 247, .box_w = 14, .box_h = 20, .ofs_x = 1, .ofs_y = -7},
    {.bitmap_index = 35429, .adv_w = 239, .box_w = 15, .box_h = 19, .ofs_x = 1, .ofs_y = -7},
    {.bitmap_index = 35572, .adv_w = 205, .box_w = 13, .box_h = 11, .ofs_x = -1, .ofs_y = 0},
    {.bitmap_index = 35644, .adv_w = 200, .box_w = 14, .box_h = 11, .ofs_x = -1, .ofs_y = 0},
    {.bitmap_index = 35721, .adv_w = 247, .box_w = 14, .box_h = 26, .ofs_x = 1, .ofs_y = -7},
    {.bitmap_index = 35903, .adv_w = 239, .box_w = 15, .box_h = 25, .ofs_x = 1, .ofs_y = -7},
    {.bitmap_index = 36091, .adv_w = 205, .box_w = 13, .box_h = 16, .ofs_x = -1, .ofs_y = 0},
    {.bitmap_index = 36195, .adv_w = 200, .box_w = 14, .box_h = 17, .ofs_x = -1, .ofs_y = 0},
    {.bitmap_index = 36314, .adv_w = 374, .box_w = 23, .box_h = 20, .ofs_x = 0, .ofs_y = 0},
    {.bitmap_index = 36544, .adv_w = 374, .box_w = 24, .box_h = 17, .ofs_x = 0, .ofs_y = 0},
    {.bitmap_index = 36748, .adv_w = 189, .box_w = 12, .box_h = 21, .ofs_x = -1, .ofs_y = 0},
    {.bitmap_index = 36874, .adv_w = 188, .box_w = 13, .box_h = 18, .ofs_x = -1, .ofs_y = 0},
    {.bitmap_index = 36991, .adv_w = 289, .box_w = 17, .box_h = 23, .ofs_x = 1, .ofs_y = -7},
    {.bitmap_index = 37187, .adv_w = 284, .box_w = 17, .box_h = 23, .ofs_x = 1, .ofs_y = -7},
    {.bitmap_index = 37383, .adv_w = 189, .box_w = 12, .box_h = 20, .ofs_x = -1, .ofs_y = 0},
    {.bitmap_index = 37503, .adv_w = 188, .box_w = 13, .box_h = 18, .ofs_x = -1, .ofs_y = 0},
    {.bitmap_index = 37620, .adv_w = 372, .box_w = 23, .box_h = 19, .ofs_x = 0, .ofs_y = 0},
    {.bitmap_index = 37839, .adv_w = 383, .box_w = 25, .box_h = 19, .ofs_x = 0, .ofs_y = 0},
    {.bitmap_index = 38077, .adv_w = 187, .box_w = 13, .box_h = 19, .ofs_x = -1, .ofs_y = 0},
    {.bitmap_index = 38201, .adv_w = 197, .box_w = 14, .box_h = 19, .ofs_x = -1, .ofs_y = 0},
    {.bitmap_index = 38334, .adv_w = 276, .box_w = 16, .box_h = 23, .ofs_x = 1, .ofs_y = -6},
    {.bitmap_index = 38518, .adv_w = 285, .box_w = 17, .box_h = 24, .ofs_x = 1, .ofs_y = -7},
    {.bitmap_index = 38722, .adv_w = 99, .box_w = 7, .box_h = 17, .ofs_x = -1, .ofs_y = 0},
    {.bitmap_index = 38782, .adv_w = 111, .box_w = 9, .box_h = 17, .ofs_x = -1, .ofs_y = 0},
    {.bitmap_index = 38859, .adv_w = 226, .box_w = 13, .box_h = 18, .ofs_x = 1, .ofs_y = -7},
    {.bitmap_index = 38976, .adv_w = 233, .box_w = 14, .box_h = 18, .ofs_x = 1, .ofs_y = -7},
    {.bitmap_index = 39102, .adv_w = 204, .box_w = 13, .box_h = 12, .ofs_x = -1, .ofs_y = -1},
    {.bitmap_index = 39180, .adv_w = 212, .box_w = 15, .box_h = 12, .ofs_x = -1, .ofs_y = -1},
    {.bitmap_index = 39270, .adv_w = 278, .box_w = 16, .box_h = 18, .ofs_x = 1, .ofs_y = -7},
    {.bitmap_index = 39414, .adv_w = 280, .box_w = 17, .box_h = 18, .ofs_x = 1, .ofs_y = -7},
    {.bitmap_index = 39567, .adv_w = 128, .box_w = 9, .box_h = 16, .ofs_x = -1, .ofs_y = 0},
    {.bitmap_index = 39639, .adv_w = 119, .box_w = 9, .box_h = 14, .ofs_x = -1, .ofs_y = 0},
    {.bitmap_index = 39702, .adv_w = 189, .box_w = 10, .box_h = 13, .ofs_x = 1, .ofs_y = 0},
    {.bitmap_index = 39767, .adv_w = 209, .box_w = 14, .box_h = 13, .ofs_x = 0, .ofs_y = 0},
    {.bitmap_index = 39858, .adv_w = 259, .box_w = 17, .box_h = 14, .ofs_x = -1, .ofs_y = -1},
    {.bitmap_index = 39977, .adv_w = 188, .box_w = 13, .box_h = 18, .ofs_x = -1, .ofs_y = -6},
    {.bitmap_index = 40094, .adv_w = 205, .box_w = 11, .box_h = 18, .ofs_x = 1, .ofs_y = -7},
    {.bitmap_index = 40193, .adv_w = 200, .box_w = 12, .box_h = 18, .ofs_x = 1, .ofs_y = -7},
    {.bitmap_index = 40301, .adv_w = 283, .box_w = 16, .box_h = 18, .ofs_x = 1, .ofs_y = -7},
    {.bitmap_index = 40445, .adv_w = 274, .box_w = 17, .box_h = 14, .ofs_x = 1, .ofs_y = -7},
    {.bitmap_index = 40564, .adv_w = 283, .box_w = 16, .box_h = 18, .ofs_x = 1, .ofs_y = -7},
    {.bitmap_index = 40708, .adv_w = 274, .box_w = 17, .box_h = 14, .ofs_x = 1, .ofs_y = -7},
    {.bitmap_index = 40827, .adv_w = 157, .box_w = 12, .box_h = 17, .ofs_x = -2, .ofs_y = -6},
    {.bitmap_index = 40929, .adv_w = 162, .box_w = 12, .box_h = 14, .ofs_x = -1, .ofs_y = -6},
    {.bitmap_index = 41013, .adv_w = 227, .box_w = 14, .box_h = 20, .ofs_x = 0, .ofs_y = 0},
    {.bitmap_index = 41153, .adv_w = 239, .box_w = 16, .box_h = 20, .ofs_x = 0, .ofs_y = 0},
    {.bitmap_index = 41313, .adv_w = 227, .box_w = 15, .box_h = 23, .ofs_x = -1, .ofs_y = 0},
    {.bitmap_index = 41486, .adv_w = 239, .box_w = 17, .box_h = 23, .ofs_x = -1, .ofs_y = 0},
    {.bitmap_index = 41682, .adv_w = 227, .box_w = 13, .box_h = 25, .ofs_x = 1, .ofs_y = -8},
    {.bitmap_index = 41845, .adv_w = 239, .box_w = 15, .box_h = 25, .ofs_x = 1, .ofs_y = -8},
    {.bitmap_index = 42033, .adv_w = 227, .box_w = 13, .box_h = 17, .ofs_x = 1, .ofs_y = 0},
    {.bitmap_index = 42144, .adv_w = 239, .box_w = 15, .box_h = 17, .ofs_x = 1, .ofs_y = 0},
    {.bitmap_index = 42272, .adv_w = 0, .box_w = 0, .box_h = 0, .ofs_x = 0, .ofs_y = 0}
};

/*---------------------
 *  CHARACTER MAPPING
 *--------------------*/

static const uint16_t unicode_list_5[] = {
    0x0, 0xf, 0x13
};

static const uint16_t unicode_list_9[] = {
    0x0, 0x8, 0x1a, 0x23, 0x26, 0x2b, 0x31, 0x3c,
    0x42, 0x4e, 0x72, 0x73, 0x74, 0x75, 0x76, 0x77,
    0x78, 0x79, 0x7a, 0x7b, 0xf4d2, 0xf4d3, 0xf4d8, 0xf4d9,
    0xf4da, 0xf4db, 0xf4ec, 0xf4ed, 0xf4ee, 0xf4ef, 0xf4fc, 0xf4fd,
    0xf4fe, 0xf4ff, 0xf50c, 0xf50d, 0xf510, 0xf511, 0xf512, 0xf513,
    0xf514, 0xf515, 0xf516, 0xf517, 0xf521, 0xf526, 0xf527, 0xf534,
    0xf535, 0xf536, 0xf537, 0xf538, 0xf53b, 0xf57e, 0xf57f, 0xf580,
    0xf581, 0xf6c0, 0xf6c1, 0xf774, 0xf77e
};

/*Collect the unicode lists and glyph_id offsets*/
static const lv_font_fmt_txt_cmap_t cmaps[] =
{
    {
        .range_start = 32, .range_length = 28, .glyph_id_start = 1,
        .unicode_list = NULL, .glyph_id_ofs_list = NULL, .list_length = 0, .type = LV_FONT_FMT_TXT_CMAP_FORMAT0_TINY
    },
    {
        .range_start = 61, .range_length = 1, .glyph_id_start = 29,
        .unicode_list = NULL, .glyph_id_ofs_list = NULL, .list_length = 0, .type = LV_FONT_FMT_TXT_CMAP_FORMAT0_TINY
    },
    {
        .range_start = 63, .range_length = 31, .glyph_id_start = 30,
        .unicode_list = NULL, .glyph_id_ofs_list = NULL, .list_length = 0, .type = LV_FONT_FMT_TXT_CMAP_FORMAT0_TINY
    },
    {
        .range_start = 95, .range_length = 1, .glyph_id_start = 61,
        .unicode_list = NULL, .glyph_id_ofs_list = NULL, .list_length = 0, .type = LV_FONT_FMT_TXT_CMAP_FORMAT0_TINY
    },
    {
        .range_start = 97, .range_length = 29, .glyph_id_start = 62,
        .unicode_list = NULL, .glyph_id_ofs_list = NULL, .list_length = 0, .type = LV_FONT_FMT_TXT_CMAP_FORMAT0_TINY
    },
    {
        .range_start = 1548, .range_length = 20, .glyph_id_start = 91,
        .unicode_list = unicode_list_5, .glyph_id_ofs_list = NULL, .list_length = 3, .type = LV_FONT_FMT_TXT_CMAP_SPARSE_TINY
    },
    {
        .range_start = 1569, .range_length = 26, .glyph_id_start = 94,
        .unicode_list = NULL, .glyph_id_ofs_list = NULL, .list_length = 0, .type = LV_FONT_FMT_TXT_CMAP_FORMAT0_TINY
    },
    {
        .range_start = 1600, .range_length = 23, .glyph_id_start = 120,
        .unicode_list = NULL, .glyph_id_ofs_list = NULL, .list_length = 0, .type = LV_FONT_FMT_TXT_CMAP_FORMAT0_TINY
    },
    {
        .range_start = 1632, .range_length = 18, .glyph_id_start = 143,
        .unicode_list = NULL, .glyph_id_ofs_list = NULL, .list_length = 0, .type = LV_FONT_FMT_TXT_CMAP_FORMAT0_TINY
    },
    {
        .range_start = 1662, .range_length = 63359, .glyph_id_start = 161,
        .unicode_list = unicode_list_9, .glyph_id_ofs_list = NULL, .list_length = 61, .type = LV_FONT_FMT_TXT_CMAP_SPARSE_TINY
    },
    {
        .range_start = 65152, .range_length = 125, .glyph_id_start = 222,
        .unicode_list = NULL, .glyph_id_ofs_list = NULL, .list_length = 0, .type = LV_FONT_FMT_TXT_CMAP_FORMAT0_TINY
    },
    {
        .range_start = 65279, .range_length = 1, .glyph_id_start = 347,
        .unicode_list = NULL, .glyph_id_ofs_list = NULL, .list_length = 0, .type = LV_FONT_FMT_TXT_CMAP_FORMAT0_TINY
    }
};

/*-----------------
 *    KERNING
 *----------------*/


/*Map glyph_ids to kern left classes*/
static const uint8_t kern_left_class_mapping[] =
{
    0, 1, 1, 1, 1, 1, 1, 1,
    1, 1, 1, 1, 1, 1, 1, 1,
    1, 2, 3, 1, 1, 4, 1, 1,
    5, 4, 4, 1, 1, 1, 1, 1,
    6, 7, 8, 9, 10, 11, 12, 13,
    13, 14, 15, 16, 13, 13, 17, 18,
    19, 20, 21, 22, 23, 24, 25, 26,
    27, 28, 1, 1, 1, 1, 29, 30,
    31, 32, 33, 34, 35, 1, 36, 37,
    38, 39, 1, 1, 40, 40, 32, 41,
    40, 42, 43, 44, 44, 45, 46, 1,
    1, 1, 1, 1, 1, 1, 1, 47,
    47, 48, 49, 1, 47, 1, 1, 1,
    1, 1, 1, 1, 50, 50, 51, 52,
    1, 1, 1, 1, 1, 1, 1, 1,
    1, 1, 1, 1, 1, 1, 1, 1,
    48, 1, 1, 1, 1, 1, 1, 1,
    1, 1, 1, 1, 1, 1, 1, 53,
    1, 1, 1, 1, 53, 1, 1, 53,
    1, 1, 1, 1, 1, 1, 1, 1,
    47, 1, 1, 54, 1, 1, 1, 1,
    1, 1, 1, 55, 1, 56, 57, 58,
    59, 60, 60, 61, 62, 47, 47, 1,
    1, 1, 1, 1, 1, 1, 1, 1,
    1, 1, 1, 54, 54, 1, 1, 1,
    1, 1, 1, 1, 1, 1, 1, 1,
    1, 1, 1, 1, 1, 1, 1, 1,
    1, 1, 1, 1, 1, 1, 1, 47,
    47, 47, 47, 48, 48, 49, 47, 1,
    1, 1, 1, 47, 47, 1, 1, 1,
    1, 1, 1, 1, 1, 1, 1, 1,
    1, 1, 1, 1, 1, 1, 1, 1,
    1, 1, 1, 1, 1, 1, 1, 50,
    50, 50, 50, 51, 51, 52, 52, 1,
    1, 1, 1, 1, 1, 1, 1, 1,
    1, 1, 1, 1, 1, 1, 1, 1,
    1, 1, 1, 1, 1, 1, 1, 1,
    1, 1, 1, 1, 1, 1, 1, 1,
    1, 1, 1, 1, 1, 1, 1, 1,
    1, 1, 1, 1, 1, 1, 1, 1,
    1, 1, 1, 1, 1, 1, 1, 1,
    1, 1, 1, 48, 48, 1, 1, 1,
    1, 1, 1, 63, 63, 63, 63, 63,
    63, 63, 63, 1
};

/*Map glyph_ids to kern right classes*/
static const uint8_t kern_right_class_mapping[] =
{
    0, 0, 0, 0, 0, 0, 0, 0,
    0, 0, 0, 0, 0, 1, 2, 3,
    0, 4, 5, 0, 0, 4, 4, 6,
    7, 0, 8, 0, 0, 0, 0, 0,
    9, 10, 11, 12, 13, 14, 15, 13,
    13, 16, 17, 18, 13, 13, 19, 20,
    21, 22, 23, 24, 25, 26, 27, 28,
    29, 30, 0, 0, 0, 0, 31, 32,
    33, 34, 35, 36, 34, 37, 38, 39,
    37, 37, 40, 40, 41, 42, 34, 43,
    34, 44, 34, 45, 45, 46, 47, 48,
    0, 0, 0, 0, 0, 0, 0, 49,
    49, 0, 50, 0, 49, 51, 51, 51,
    51, 0, 0, 0, 52, 52, 0, 0,
    51, 51, 51, 51, 51, 51, 53, 54,
    0, 51, 55, 49, 56, 51, 55, 51,
    0, 0, 0, 0, 0, 0, 0, 0,
    0, 0, 0, 0, 0, 0, 0, 0,
    0, 0, 0, 0, 0, 57, 0, 0,
    0, 0, 0, 0, 0, 0, 0, 0,
    58, 51, 0, 59, 0, 51, 60, 60,
    0, 51, 0, 61, 0, 0, 0, 0,
    62, 63, 64, 65, 66, 58, 0, 51,
    0, 0, 0, 51, 0, 51, 0, 0,
    0, 51, 0, 59, 0, 60, 0, 60,
    0, 60, 0, 60, 0, 0, 51, 0,
    0, 0, 0, 0, 0, 0, 0, 0,
    0, 0, 0, 0, 0, 0, 0, 49,
    0, 49, 0, 0, 0, 50, 0, 0,
    0, 51, 0, 49, 0, 51, 0, 67,
    0, 51, 0, 51, 0, 68, 0, 51,
    0, 69, 0, 0, 0, 51, 0, 0,
    0, 51, 0, 0, 0, 51, 0, 52,
    0, 52, 0, 0, 0, 0, 0, 51,
    0, 51, 0, 51, 0, 51, 0, 51,
    0, 51, 0, 51, 0, 51, 0, 51,
    0, 51, 0, 51, 0, 51, 0, 53,
    0, 70, 0, 54, 0, 70, 0, 51,
    0, 51, 0, 55, 0, 51, 0, 49,
    0, 60, 0, 56, 0, 71, 0, 51,
    0, 51, 0, 55, 0, 51, 0, 51,
    0, 51, 0, 0, 0, 0, 0, 0,
    0, 0, 0, 49, 0, 49, 0, 49,
    0, 49, 0, 0
};

/*Kern values between classes*/
static const int8_t kern_class_values[] =
{
    0, 0, 0, 0, 0, 0, 0, 0,
    0, 0, 0, 0, 0, 0, 0, 0,
    0, 0, 0, 0, 0, 0, 0, 0,
    0, 0, 0, 0, 0, 0, 0, 0,
    0, 0, 0, 0, 0, 0, 0, 0,
    0, 0, 0, 0, 0, 0, 0, 0,
    12, 12, 0, 0, -25, -25, -13, 12,
    0, 12, 8, 8, 0, 0, 0, 0,
    0, 0, 0, 0, 12, -17, 0, 0,
    0, 0, 0, 0, 0, 0, -7, 0,
    0, 0, 0, 0, 0, 0, 0, 0,
    0, 0, 0, 0, 0, 0, 0, 0,
    0, 0, 0, 0, 0, 0, 0, 0,
    0, 0, 0, 0, 0, 0, 0, 0,
    0, 0, 0, 0, 0, 0, 0, 12,
    12, 0, 0, -25, -25, -13, 12, 0,
    12, 8, 8, 0, 0, 0, 0, 0,
    0, 0, 0, 12, -17, 0, 0, 0,
    0, 7, 3, 3, 3, 0, 0, 0,
    0, 0, 0, 0, 0, 0, 0, 0,
    0, 0, 0, 0, 0, 0, 0, 0,
    0, 0, 0, 0, 0, 0, 0, 0,
    0, 0, 0, 0, 0, 0, 0, 0,
    0, 0, 0, 0, 0, 0, 12, 12,
    0, 0, -25, -25, -13, 12, 0, 12,
    8, 8, 0, 0, 0, 0, 0, 0,
    0, 0, 12, -17, 0, 0, 0, 0,
    0, 0, 0, -2, 0, 0, 0, 0,
    0, 0, 0, 0, 0, 0, 0, 0,
    0, 0, 0, 0, 0, 0, 0, 0,
    0, 0, 0, 0, 0, 0, 0, 0,
    0, 0, 0, 0, 0, 0, 0, 0,
    0, 0, 0, 0, 0, 12, 12, 0,
    0, -25, -25, -13, 12, 0, 12, 8,
    8, 0, 0, 0, 0, 0, 0, 0,
    0, 12, -17, 0, -10, 0, -13, 0,
    3, 0, 9, 0, 0, 0, 0, 0,
    0, 0, 0, 0, 0, 0, 0, 0,
    0, 0, 0, 0, 0, 0, 0, 0,
    0, 0, 0, 0, 0, 0, 0, 0,
    0, 0, 0, 0, 0, 0, 0, 0,
    0, 0, 0, 0, 12, 12, 0, 0,
    -25, -25, -13, 12, 0, 12, 8, 8,
    0, 0, 0, 0, 0, 0, 0, 0,
    12, -17, 0, 0, 0, 0, 0, 0,
    0, 0, 0, 5, -3, -8, 0, 0,
    0, -8, -7, 0, 0, -8, 0, -8,
    0, -8, -3, -8, -31, -3, 0, -3,
    9, -3, 0, -3, -3, -3, 0, 0,
    0, 0, 0, -3, 0, 0, 0, -31,
    13, -2, 0, 0, 0, 0, 0, 0,
    0, 0, 0, 0, 0, 0, 0, 0,
    0, 0, 0, 0, 0, 0, 0, 0,
    0, 0, 0, 0, 0, 0, 0, 0,
    0, 0, -7, -2, -2, -2, -2, -2,
    -2, -4, -2, -2, -2, -2, -2, -2,
    -2, 0, -2, -10, -10, -10, -8, 0,
    -2, -2, -2, -2, -2, 0, -2, 0,
    0, 0, -2, -2, 0, 0, -10, 0,
    0, 0, 0, 0, 0, 0, 0, 0,
    0, 0, 0, 0, 0, 0, 0, 0,
    0, 0, 0, 0, 0, 0, 0, 0,
    0, 0, 0, 0, 0, 0, 0, 0,
    0, -8, -2, 7, -2, -2, -2, 7,
    7, -2, -2, 3, -2, 3, -2, 7,
    -4, 3, 7, 7, 0, -8, 8, 7,
    -2, 7, 7, 7, 0, -2, -2, -2,
    0, 7, -2, 0, 0, 7, 7, 7,
    7, 0, 0, 0, 0, 0, 0, 0,
    0, 0, 0, 0, 0, 0, 0, 0,
    0, 0, 0, 0, 0, 0, 0, 0,
    0, 0, 0, 0, 0, 0, 0, 0,
    -8, -2, 7, -2, -2, -2, 7, 2,
    -2, -2, 3, -2, 3, -2, 7, -4,
    3, 7, 7, 0, -8, 8, 7, -2,
    7, 7, 7, 0, -2, -2, -2, 0,
    7, -2, 0, 0, 7, 7, 7, 7,
    0, 0, 0, 0, 0, 0, 0, 0,
    0, 0, 0, 0, 0, 0, 0, 0,
    0, 0, 0, 0, 0, 0, 0, 0,
    0, 0, 0, 0, 0, 0, 0, 0,
    -2, 5, -2, -2, -2, 5, -13, -2,
    -2, 5, -2, 5, -2, 5, 8, 5,
    5, 5, 0, 0, 7, -2, -2, -2,
    -2, -2, 0, -2, 0, 0, 0, -2,
    -2, 0, 0, 5, 7, 5, 0, 0,
    0, 0, 0, 0, 0, 0, 0, 0,
    0, 0, 0, 0, 0, 0, 0, 0,
    0, 0, 0, 0, 0, 0, -17, 0,
    0, 0, 0, 0, 0, 0, -20, -2,
    -3, -2, -2, -2, -3, -34, -2, -2,
    -3, -2, -3, -2, -3, 8, -3, 0,
    0, 8, 0, 8, -7, 0, 0, 0,
    0, 0, 0, 0, 0, -3, 0, 0,
    0, 0, 0, 0, 0, 0, 0, 0,
    0, 0, 0, 0, 0, 0, 0, 0,
    0, 0, 0, 0, 0, 0, 0, 0,
    0, 0, 0, 0, 0, 0, 0, 0,
    0, 0, 0, 0, 0, -8, -2, 7,
    -2, -2, -2, 7, -2, -13, -2, 3,
    -2, 3, -2, 7, -8, 3, 7, 7,
    0, -8, 8, 7, -2, 7, 7, 7,
    0, -2, -2, -2, 0, 7, -2, 0,
    0, 7, 7, 7, 7, 0, 0, 0,
    0, 0, 0, 0, 0, 0, 0, 0,
    0, 0, 0, 0, 0, 0, 0, 0,
    0, 0, 0, 0, 0, 0, 0, 0,
    0, 0, 0, 0, 0, 8, -2, 8,
    8, 8, -2, -2, 8, 8, 2, 8,
    -2, 8, -2, 0, -2, 0, 0, 0,
    0, 0, 0, 0, 0, 0, 0, 0,
    0, 0, 0, 0, 0, 0, 0, 0,
    0, 0, 0, 0, 0, 0, 0, 0,
    0, 0, 0, 0, 0, 0, 0, 0,
    0, 0, 0, 0, 0, 0, 0, 0,
    0, 0, 0, 0, 0, 0, 0, 0,
    0, 0, 0, -8, -2, 7, -2, -2,
    -3, 7, -2, -2, -2, 3, -5, 3,
    -2, 7, 0, 3, 0, 0, 0, 0,
    8, 7, -2, 7, 7, 7, 0, -2,
    -2, -2, 0, 7, -2, 0, 0, 0,
    7, 7, 7, 0, 0, 0, 0, 0,
    0, 0, 0, 0, 0, 0, 0, 0,
    0, 0, 0, 0, 0, 0, 0, 0,
    0, 0, 0, -17, 0, 0, 0, 0,
    0, 0, 5, 0, -15, 0, 0, 0,
    -15, -12, 0, 0, -15, 0, -15, 0,
    -15, 0, -2, 0, 0, 13, 0, 6,
    0, 0, 0, 0, 0, 0, 0, 0,
    0, 0, 0, 0, 0, 0, 0, 0,
    0, 0, 0, 0, 0, 0, 0, 0,
    0, 0, 0, 0, 0, 0, 0, 0,
    0, 0, 0, 0, 0, 0, 0, 0,
    0, 0, 0, 0, 0, 0, 0, 0,
    0, 5, 0, -5, 0, 0, 0, -5,
    -2, 0, 0, -5, 0, -5, 0, -5,
    -21, -5, -31, -31, 0, -38, 9, -3,
    0, -3, -3, -3, 0, 0, 0, 0,
    0, -3, 0, 0, 0, -31, 0, -2,
    0, 0, 0, 0, 0, 0, 0, 0,
    0, 0, 0, 0, 0, 0, 0, 0,
    0, 0, 0, 0, 0, 0, 0, 0,
    0, 0, 0, 0, 0, 0, 0, 0,
    -8, -2, 7, -2, -2, -2, 7, -2,
    -3, -2, 3, -2, 3, -2, 7, -4,
    3, 7, 7, 0, -8, 8, 7, -2,
    7, 7, 7, 0, -2, -2, -2, 0,
    7, -2, 0, 0, 7, 7, 7, 7,
    0, 0, 0, 0, 0, 0, 0, 0,
    0, 0, 0, 0, 0, 0, 0, 0,
    0, 0, 0, 0, 0, 0, 0, -17,
    0, 0, 0, 0, 0, 0, 0, -20,
    0, -2, 0, 0, 0, -2, -17, 0,
    0, -2, 0, -2, -2, -2, 0, -2,
    -5, -5, 0, -7, 8, 0, 0, 0,
    0, 0, 0, 0, 0, 0, 0, 0,
    0, 0, 2, -5, 0, 0, 0, 0,
    0, 0, 0, 0, 0, 0, 0, 0,
    0, 0, 0, 0, 0, 0, 0, 0,
    0, 0, 0, 0, 0, 0, 10, 0,
    0, 0, 0, 0, 0, 0, -2, 0,
    -2, 0, 0, 0, -2, 0, 0, 0,
    -2, 0, -2, 0, -2, -8, -2, 0,
    0, 0, -13, 7, 0, 0, 0, 0,
    0, 0, 0, 0, 0, 0, 0, 0,
    0, 0, 0, 0, 0, 0, 0, 0,
    0, 0, 0, 0, 0, 0, 0, 0,
    0, 0, 0, 0, 0, 0, 0, 0,
    0, 0, 0, 0, 0, 0, 0, 0,
    0, 0, 0, 0, 0, 0, 0, 0,
    0, 0, 0, 0, -17, 0, 0, 0,
    0, 0, 0, 0, 0, 0, -7, -7,
    0, -10, 0, 0, 0, 0, 0, 0,
    0, 0, -3, 0, 0, 0, 0, 0,
    0, -7, 0, 0, 0, 0, 0, 0,
    0, 0, 0, 0, 0, 0, 0, 0,
    0, 0, 0, 0, 0, 0, 0, 0,
    0, 0, 0, 0, 0, 0, 0, 0,
    0, 0, 0, 0, -8, -2, 0, -2,
    -2, -2, 7, -2, -2, -2, 3, -2,
    3, -2, 7, -4, 3, 7, 7, 0,
    -8, 8, 7, -2, 7, 7, 7, 0,
    -2, -2, -2, 0, 7, -2, 0, 0,
    7, 7, 7, 7, 0, 0, 0, 0,
    0, 0, 0, 0, 0, 0, 0, 0,
    0, 0, 0, 0, 0, 0, 0, 0,
    0, 0, 0, -17, 0, 0, 0, 0,
    0, 0, 0, -3, 0, -4, 0, 0,
    8, -8, -34, 0, -8, -4, 0, -4,
    -2, -4, 8, -4, 13, 13, 8, 13,
    8, -20, 0, -20, -20, -20, 0, 0,
    0, 0, -3, -20, 0, 0, 0, 0,
    0, 0, 0, 0, 0, 0, 0, 0,
    0, 0, 0, 0, 0, 0, 0, 0,
    0, 0, 0, 0, 0, 0, 0, 0,
    0, 0, 0, 0, 0, 0, 0, 0,
    0, 0, -8, -2, 7, -2, -2, -2,
    7, -2, -2, -2, 3, -2, 3, -2,
    7, -4, 3, 7, 7, 0, -8, 8,
    7, -2, 7, 7, 7, 0, -2, -2,
    -2, 0, 7, -2, 0, 0, 7, 7,
    7, 7, 0, 0, 0, 0, 0, 0,
    0, 0, 0, 0, 0, 0, 0, 0,
    0, 0, 0, 0, 0, 0, 0, 0,
    0, -17, 0, 0, 0, 0, 0, 0,
    0, -3, -8, -7, -2, -2, -2, -7,
    -19, -2, 0, -7, -2, -7, -13, -4,
    13, -7, 4, 4, 8, 8, 8, -11,
    0, -11, -11, -11, 0, 0, 0, 0,
    0, -11, -3, 0, 0, 4, 0, 0,
    0, 0, 0, 0, 0, 0, 0, 0,
    0, 0, 0, 0, 0, 0, 0, 0,
    0, 0, 0, 0, 0, 0, 0, 0,
    -17, 0, 0, 0, 0, 0, 0, 0,
    -3, -8, -7, -2, -2, -2, -7, -19,
    -2, 0, -7, -2, -7, -13, -4, 13,
    -7, 4, 4, 8, 21, 8, -11, 0,
    -11, -11, -11, 0, 0, 0, 0, 0,
    -11, -3, 0, 0, 4, 0, 0, 0,
    0, 0, 0, 0, 0, 0, 0, 0,
    0, 0, 0, 0, 0, 0, 0, 0,
    0, 0, 0, 0, 0, 0, 0, 0,
    -10, 0, 0, 0, 0, 0, 0, 5,
    0, -7, 0, 0, 0, -7, -7, 8,
    0, -7, 0, -7, 0, -7, 8, 0,
    8, 8, 8, 0, 17, 0, 0, 0,
    0, 0, 0, 0, 0, 0, 0, 0,
    0, 0, 0, 8, 0, 0, 0, 0,
    0, 0, 0, 0, 0, 0, 0, 0,
    0, 0, 0, 0, 0, 0, 0, 0,
    0, 0, 0, 0, 0, 0, -17, 0,
    0, 0, 0, 0, 0, 0, -36, 0,
    -8, -8, 0, 0, -10, -34, 0, 0,
    -8, 0, -15, -13, -10, 13, -10, 8,
    21, 8, 0, 8, -20, 0, -20, -20,
    -20, 0, 0, 0, -10, -3, -20, 0,
    0, 0, 8, 0, 0, 0, 0, 0,
    0, 0, 0, 0, 0, 0, 0, 0,
    0, 0, 0, 0, 0, 0, 0, 0,
    0, 0, 0, 0, 0, 10, 0, 0,
    0, 0, 0, 0, 0, 9, 3, 0,
    3, 3, 3, 0, 0, 3, 8, 0,
    3, 0, 3, 0, 8, 0, 9, 9,
    10, 8, 17, 0, 0, 0, 0, 0,
    0, 0, 0, 0, 0, 0, 0, 0,
    0, 9, 7, 0, 7, 0, 0, 0,
    0, 0, 0, 0, 0, 0, 0, 0,
    0, 0, 0, 0, 0, 0, 0, 0,
    0, 0, 0, 0, 0, 0, 0, 0,
    0, 0, 0, 0, 0, 0, 0, 0,
    0, 0, 0, 0, 0, 0, 0, 0,
    0, 0, 0, 0, 0, -3, -3, 0,
    0, 0, -1, -2, -1, -1, -1, -4,
    -2, 2, -8, 0, -1, -2, 9, 0,
    -3, -7, -1, 3, 0, 0, 0, 0,
    0, 0, 0, 0, 0, 0, 0, 0,
    0, 0, 0, 0, 0, 0, 0, 0,
    0, 0, 0, 0, 0, 0, 0, 0,
    0, 0, 0, 0, 0, 0, 0, 0,
    0, 0, 0, 0, 0, 0, 0, 0,
    0, 0, 0, 0, 0, 0, 0, 0,
    0, 0, -2, 0, 0, 0, 0, -2,
    0, -2, 0, 0, -2, 0, -1, 0,
    -3, -3, 0, 0, 0, 0, 0, 0,
    0, 0, 0, 0, 0, 0, 0, 0,
    0, 0, 0, 0, 0, 0, 0, 0,
    0, 0, 0, 0, 0, 0, 0, 0,
    0, 0, 0, 0, 0, 0, 0, 0,
    0, 0, 0, 0, 0, 0, 0, 0,
    0, 0, 0, -4, -4, 0, 0, 0,
    -1, -2, -1, -1, -1, 0, -2, 2,
    -10, 0, -1, -2, 7, 0, -4, -7,
    -1, 3, 0, 0, 0, 0, 0, 0,
    0, 0, 0, 0, 0, 0, 0, 0,
    0, 0, 0, 0, 0, 0, 0, 0,
    0, 0, 0, 0, 0, 0, 0, 0,
    0, 0, 0, 0, 0, 0, 0, 0,
    0, 0, 0, 0, 0, 0, 0, 0,
    0, 0, 0, 0, 0, 0, 0, -2,
    -2, -2, -2, -2, 0, -2, -2, -2,
    0, -2, -2, 0, 0, 0, 0, 0,
    0, 0, 0, 0, 0, 0, 0, 0,
    0, 0, 0, 0, 0, 0, 0, 0,
    0, 0, 0, 0, 0, 0, 0, 0,
    0, 0, 0, 0, 0, 0, 0, 0,
    0, 0, 0, 0, 0, 0, 0, 0,
    0, 0, 0, 0, 0, 0, 0, 0,
    0, -4, -4, 0, 0, 0, -1, -2,
    -1, -1, -1, 0, -2, 2, -10, 0,
    -1, -2, 7, 0, -4, -7, -4, 3,
    0, 0, 0, 0, 0, 0, 0, 0,
    0, 0, 0, 0, 0, 0, 0, 0,
    0, 0, 0, 0, 0, 0, 0, 0,
    0, -10, 0, 0, 0, 0, 0, 0,
    0, 0, 0, 0, 0, 0, 0, 0,
    0, 0, 0, 0, 0, 0, 0, 0,
    0, 0, 0, 0, 0, -1, 0, -1,
    -1, -1, 0, 0, 0, 0, 0, -1,
    0, 0, 8, 0, 0, 0, 0, 0,
    0, 0, 0, 0, 0, 0, 0, 0,
    0, 0, 0, 0, 0, 0, 0, 0,
    0, 0, 0, 0, 0, 0, 0, 0,
    0, 0, 0, 0, 0, 0, 0, 0,
    0, 0, 0, 0, 0, 0, 0, 0,
    0, 0, 0, 0, 0, 0, 0, 0,
    0, 0, 0, 0, 7, -2, 7, 7,
    7, 0, -2, -2, 0, 0, 7, -2,
    0, 0, 0, 0, 0, 0, 0, 0,
    0, 0, 0, 0, 0, 0, 0, 0,
    0, 0, 0, 0, 0, 0, 0, 0,
    0, 0, 0, 0, 0, 0, 0, 0,
    0, 0, 0, 0, 0, 0, 0, 0,
    0, 0, 0, 0, 0, 0, 0, 0,
    0, 0, 0, 0, 0, 0, 0, 0,
    0, 0, 0, -2, 0, -2, -2, -2,
    0, 0, 0, 0, 0, -2, 0, 0,
    0, 0, 0, 0, 0, 0, 0, 0,
    0, 0, 0, 0, 0, 0, 0, 0,
    0, 0, 0, 0, 0, 0, 0, 0,
    0, 0, 0, 0, 0, 0, 0, 0,
    0, 0, 0, 0, 0, 0, 0, 0,
    0, 0, 0, 0, 0, 0, 0, 0,
    0, 0, 0, 0, 0, 0, 0, 0,
    0, 0, -1, -4, -2, -2, -2, 0,
    -2, -2, -2, 0, -2, -2, 0, 0,
    0, 0, 0, 0, 0, 0, 0, 0,
    0, 0, 0, 0, 0, 0, 0, 0,
    0, 0, 0, 0, 0, 0, 0, 0,
    0, 0, 0, 0, -17, 0, 0, 0,
    0, 0, 0, 0, 0, 0, 0, 0,
    0, 0, 0, 0, 0, 0, 0, 0,
    0, 0, 0, 0, 0, 0, 0, 0,
    0, -8, 0, -11, -8, -8, 0, 0,
    0, 0, 0, -11, 0, 0, 0, 0,
    0, 0, 0, 0, 0, 0, 0, 0,
    0, 0, 0, 0, 0, 0, 0, 0,
    0, 0, 0, 0, 0, 0, 0, 0,
    0, 0, 0, 0, 0, 0, 0, 0,
    0, 0, 0, 0, 0, 0, 0, 0,
    0, 0, 0, 0, 0, 0, 0, 0,
    0, 0, 0, 0, 0, 0, 0, 0,
    0, 0, 0, 0, 0, 0, 0, 0,
    0, 7, 0, 0, 0, 0, 0, 0,
    0, 0, 0, 0, 0, 0, 0, 0,
    0, 0, 0, 0, 0, 0, 0, 0,
    0, 0, 0, 0, 0, 0, 0, 0,
    0, 0, 0, 0, 0, 0, 0, 0,
    0, 0, 0, 0, 0, 0, 0, 0,
    0, 0, 0, 0, 0, 0, 0, 0,
    0, 0, -3, -3, 0, 0, 0, -1,
    -2, -1, -1, -1, 0, -2, 2, -10,
    0, -1, -2, 7, 0, -3, -7, -1,
    3, 0, 0, 0, 0, 0, 0, 0,
    0, 0, 0, 0, 0, 0, 0, 0,
    0, 0, 0, 0, 0, 0, 0, 0,
    0, 0, 0, 0, 0, 0, 0, 0,
    0, 0, 0, 0, 0, 0, 0, 0,
    0, 0, 0, 0, 0, 0, 0, 0,
    0, 0, 0, 0, 0, 0, -1, -4,
    -1, -1, -1, 0, -4, 0, -7, 0,
    -1, -4, 0, 0, 0, 0, 0, 0,
    0, 0, 0, 0, 0, 0, 0, 0,
    0, 0, 0, 0, 0, 0, 0, 0,
    0, 0, 0, 0, 0, 0, 0, 0,
    0, 0, 0, 0, 0, 0, 0, 0,
    0, 0, 0, 0, 0, 0, 0, 0,
    0, 0, 0, 0, 0, 0, 0, 0,
    0, 0, 0, 0, 0, 0, 0, 0,
    0, 0, 0, 0, 0, 0, 0, 0,
    0, 0, 0, 0, 2, 0, 0, 12,
    12, 0, 0, -25, -25, -13, 12, 0,
    12, 8, 8, 0, 0, 0, 0, 0,
    0, 0, 0, 12, -17, 0, 0, 0,
    0, 0, 0, 0, 0, 0, 0, 0,
    0, 0, 0, 0, 0, 0, 0, 0,
    0, 0, 0, 0, 0, 0, 0, 0,
    0, 0, 0, 0, 0, 0, 0, 0,
    0, 0, 0, 0, 0, 0, 0, 0,
    0, 0, 0, 1, 0, 0, 12, 12,
    0, 0, -25, -25, -13, 12, 0, 12,
    8, 8, 0, 0, 0, 0, 0, 0,
    0, 0, 12, -17, 0, 0, 0, 0,
    0, 0, 0, 0, 0, 0, 0, 0,
    0, 0, 0, 0, 0, 0, 0, 0,
    0, 0, 0, 0, 0, 0, 4, 4,
    0, 0, 0, -4, 0, -8, -4, -4,
    0, 0, 0, -10, 0, -4, 0, 0,
    0, 4, 3, 4, 0, 0, 0, 0,
    0, 0, 0, 0, 0, 0, 0, 0,
    0, 0, 0, 0, 0, 0, 0, 0,
    0, 0, 0, 0, 0, -10, 0, 0,
    0, 0, 0, 0, 0, 0, 0, 0,
    0, 0, 0, 0, 0, 0, 0, 0,
    0, 0, 0, 0, 0, 3, 3, 0,
    0, 0, 0, 0, -7, 0, 0, 0,
    0, 0, 0, 0, 0, 0, 0, 0,
    3, 8, 0, 0, 0, 0, 0, 0,
    0, 0, 0, 0, 0, 0, 0, 0,
    0, 0, 0, 0, 0, 0, 0, 0,
    0, 0, 0, 0, 0, 0, 0, 0,
    0, 0, 0, 0, 0, 0, 0, 0,
    0, 0, 0, 0, 0, 0, 0, 0,
    0, 0, 0, 0, 4, 4, 0, 0,
    0, -3, 0, -7, -3, -4, 0, 0,
    0, 0, 0, -3, 0, 0, 0, 4,
    0, 0, 0, 0, 0, 0, 0, 0,
    0, 0, 0, 0, 0, 0, 0, 0,
    0, 0, 0, 0, 0, 0, 0, 0,
    0, 0, 0, 0, 0, 0, 0, 0,
    0, 0, 0, 0, 0, 0, 0, 0,
    0, 0, 0, 0, 0, 0, 0, 0,
    0, 0, 0, 0, 0, 0, 0, 0,
    0, 0, 0, 0, 0, 0, 0, 0,
    0, 0, 0, 0, 0, 0, 0, 0,
    0, 0, 12, 12, 0, 0, -25, -21,
    -13, 12, 0, 12, 8, 8, 0, 0,
    0, 0, 0, 0, 0, 0, 12, -17,
    0, 0, 0, 0, 0, 0, 0, 0,
    0, 0, 0, 0, 0, 0, 0, 0,
    0, 0, 0, 0, 0, 0, 0, 0,
    0, 0, 0, 0, 0, 0, 0, 0,
    0, 0, 0, 0, 0, 0, 0, 0,
    0, 0, 0, 0, 0, 0, 0, 0,
    0, 8, 8, 0, 0, 0, 0, 0,
    11, 0, 8, 8, -13, 0, 0, 0,
    0, 0, 0, 0, 0, 12, 0, 0,
    0, 0, 0, 0, 0, 0, 0, 0,
    0, 0, 0, 0, 0, 0, 0, 0,
    0, 0, 0, 0, 0, 0, 0, 0,
    0, 0, 0, 0, 0, 0, 0, 0,
    0, 0, 0, 0, 0, 0, 0, 0,
    0, 0, 0, 0, 0, 0, 0, 0,
    12, 12, -1, 0, -25, -21, -13, 12,
    0, 12, 8, 8, 0, 0, 0, 0,
    0, 0, 0, -1, 12, -17, 0, 0,
    0, 0, 0, 0, 0, 0, 0, 0,
    0, 0, 0, 0, 0, 0, 0, 0,
    0, 0, 0, 0, 0, 0, 0, 0,
    0, 0, 0, 0, 0, 0, 0, 0,
    0, 0, 0, 0, 0, 0, 0, 0,
    0, 0, 0, 0, 0, 0, 0, 8,
    8, 0, 0, 0, 0, 0, 11, 0,
    8, 8, -17, 0, 0, 0, 0, 0,
    0, 0, 0, 12, 0, 0, 0, 0,
    0, 0, 0, 0, 0, 0, 0, 0,
    0, 0, 0, 0, 0, 0, 0, 0,
    0, 0, 0, 0, 0, 0, 0, 0,
    0, 0, 0, 0, 0, 0, 0, 0,
    0, 0, 0, 0, 0, 0, 0, 0,
    0, 0, 0, 0, 0, 0, -13, 10,
    -15, -21, 0, 0, 0, 11, 0, -14,
    8, -21, 0, 0, 0, 0, 0, 0,
    -13, -15, 12, 0, -17, 0, 0, 0,
    0, 0, 0, 0, 0, 0, 0, 0,
    0, 0, 0, 0, 0, 0, 0, 0,
    0, 0, 0, 0, 0, 0, 0, 0,
    0, 0, 0, 0, 0, 0, 0, 0,
    0, 0, 0, 0, 0, 0, 0, 0,
    0, 0, 0, 0, 0, -12, -5, -12,
    -17, 0, 0, 0, 11, 0, -16, 8,
    -13, 0, 0, 0, 0, 0, 0, -13,
    -8, 12, 0, 0, 0, 0, 0, 0,
    0, 0, 0, 0, 0, 0, 0, 0,
    0, 0, 0, 0, 0, 0, 0, 0,
    0, 0, 0, 0, 0, 0, 0, 0,
    0, 0, 0, 0, 0, 0, 0, 0,
    0, 0, 0, 0, 0, 0, 0, 0,
    0, 0, 0, 0, 12, 12, 0, 0,
    -25, -25, -13, 12, -17, 12, 8, 8,
    0, 0, 0, 0, 0, 0, 0, 0,
    12, -17, 0, 0, 0, 0, 0, 0,
    0, 0, 0, 0, 0, 0, 0, 0,
    0, 0, 0, 0, 0, 0, 0, 0,
    0, 0, 0, 0, 0, 0, 0, 0,
    0, 0, 0, 0, 0, 0, 0, 0,
    0, 0, 0, 0, 0, 0, 0, 0,
    0, 0, 0, 8, 15, 0, -13, 0,
    0, 0, 11, 0, 8, 25, 0, 0,
    0, 0, 0, 0, 0, 0, 0, 8,
    0, 0, 0, 0, 0, 0, 0, 0,
    0, 0, 0, 0, 0, 0, 0, 0,
    0, 0, 0, 0, 0, 0, 0, 0,
    0, 0, 0, 0, 0, 0, 0, 0,
    0, 0, 0, 0, 0, 0, 0, 0,
    0, 0, 0, 0, 0, 0, 0, 0,
    0, 0, 12, 12, 0, 0, -25, -25,
    -13, 12, 0, 12, 8, 8, 0, 0,
    0, -21, 0, 0, 0, 0, 12, -17,
    0, 0, 0, 0, 0, 0, 0, 0,
    0, 0, 0, 0, 0, 0, 0, 0,
    0, 0, 0, 0, 0, 0, 0, 0,
    0, 0, 0, 0, 0, 0, 0, 0,
    0, 0, 0, 0, 0, 0, 0, 0,
    0, 0, 0, 0, 0, 0, 0, 0,
    0, 12, 12, 0, 0, -25, -25, -13,
    12, 0, 12, 8, 8, 0, -21, 0,
    0, -21, 0, 0, 0, 12, -17, 0,
    0, 0, 0, 0, 0, 0, 0, 0,
    0, 0, 0, 0, 0, 0, 0, 0,
    0, 0, 0, 0, 0, 0, 0, 0,
    0, 0, 0, 0, 0, 0, 0, 0,
    0, 0, 0, 0, 0, 0, 0, 0,
    0, 0, 0, 0, 0, 0, 0, 0,
    12, 12, 0, 0, -25, -25, -13, 12,
    0, 12, 8, 8, -21, -21, 0, 0,
    -21, 0, 0, 0, 12, -17, 0, 0,
    0, 0, 0, 0, 0, 0, 0, 0,
    0, 0, 0, 0, 0, 0, 0, 0,
    0, 0, 0, 0, 0, 0, 0, 0,
    0, 0, 0, 0, 0, 0, 0, 0,
    0, 0, 0, 0, 0, 0, 0, 0,
    0, 0, 0, 0, 0, 0, 0, 12,
    12, 0, 0, -25, -25, -13, 12, 0,
    12, 8, 8, -17, -21, 0, 0, -21,
    0, 0, 0, 12, -17, 0, 0, 0,
    0, 0, 0, 0, 0, 0, 0, 0,
    0, 0, 0, 0, 0, 0, 0, 0,
    0, 0, 0, 0, 0, 0, 0, 0,
    0, 0, 0, 0, 0, 0, 0, 0,
    0, 0, 0, 0, 0, 0, 0, 0,
    0, 0, 0, 0, 0, 0, 12, 12,
    0, 0, -25, -25, -13, 12, 0, 12,
    8, 8, 0, 0, -17, -34, -17, -30,
    0, 0, 12, -17, 0, 0, 0, 0,
    0, 0, 0, 0, 0, 0, 0, 0,
    0, 0, 0, 0, 0, 0, 0, 0,
    0, 0, 0, 0, 0, 0, 0, 0,
    0, 0, 0, 0, 0, 0, 0, 0,
    0, 0, 0, 0, 0, 0, 0, 0,
    0, 0, 0, 0, 0, 12, 12, 0,
    0, -25, -25, -13, 12, 0, 12, 8,
    8, -21, -34, 0, 0, -21, -17, 0,
    0, 12, -17, 0, 0, 0, 0, 0,
    0, 0, 0, 0, 0, 0, 0, 0,
    0, 0, 0, 0, 0, 0, 0, 0,
    0, 0, 0, 0, 0, 0, 0, 0,
    0, 0, 0, 0, 0, 0, 0, 0,
    0, 0, 0, 0, 0, 0, 0, 0,
    0, 0, 0, 0, 12, 12, 0, 0,
    -25, -25, -13, 12, 0, 12, 8, 8,
    0, -17, -21, -21, 0, -30, 0, 0,
    12, -17, 0, 0, 0, 0, 0, 0,
    0, 0, 0, 0, 0, 0, 0, 0,
    0, 0, 0, 0, 0, 0, 0, 0,
    0, 0, 0, 0, 0, 0, 0, 0,
    0, 0, 0, 0, 0, 0, 0, 0,
    0, 0, 0, 0, 0, 0, 0, 0,
    0, 0, 0, 12, 12, 0, 0, -25,
    -25, -13, 12, 0, 12, 8, 8, 0,
    0, 0, -13, 0, 0, 0, 0, 12,
    -17, 0, 0, 0, 0, 0, 0, 0,
    0, 0, 0, 0, 0, 0, 0, 0,
    0, 0, 0, 0, 0, 0, 0, 0,
    0, 0, 0, 0, 0, 0, 0, 0,
    0, 0, 0, 0, 0, 0, 0, 0,
    0, 0, 0, 0, 0, 0, 0, 0,
    0, 0, 12, 12, 0, 0, -25, -25,
    -13, 12, 0, 12, 8, 8, 0, 0,
    0, 0, 0, 0, 0, 12, 12, -17,
    0
};


/*Collect the kern class' data in one place*/
static const lv_font_fmt_txt_kern_classes_t kern_classes =
{
    .class_pair_values   = kern_class_values,
    .left_class_mapping  = kern_left_class_mapping,
    .right_class_mapping = kern_right_class_mapping,
    .left_class_cnt      = 63,
    .right_class_cnt     = 71,
};

/*--------------------
 *  ALL CUSTOM DATA
 *--------------------*/

#if LVGL_VERSION_MAJOR == 8
/*Store all the custom data of the font*/
static  lv_font_fmt_txt_glyph_cache_t cache;
#endif

#if LVGL_VERSION_MAJOR >= 8
static const lv_font_fmt_txt_dsc_t font_dsc = {
#else
static lv_font_fmt_txt_dsc_t font_dsc = {
#endif
    .glyph_bitmap = glyph_bitmap,
    .glyph_dsc = glyph_dsc,
    .cmaps = cmaps,
    .kern_dsc = &kern_classes,
    .kern_scale = 16,
    .cmap_num = 12,
    .bpp = 4,
    .kern_classes = 1,
    .bitmap_format = 0,
#if LVGL_VERSION_MAJOR == 8
    .cache = &cache
#endif
};

extern const lv_font_t my_font_24;


/*-----------------
 *  PUBLIC FONT
 *----------------*/

/*Initialize a public general font descriptor*/
#if LVGL_VERSION_MAJOR >= 8
const lv_font_t my_font_24 = {
#else
lv_font_t my_font_24 = {
#endif
    .get_glyph_dsc = lv_font_get_glyph_dsc_fmt_txt,    /*Function pointer to get glyph's data*/
    .get_glyph_bitmap = lv_font_get_bitmap_fmt_txt,    /*Function pointer to get glyph's bitmap*/
    .line_height = 38,          /*The maximum line height required by the font*/
    .base_line = 12,             /*Baseline measured from the bottom of the line*/
#if !(LVGL_VERSION_MAJOR == 6 && LVGL_VERSION_MINOR == 0)
    .subpx = LV_FONT_SUBPX_NONE,
#endif
#if LV_VERSION_CHECK(7, 4, 0) || LVGL_VERSION_MAJOR >= 8
    .underline_position = -6,
    .underline_thickness = 1,
#endif
    .dsc = &font_dsc,          /*The custom font data. Will be accessed by `get_glyph_bitmap/dsc` */
#if LV_VERSION_CHECK(8, 2, 0) || LVGL_VERSION_MAJOR >= 9
    .fallback = &my_font_24,
#endif
    .user_data = NULL,
};



#endif /*#if MY_FONT_24*/

