/*******************************************************************************
 * Size: 20 px
 * Bpp: 4
 * Opts: --bpp 4 --size 20 --no-compress --font myFont.ttf --range 32-127,1536-1791,64336-65023,65136-65279 --format lvgl -o my_font_20.c
 ******************************************************************************/

#ifdef LV_LVGL_H_INCLUDE_SIMPLE
#include "lvgl.h"
#else
#include "lvgl/lvgl.h"
#endif

#ifndef MY_FONT_20
#define MY_FONT_20 1
#endif

#if MY_FONT_20

/*-----------------
 *    BITMAPS
 *----------------*/

/*Store the image of the glyphs*/
static LV_ATTRIBUTE_LARGE_CONST const uint8_t glyph_bitmap[] = {
    /* U+0020 " " */

    /* U+0021 "!" */
    0xaf, 0xf4, 0x9f, 0xf4, 0x9f, 0xf3, 0x8f, 0xf3,
    0x7f, 0xf2, 0x7f, 0xf2, 0x6f, 0xf1, 0x6f, 0xf1,
    0x5f, 0xf0, 0x15, 0x40, 0x7f, 0xf2, 0xcf, 0xf6,
    0x5e, 0xc1,

    /* U+0022 "\"" */
    0x7f, 0xf7, 0x8f, 0xf5, 0x6f, 0xf5, 0x7f, 0xf4,
    0x5f, 0xf4, 0x6f, 0xf3, 0x4f, 0xf3, 0x5f, 0xf2,
    0x17, 0x71, 0x27, 0x70,

    /* U+0023 "#" */
    0x0, 0x2, 0x88, 0x50, 0x28, 0x85, 0x0, 0x0,
    0x6f, 0xf8, 0x7, 0xff, 0x80, 0x0, 0x8, 0xff,
    0x60, 0x9f, 0xf5, 0x0, 0x6f, 0xff, 0xff, 0xff,
    0xff, 0xfb, 0x6, 0xff, 0xff, 0xff, 0xff, 0xff,
    0xb0, 0x38, 0xff, 0xf7, 0x8f, 0xfe, 0x75, 0x0,
    0x3f, 0xfc, 0x3, 0xff, 0xb0, 0x1, 0x7a, 0xff,
    0xd7, 0xaf, 0xfc, 0x70, 0x2f, 0xff, 0xff, 0xff,
    0xff, 0xff, 0x2, 0xff, 0xff, 0xff, 0xff, 0xff,
    0xf0, 0x0, 0xcf, 0xf2, 0xd, 0xff, 0x10, 0x0,
    0xf, 0xff, 0x0, 0xff, 0xe0, 0x0, 0x0, 0x77,
    0x60, 0x17, 0x76, 0x0, 0x0,

    /* U+0024 "$" */
    0x0, 0x5, 0xff, 0x30, 0x0, 0x0, 0x0, 0x6f,
    0xf6, 0x0, 0x0, 0x1, 0xbf, 0xff, 0xff, 0x60,
    0x0, 0xcf, 0xff, 0xff, 0xff, 0x80, 0x4f, 0xfc,
    0x32, 0x7f, 0xff, 0x16, 0xff, 0x70, 0x0, 0xaf,
    0xf4, 0x4f, 0xfd, 0x20, 0x3, 0x55, 0x10, 0xdf,
    0xff, 0xb5, 0x0, 0x0, 0x1, 0xcf, 0xff, 0xfe,
    0x70, 0x0, 0x0, 0x4c, 0xff, 0xff, 0x90, 0x0,
    0x0, 0x2, 0xaf, 0xff, 0x29, 0xff, 0x30, 0x0,
    0xaf, 0xf5, 0x7f, 0xfa, 0x0, 0xb, 0xff, 0x42,
    0xff, 0xfe, 0xcd, 0xff, 0xe0, 0x5, 0xff, 0xff,
    0xff, 0xe3, 0x0, 0x1, 0x9f, 0xfb, 0x60, 0x0,
    0x0, 0x5, 0xff, 0x30, 0x0, 0x0,

    /* U+0025 "%" */
    0x0, 0x26, 0x61, 0x0, 0x0, 0x68, 0x20, 0x0,
    0x5f, 0xff, 0xf4, 0x0, 0x3f, 0xd0, 0x0, 0xf,
    0xc1, 0x1d, 0xe0, 0xc, 0xf4, 0x0, 0x1, 0xf6,
    0x0, 0x8f, 0x5, 0xfb, 0x0, 0x0, 0xe, 0xd3,
    0x4e, 0xc0, 0xef, 0x30, 0x0, 0x0, 0x3e, 0xff,
    0xd2, 0x7f, 0x90, 0x0, 0x0, 0x0, 0x3, 0x30,
    0x1f, 0xf1, 0x0, 0x0, 0x0, 0x0, 0x0, 0x9,
    0xf8, 0x0, 0x10, 0x0, 0x0, 0x0, 0x2, 0xfe,
    0x8, 0xff, 0xd3, 0x0, 0x0, 0x0, 0xbf, 0x66,
    0xf9, 0x6d, 0xe1, 0x0, 0x0, 0x4f, 0xd0, 0xbd,
    0x0, 0x3f, 0x50, 0x0, 0xd, 0xf4, 0xb, 0xd0,
    0x4, 0xf4, 0x0, 0x6, 0xfb, 0x0, 0x5f, 0xa6,
    0xdd, 0x0, 0x0, 0xef, 0x20, 0x0, 0x6d, 0xfb,
    0x20,

    /* U+0026 "&" */
    0x0, 0x5, 0xcf, 0xeb, 0x40, 0x0, 0x0, 0x0,
    0x9f, 0xff, 0xff, 0xf7, 0x0, 0x0, 0x1, 0xff,
    0xf8, 0x8f, 0xff, 0x0, 0x0, 0x2, 0xff, 0xc0,
    0xc, 0xff, 0x20, 0x0, 0x0, 0xdf, 0xf4, 0x5f,
    0xfe, 0x0, 0x0, 0x0, 0x4f, 0xff, 0xff, 0xf6,
    0x0, 0x0, 0x0, 0x2d, 0xff, 0xff, 0x60, 0x0,
    0x0, 0x3, 0xff, 0xff, 0xfe, 0x10, 0x58, 0x10,
    0xe, 0xff, 0xa8, 0xff, 0xd5, 0xff, 0xb0, 0x2f,
    0xfd, 0x0, 0x7f, 0xff, 0xff, 0x20, 0x1f, 0xfe,
    0x20, 0x3e, 0xff, 0xf5, 0x0, 0xa, 0xff, 0xff,
    0xff, 0xff, 0xfd, 0x10, 0x0, 0x6c, 0xef, 0xda,
    0x58, 0xff, 0xc0,

    /* U+0027 "'" */
    0x7f, 0xf7, 0x6f, 0xf5, 0x5f, 0xf4, 0x4f, 0xf3,
    0x17, 0x71,

    /* U+0028 "(" */
    0x0, 0x0, 0x0, 0x0, 0xb, 0xb0, 0x0, 0x8f,
    0xf8, 0x2, 0xff, 0xe2, 0xa, 0xff, 0x40, 0x2f,
    0xfb, 0x0, 0x7f, 0xf3, 0x0, 0xbf, 0xe0, 0x0,
    0xef, 0xa0, 0x0, 0xff, 0x90, 0x0, 0xff, 0x80,
    0x0, 0xef, 0xa0, 0x0, 0xcf, 0xc0, 0x0, 0x9f,
    0xf1, 0x0, 0x4f, 0xf7, 0x0, 0xe, 0xfe, 0x10,
    0x5, 0xff, 0xa0, 0x0, 0xcf, 0xf7, 0x0, 0x2e,
    0xd1, 0x0, 0x3, 0x10,

    /* U+0029 ")" */
    0x1, 0x0, 0x0, 0x1d, 0x70, 0x0, 0xcf, 0xf4,
    0x0, 0x4f, 0xfe, 0x0, 0x7, 0xff, 0x70, 0x0,
    0xef, 0xe0, 0x0, 0x7f, 0xf3, 0x0, 0x2f, 0xf7,
    0x0, 0xe, 0xfa, 0x0, 0xc, 0xfb, 0x0, 0xc,
    0xfc, 0x0, 0xd, 0xfb, 0x0, 0xf, 0xf9, 0x0,
    0x4f, 0xf5, 0x0, 0xaf, 0xf1, 0x3, 0xff, 0xa0,
    0xd, 0xff, 0x20, 0xaf, 0xf9, 0x0, 0x3f, 0xc0,
    0x0, 0x3, 0x10, 0x0,

    /* U+002A "*" */
    0x0, 0x1f, 0xf7, 0x0, 0x2, 0x31, 0xff, 0x72,
    0x40, 0x8f, 0xff, 0xff, 0xfe, 0xd, 0xff, 0xff,
    0xff, 0xf3, 0x5, 0xff, 0xff, 0x92, 0x0, 0x9f,
    0xff, 0xfd, 0x10, 0xc, 0xfc, 0x7f, 0xe3, 0x0,
    0x7, 0x10, 0x81, 0x0,

    /* U+002B "+" */
    0x0, 0xc, 0xf6, 0x0, 0x0, 0x0, 0xcf, 0x60,
    0x0, 0x12, 0x2d, 0xf8, 0x22, 0x8, 0xff, 0xff,
    0xff, 0xf2, 0x8f, 0xff, 0xff, 0xff, 0x20, 0x0,
    0xcf, 0x60, 0x0, 0x0, 0xc, 0xf6, 0x0, 0x0,
    0x0, 0x57, 0x30, 0x0,

    /* U+002C "," */
    0xf, 0xf8, 0x2f, 0xf5, 0x3f, 0xf1, 0x4f, 0xd0,
    0x6f, 0xa0,

    /* U+002D "-" */
    0x47, 0x77, 0x77, 0x18, 0xff, 0xff, 0xf3, 0x8f,
    0xff, 0xff, 0x30,

    /* U+002E "." */
    0x0, 0x20, 0x0, 0xdf, 0xb0, 0x2f, 0xff, 0x0,
    0xaf, 0x80,

    /* U+002F "/" */
    0x0, 0x0, 0x5f, 0xf9, 0x0, 0x0, 0xbf, 0xf4,
    0x0, 0x1, 0xff, 0xe0, 0x0, 0x6, 0xff, 0x80,
    0x0, 0xc, 0xff, 0x30, 0x0, 0x2f, 0xfd, 0x0,
    0x0, 0x7f, 0xf7, 0x0, 0x0, 0xdf, 0xf2, 0x0,
    0x2, 0xff, 0xc0, 0x0, 0x8, 0xff, 0x70, 0x0,
    0xe, 0xff, 0x10, 0x0, 0x3f, 0xfb, 0x0, 0x0,
    0x9f, 0xf6, 0x0, 0x0,

    /* U+0030 "0" */
    0x0, 0x59, 0x83, 0x0, 0xc, 0xff, 0xff, 0x70,
    0x9f, 0xff, 0xff, 0xf3, 0xef, 0xb1, 0x3e, 0xf9,
    0xff, 0x70, 0xd, 0xf9, 0xcf, 0xfa, 0xcf, 0xf6,
    0x3f, 0xff, 0xff, 0xc0, 0x3, 0xcf, 0xe9, 0x10,

    /* U+0031 "1" */
    0xbd, 0x80, 0xef, 0xa0, 0xcf, 0xc0, 0xaf, 0xd0,
    0x9f, 0xf0, 0x7f, 0xf0, 0x6f, 0xf2, 0x4f, 0xf4,
    0x2f, 0xf5, 0x1f, 0xf7, 0xf, 0xf8, 0xe, 0xfa,
    0xc, 0xfa, 0x1, 0x0,

    /* U+0032 "2" */
    0x0, 0x10, 0x0, 0x1, 0xe, 0xf9, 0x0, 0x3f,
    0xf4, 0xdf, 0xa0, 0x2, 0xff, 0x6c, 0xfc, 0x0,
    0xf, 0xf7, 0xaf, 0xe0, 0x0, 0xff, 0x89, 0xff,
    0xec, 0xef, 0xf6, 0x7f, 0xff, 0xff, 0xfd, 0x5,
    0xff, 0xef, 0xea, 0x10, 0x4f, 0xf4, 0x0, 0x0,
    0x2, 0xff, 0x60, 0x0, 0x0, 0x1f, 0xf7, 0x0,
    0x0, 0x0, 0xff, 0x90, 0x0, 0x0, 0xd, 0xfa,
    0x0, 0x0, 0x0, 0xbc, 0x80, 0x0, 0x0,

    /* U+0033 "3" */
    0x0, 0x0, 0x0, 0x0, 0x0, 0x0, 0x10, 0xef,
    0x90, 0x4, 0x89, 0x0, 0x8f, 0xe0, 0xdf, 0xa0,
    0x8, 0xff, 0x0, 0x8f, 0xf0, 0xcf, 0xc0, 0x7,
    0xff, 0x10, 0x6f, 0xf1, 0xaf, 0xe0, 0x7, 0xff,
    0x40, 0x6f, 0xf2, 0x9f, 0xfe, 0xcf, 0xff, 0xfc,
    0xff, 0xf0, 0x7f, 0xff, 0xff, 0xff, 0xff, 0xff,
    0x70, 0x5f, 0xff, 0xfd, 0x56, 0xdf, 0xd6, 0x0,
    0x4f, 0xf4, 0x0, 0x0, 0x0, 0x0, 0x0, 0x2f,
    0xf6, 0x0, 0x0, 0x0, 0x0, 0x0, 0x1f, 0xf7,
    0x0, 0x0, 0x0, 0x0, 0x0, 0xf, 0xf9, 0x0,
    0x0, 0x0, 0x0, 0x0, 0xd, 0xfa, 0x0, 0x0,
    0x0, 0x0, 0x0, 0xb, 0xc8, 0x0, 0x0, 0x0,
    0x0, 0x0,

    /* U+0034 "4" */
    0x0, 0x0, 0x0, 0x47, 0x62, 0x0, 0x24, 0x20,
    0x1b, 0xff, 0xff, 0xc0, 0xff, 0x90, 0xbf, 0xff,
    0xff, 0xc0, 0xdf, 0xb2, 0xff, 0xc4, 0x7c, 0x40,
    0xcf, 0xc4, 0xff, 0x40, 0x0, 0x0, 0xaf, 0xf4,
    0xff, 0x90, 0x0, 0x0, 0x8f, 0xff, 0xff, 0xff,
    0xff, 0xf4, 0x7f, 0xff, 0xff, 0xff, 0xff, 0xf4,
    0x5f, 0xfc, 0xcc, 0xcc, 0xcc, 0xc3, 0x3f, 0xf4,
    0x0, 0x0, 0x0, 0x0, 0x2f, 0xf6, 0x0, 0x0,
    0x0, 0x0, 0xf, 0xf7, 0x0, 0x0, 0x0, 0x0,
    0xf, 0xf9, 0x0, 0x0, 0x0, 0x0, 0xd, 0xfb,
    0x0, 0x0, 0x0, 0x0, 0x8, 0x95, 0x0, 0x0,
    0x0, 0x0,

    /* U+0035 "5" */
    0x0, 0x0, 0x2, 0x0, 0x0, 0x0, 0x0, 0x0,
    0x4, 0xf8, 0x0, 0x0, 0x0, 0x0, 0x0, 0xef,
    0xf7, 0x0, 0x0, 0x0, 0x0, 0x2e, 0xff, 0xf5,
    0x0, 0x0, 0x0, 0x1e, 0xff, 0xff, 0xf4, 0x0,
    0x0, 0xc, 0xff, 0x84, 0xff, 0xe2, 0x0, 0x9,
    0xff, 0xa0, 0x6, 0xff, 0xd0, 0x3, 0xff, 0xc0,
    0x0, 0x9, 0xff, 0x70, 0xaf, 0xf2, 0x0, 0x0,
    0xd, 0xfe, 0xd, 0xfb, 0x0, 0x0, 0x0, 0x7f,
    0xf2, 0xff, 0x80, 0x2f, 0xf6, 0x4, 0xff, 0x4f,
    0xf9, 0x3, 0xff, 0x80, 0x5f, 0xf4, 0xcf, 0xfd,
    0xff, 0xff, 0xdf, 0xff, 0x14, 0xff, 0xff, 0xff,
    0xff, 0xff, 0x90, 0x5, 0xdf, 0xe8, 0x5d, 0xfe,
    0x70, 0x0,

    /* U+0036 "6" */
    0x0, 0x2, 0x70, 0x0, 0x0, 0x0, 0x5, 0xff,
    0x30, 0x0, 0x0, 0x4, 0xff, 0xf8, 0x0, 0x10,
    0x0, 0xcf, 0xf6, 0x0, 0x3f, 0x70, 0xf, 0xfa,
    0x0, 0xd, 0xff, 0x30, 0xef, 0xd1, 0x9, 0xff,
    0x90, 0x9, 0xff, 0xff, 0xff, 0xd0, 0x0, 0x1d,
    0xff, 0xff, 0xf3, 0x0, 0x0, 0x7, 0xff, 0xf8,
    0x0, 0x0, 0x0, 0x4f, 0xfc, 0x0, 0x0, 0x0,
    0x1e, 0xff, 0x20, 0x0, 0x0, 0xb, 0xff, 0x70,
    0x0, 0x0, 0x6, 0xff, 0xb0, 0x0, 0x0, 0x0,
    0x7f, 0xf1, 0x0, 0x0, 0x0, 0x0, 0x45, 0x0,
    0x0, 0x0, 0x0,

    /* U+0037 "7" */
    0x0, 0x0, 0x0, 0x0, 0x0, 0x0, 0x17, 0xd3,
    0x0, 0x0, 0x9, 0xb4, 0x2f, 0xf8, 0x0, 0x0,
    0xf, 0xfb, 0xc, 0xfe, 0x0, 0x0, 0x5f, 0xf5,
    0x6, 0xff, 0x40, 0x0, 0xbf, 0xe0, 0x1, 0xff,
    0xa0, 0x1, 0xff, 0x90, 0x0, 0xbf, 0xf0, 0x7,
    0xff, 0x30, 0x0, 0x5f, 0xf6, 0xd, 0xfd, 0x0,
    0x0, 0xe, 0xfb, 0x3f, 0xf7, 0x0, 0x0, 0x9,
    0xff, 0xbf, 0xf1, 0x0, 0x0, 0x3, 0xff, 0xff,
    0xb0, 0x0, 0x0, 0x0, 0xdf, 0xff, 0x50, 0x0,
    0x0, 0x0, 0x7f, 0xff, 0x0, 0x0, 0x0, 0x0,
    0x1f, 0xf9, 0x0, 0x0,

    /* U+0038 "8" */
    0x0, 0x0, 0x1f, 0xfa, 0x0, 0x0, 0x0, 0x0,
    0x7f, 0xff, 0x0, 0x0, 0x0, 0x0, 0xdf, 0xff,
    0x50, 0x0, 0x0, 0x3, 0xff, 0xff, 0xb0, 0x0,
    0x0, 0x9, 0xff, 0xbf, 0xf1, 0x0, 0x0, 0xe,
    0xfc, 0x3f, 0xf7, 0x0, 0x0, 0x4f, 0xf6, 0xd,
    0xfd, 0x0, 0x0, 0xaf, 0xf1, 0x7, 0xff, 0x30,
    0x1, 0xff, 0xa0, 0x2, 0xff, 0x90, 0x6, 0xff,
    0x50, 0x0, 0xcf, 0xe0, 0xc, 0xfe, 0x0, 0x0,
    0x6f, 0xf5, 0x2f, 0xf9, 0x0, 0x0, 0xf, 0xfa,
    0x18, 0xe3, 0x0, 0x0, 0xa, 0xc5, 0x0, 0x0,
    0x0, 0x0, 0x0, 0x0,

    /* U+0039 "9" */
    0x2, 0xae, 0xfb, 0x30, 0x0, 0x2e, 0xff, 0xff,
    0xf3, 0x0, 0xaf, 0xfd, 0xcf, 0xfd, 0x0, 0xff,
    0xb0, 0x8, 0xff, 0x20, 0xff, 0xb0, 0x3, 0xff,
    0x50, 0xbf, 0xfd, 0xbb, 0xff, 0x70, 0x2e, 0xff,
    0xff, 0xff, 0x90, 0x2, 0xae, 0xff, 0xff, 0xa0,
    0x0, 0x0, 0x0, 0xbf, 0xc0, 0x0, 0x0, 0x0,
    0xaf, 0xe0, 0x0, 0x0, 0x0, 0x8f, 0xf0, 0x0,
    0x0, 0x0, 0x6f, 0xf2, 0x0, 0x0, 0x0, 0x4f,
    0xd2, 0x0, 0x0, 0x0, 0x0, 0x0,

    /* U+003A ":" */
    0xa, 0xf8, 0x2, 0xff, 0xf0, 0xd, 0xfb, 0x0,
    0x2, 0x0, 0x0, 0x0, 0x0, 0x2, 0x0, 0xd,
    0xfb, 0x2, 0xff, 0xf0, 0xa, 0xf8, 0x0,

    /* U+003B ";" */
    0x2, 0x0, 0x8f, 0xe1, 0xdf, 0xf5, 0x6f, 0xc0,
    0x0, 0x0, 0x0, 0x0, 0x9f, 0xe0, 0xbf, 0xb0,
    0xcf, 0x80, 0xef, 0x40, 0xff, 0x0,

    /* U+003D "=" */
    0x8f, 0xff, 0xff, 0xff, 0x8, 0xff, 0xff, 0xff,
    0xf0, 0x24, 0x44, 0x44, 0x44, 0x2, 0x44, 0x44,
    0x44, 0x40, 0x8f, 0xff, 0xff, 0xff, 0x8, 0xff,
    0xff, 0xff, 0xf0,

    /* U+003F "?" */
    0x1, 0x9e, 0xfd, 0x91, 0x1, 0xef, 0xff, 0xff,
    0xe1, 0x9f, 0xfe, 0xaf, 0xff, 0x8d, 0xff, 0x20,
    0x6f, 0xfa, 0x45, 0x50, 0x8, 0xff, 0x80, 0x0,
    0x8, 0xff, 0xf2, 0x0, 0xa, 0xff, 0xd2, 0x0,
    0x2, 0xff, 0xe1, 0x0, 0x0, 0x3d, 0xd8, 0x0,
    0x0, 0x0, 0x2, 0x0, 0x0, 0x0, 0x2f, 0xf8,
    0x0, 0x0, 0x6, 0xff, 0xc0, 0x0, 0x0, 0x1c,
    0xe5, 0x0, 0x0,

    /* U+0040 "@" */
    0x0, 0x0, 0x2, 0x8c, 0xef, 0xeb, 0x50, 0x0,
    0x0, 0x0, 0x9, 0xff, 0xff, 0xff, 0xff, 0xb0,
    0x0, 0x0, 0xc, 0xff, 0xe8, 0x55, 0x7c, 0xff,
    0xa0, 0x0, 0xb, 0xff, 0x80, 0x0, 0x0, 0x8,
    0xff, 0x40, 0x5, 0xff, 0x70, 0x38, 0x96, 0xa6,
    0xd, 0xfa, 0x0, 0xcf, 0xd0, 0x3f, 0xff, 0xff,
    0x80, 0x9f, 0xd0, 0xf, 0xf7, 0xb, 0xf6, 0x1e,
    0xf6, 0x9, 0xfe, 0x3, 0xff, 0x40, 0xfe, 0x0,
    0xcf, 0x30, 0xbf, 0xb0, 0x4f, 0xf2, 0x1f, 0xe0,
    0x2f, 0xf3, 0x1f, 0xf7, 0x3, 0xff, 0x40, 0xef,
    0xdf, 0xff, 0xee, 0xfd, 0x0, 0xf, 0xf8, 0x4,
    0xdf, 0xc5, 0xae, 0xea, 0x10, 0x0, 0xaf, 0xf5,
    0x0, 0x0, 0x0, 0x0, 0x0, 0x0, 0x1, 0xef,
    0xfb, 0x76, 0x7a, 0xd0, 0x0, 0x0, 0x0, 0x2,
    0xdf, 0xff, 0xff, 0xff, 0x80, 0x0, 0x0, 0x0,
    0x0, 0x6b, 0xef, 0xeb, 0x60, 0x0, 0x0, 0x0,

    /* U+0041 "A" */
    0x0, 0x0, 0x6f, 0xff, 0xa0, 0x0, 0x0, 0x0,
    0xb, 0xff, 0xff, 0x0, 0x0, 0x0, 0x1, 0xff,
    0xff, 0xf5, 0x0, 0x0, 0x0, 0x6f, 0xfb, 0xff,
    0xa0, 0x0, 0x0, 0xb, 0xff, 0x2e, 0xff, 0x0,
    0x0, 0x1, 0xff, 0xd0, 0x9f, 0xf5, 0x0, 0x0,
    0x6f, 0xf7, 0x3, 0xff, 0xa0, 0x0, 0xc, 0xff,
    0x20, 0xe, 0xff, 0x0, 0x1, 0xff, 0xff, 0xff,
    0xff, 0xf5, 0x0, 0x6f, 0xff, 0xff, 0xff, 0xff,
    0xa0, 0xc, 0xff, 0x63, 0x33, 0x3f, 0xff, 0x1,
    0xff, 0xf0, 0x0, 0x0, 0xbf, 0xf5, 0x6f, 0xfb,
    0x0, 0x0, 0x7, 0xff, 0xb0,

    /* U+0042 "B" */
    0xbf, 0xff, 0xff, 0xec, 0x60, 0xb, 0xff, 0xff,
    0xff, 0xff, 0x80, 0xbf, 0xf9, 0x77, 0xbf, 0xff,
    0xb, 0xff, 0x30, 0x0, 0xdf, 0xf2, 0xbf, 0xf3,
    0x0, 0x3f, 0xff, 0xb, 0xff, 0xff, 0xff, 0xff,
    0x70, 0xbf, 0xff, 0xff, 0xff, 0xc1, 0xb, 0xff,
    0x75, 0x59, 0xff, 0xc0, 0xbf, 0xf3, 0x0, 0xb,
    0xff, 0x4b, 0xff, 0x30, 0x0, 0xbf, 0xf5, 0xbf,
    0xf9, 0x77, 0xbf, 0xff, 0x2b, 0xff, 0xff, 0xff,
    0xff, 0xa0, 0xbf, 0xff, 0xff, 0xeb, 0x50, 0x0,

    /* U+0043 "C" */
    0x0, 0x4b, 0xef, 0xeb, 0x40, 0x0, 0x8f, 0xff,
    0xff, 0xff, 0x80, 0x5f, 0xff, 0xb8, 0xaf, 0xff,
    0x4a, 0xff, 0x80, 0x0, 0x7f, 0xfb, 0xcf, 0xf4,
    0x0, 0x2, 0x99, 0x7c, 0xff, 0x40, 0x0, 0x0,
    0x0, 0xcf, 0xf4, 0x0, 0x0, 0x0, 0xc, 0xff,
    0x40, 0x0, 0x0, 0x0, 0xcf, 0xf4, 0x0, 0x1,
    0x77, 0x6b, 0xff, 0x80, 0x0, 0x7f, 0xfb, 0x5f,
    0xff, 0xb8, 0xaf, 0xff, 0x60, 0x9f, 0xff, 0xff,
    0xff, 0xa0, 0x0, 0x4b, 0xef, 0xeb, 0x50, 0x0,

    /* U+0044 "D" */
    0xbf, 0xff, 0xff, 0xea, 0x30, 0xb, 0xff, 0xff,
    0xff, 0xff, 0x60, 0xbf, 0xf9, 0x77, 0xcf, 0xff,
    0x1b, 0xff, 0x30, 0x0, 0xdf, 0xf5, 0xbf, 0xf3,
    0x0, 0x9, 0xff, 0x6b, 0xff, 0x30, 0x0, 0x9f,
    0xf6, 0xbf, 0xf3, 0x0, 0x9, 0xff, 0x6b, 0xff,
    0x30, 0x0, 0x9f, 0xf6, 0xbf, 0xf3, 0x0, 0x9,
    0xff, 0x6b, 0xff, 0x30, 0x0, 0xdf, 0xf5, 0xbf,
    0xf9, 0x78, 0xcf, 0xff, 0x1b, 0xff, 0xff, 0xff,
    0xff, 0x60, 0xbf, 0xff, 0xff, 0xea, 0x30, 0x0,

    /* U+0045 "E" */
    0xbf, 0xff, 0xff, 0xff, 0xfd, 0xbf, 0xff, 0xff,
    0xff, 0xfd, 0xbf, 0xf9, 0x77, 0x77, 0x76, 0xbf,
    0xf3, 0x0, 0x0, 0x0, 0xbf, 0xf3, 0x0, 0x0,
    0x0, 0xbf, 0xff, 0xff, 0xfa, 0x0, 0xbf, 0xff,
    0xff, 0xfa, 0x0, 0xbf, 0xf9, 0x77, 0x74, 0x0,
    0xbf, 0xf3, 0x0, 0x0, 0x0, 0xbf, 0xf3, 0x0,
    0x0, 0x0, 0xbf, 0xf9, 0x77, 0x77, 0x76, 0xbf,
    0xff, 0xff, 0xff, 0xfd, 0xbf, 0xff, 0xff, 0xff,
    0xfd,

    /* U+0046 "F" */
    0xbf, 0xff, 0xff, 0xff, 0xf5, 0xbf, 0xff, 0xff,
    0xff, 0xf5, 0xbf, 0xf9, 0x77, 0x77, 0x72, 0xbf,
    0xf3, 0x0, 0x0, 0x0, 0xbf, 0xf3, 0x0, 0x0,
    0x0, 0xbf, 0xff, 0xff, 0xfa, 0x0, 0xbf, 0xff,
    0xff, 0xfa, 0x0, 0xbf, 0xf9, 0x77, 0x74, 0x0,
    0xbf, 0xf3, 0x0, 0x0, 0x0, 0xbf, 0xf3, 0x0,
    0x0, 0x0, 0xbf, 0xf3, 0x0, 0x0, 0x0, 0xbf,
    0xf3, 0x0, 0x0, 0x0, 0xbf, 0xf3, 0x0, 0x0,
    0x0,

    /* U+0047 "G" */
    0x0, 0x5b, 0xef, 0xdb, 0x40, 0x0, 0x9f, 0xff,
    0xff, 0xff, 0xa0, 0x5f, 0xff, 0xa8, 0xaf, 0xff,
    0x4a, 0xff, 0x70, 0x0, 0x9f, 0xf7, 0xcf, 0xf3,
    0x0, 0x2, 0x44, 0x2c, 0xff, 0x30, 0x45, 0x55,
    0x52, 0xcf, 0xf3, 0xd, 0xff, 0xff, 0x7c, 0xff,
    0x30, 0xdf, 0xff, 0xf7, 0xcf, 0xf3, 0x0, 0x6,
    0xff, 0x7b, 0xff, 0x80, 0x0, 0x8f, 0xf5, 0x7f,
    0xff, 0xb8, 0x9f, 0xff, 0x10, 0xbf, 0xff, 0xff,
    0xff, 0x50, 0x0, 0x6c, 0xff, 0xea, 0x30, 0x0,

    /* U+0048 "H" */
    0x9f, 0xf6, 0x0, 0x3, 0xff, 0xb9, 0xff, 0x60,
    0x0, 0x3f, 0xfb, 0x9f, 0xf6, 0x0, 0x3, 0xff,
    0xb9, 0xff, 0x60, 0x0, 0x3f, 0xfb, 0x9f, 0xf6,
    0x0, 0x3, 0xff, 0xb9, 0xff, 0xff, 0xff, 0xff,
    0xfb, 0x9f, 0xff, 0xff, 0xff, 0xff, 0xb9, 0xff,
    0xb8, 0x88, 0x9f, 0xfb, 0x9f, 0xf6, 0x0, 0x3,
    0xff, 0xb9, 0xff, 0x60, 0x0, 0x3f, 0xfb, 0x9f,
    0xf6, 0x0, 0x3, 0xff, 0xb9, 0xff, 0x60, 0x0,
    0x3f, 0xfb, 0x9f, 0xf6, 0x0, 0x3, 0xff, 0xb0,

    /* U+0049 "I" */
    0xbf, 0xf3, 0xbf, 0xf3, 0xbf, 0xf3, 0xbf, 0xf3,
    0xbf, 0xf3, 0xbf, 0xf3, 0xbf, 0xf3, 0xbf, 0xf3,
    0xbf, 0xf3, 0xbf, 0xf3, 0xbf, 0xf3, 0xbf, 0xf3,
    0xbf, 0xf3,

    /* U+004A "J" */
    0x0, 0x0, 0x0, 0x2, 0xff, 0xc0, 0x0, 0x0,
    0x0, 0x2f, 0xfc, 0x0, 0x0, 0x0, 0x2, 0xff,
    0xc0, 0x0, 0x0, 0x0, 0x2f, 0xfc, 0x0, 0x0,
    0x0, 0x2, 0xff, 0xc0, 0x0, 0x0, 0x0, 0x2f,
    0xfc, 0x0, 0x0, 0x0, 0x2, 0xff, 0xc1, 0x99,
    0x70, 0x0, 0x2f, 0xfc, 0x2f, 0xfc, 0x0, 0x2,
    0xff, 0xc1, 0xff, 0xf1, 0x0, 0x6f, 0xfb, 0xc,
    0xff, 0xd9, 0xaf, 0xff, 0x60, 0x3f, 0xff, 0xff,
    0xff, 0xb0, 0x0, 0x19, 0xdf, 0xfc, 0x60, 0x0,

    /* U+004B "K" */
    0xbf, 0xf3, 0x0, 0xb, 0xff, 0xa0, 0xbf, 0xf3,
    0x0, 0x8f, 0xfd, 0x0, 0xbf, 0xf3, 0x5, 0xff,
    0xe2, 0x0, 0xbf, 0xf3, 0x3f, 0xff, 0x40, 0x0,
    0xbf, 0xf5, 0xef, 0xf7, 0x0, 0x0, 0xbf, 0xfe,
    0xff, 0xb0, 0x0, 0x0, 0xbf, 0xff, 0xff, 0xf1,
    0x0, 0x0, 0xbf, 0xff, 0xef, 0xfb, 0x0, 0x0,
    0xbf, 0xfb, 0x1e, 0xff, 0x50, 0x0, 0xbf, 0xf3,
    0x4, 0xff, 0xe1, 0x0, 0xbf, 0xf3, 0x0, 0xaf,
    0xf9, 0x0, 0xbf, 0xf3, 0x0, 0x1e, 0xff, 0x40,
    0xbf, 0xf3, 0x0, 0x6, 0xff, 0xd0,

    /* U+004C "L" */
    0xbf, 0xf3, 0x0, 0x0, 0x0, 0xbf, 0xf3, 0x0,
    0x0, 0x0, 0xbf, 0xf3, 0x0, 0x0, 0x0, 0xbf,
    0xf3, 0x0, 0x0, 0x0, 0xbf, 0xf3, 0x0, 0x0,
    0x0, 0xbf, 0xf3, 0x0, 0x0, 0x0, 0xbf, 0xf3,
    0x0, 0x0, 0x0, 0xbf, 0xf3, 0x0, 0x0, 0x0,
    0xbf, 0xf3, 0x0, 0x0, 0x0, 0xbf, 0xf3, 0x0,
    0x0, 0x0, 0xbf, 0xf9, 0x77, 0x77, 0x76, 0xbf,
    0xff, 0xff, 0xff, 0xfe, 0xbf, 0xff, 0xff, 0xff,
    0xfe,

    /* U+004D "M" */
    0xbf, 0xf7, 0x0, 0x0, 0x3f, 0xff, 0xb, 0xff,
    0xf2, 0x0, 0xd, 0xff, 0xf0, 0xbf, 0xff, 0xc0,
    0x7, 0xff, 0xff, 0xb, 0xff, 0xff, 0x72, 0xff,
    0xff, 0xf0, 0xbf, 0xfa, 0xff, 0xdf, 0xbf, 0xff,
    0xb, 0xff, 0x4e, 0xff, 0xf3, 0xff, 0xf0, 0xbf,
    0xf3, 0x6f, 0xfb, 0xf, 0xff, 0xb, 0xff, 0x30,
    0xce, 0x20, 0xff, 0xf0, 0xbf, 0xf3, 0x0, 0x0,
    0xf, 0xff, 0xb, 0xff, 0x30, 0x0, 0x0, 0xff,
    0xf0, 0xbf, 0xf3, 0x0, 0x0, 0xf, 0xff, 0xb,
    0xff, 0x30, 0x0, 0x0, 0xff, 0xf0, 0xbf, 0xf3,
    0x0, 0x0, 0xf, 0xff, 0x0,

    /* U+004E "N" */
    0xbf, 0xf6, 0x0, 0x0, 0xef, 0xf0, 0xbf, 0xfe,
    0x10, 0x0, 0xef, 0xf0, 0xbf, 0xff, 0xa0, 0x0,
    0xef, 0xf0, 0xbf, 0xff, 0xf4, 0x0, 0xef, 0xf0,
    0xbf, 0xff, 0xfe, 0x0, 0xef, 0xf0, 0xbf, 0xfc,
    0xff, 0x90, 0xef, 0xf0, 0xbf, 0xf3, 0xef, 0xf3,
    0xef, 0xf0, 0xbf, 0xf3, 0x4f, 0xfd, 0xef, 0xf0,
    0xbf, 0xf3, 0xa, 0xff, 0xff, 0xf0, 0xbf, 0xf3,
    0x1, 0xef, 0xff, 0xf0, 0xbf, 0xf3, 0x0, 0x6f,
    0xff, 0xf0, 0xbf, 0xf3, 0x0, 0xb, 0xff, 0xf0,
    0xbf, 0xf3, 0x0, 0x2, 0xff, 0xf0,

    /* U+004F "O" */
    0x0, 0x4b, 0xef, 0xeb, 0x40, 0x0, 0x8f, 0xff,
    0xff, 0xff, 0x80, 0x5f, 0xff, 0xb8, 0xaf, 0xff,
    0x5a, 0xff, 0x80, 0x0, 0x7f, 0xfb, 0xcf, 0xf4,
    0x0, 0x4, 0xff, 0xcc, 0xff, 0x40, 0x0, 0x4f,
    0xfd, 0xcf, 0xf4, 0x0, 0x4, 0xff, 0xdc, 0xff,
    0x40, 0x0, 0x4f, 0xfd, 0xcf, 0xf4, 0x0, 0x4,
    0xff, 0xcb, 0xff, 0x80, 0x0, 0x8f, 0xfb, 0x5f,
    0xff, 0xb8, 0xbf, 0xff, 0x50, 0x9f, 0xff, 0xff,
    0xff, 0x90, 0x0, 0x4b, 0xef, 0xeb, 0x40, 0x0,

    /* U+0050 "P" */
    0xbf, 0xff, 0xff, 0xfc, 0x60, 0xb, 0xff, 0xff,
    0xff, 0xff, 0x90, 0xbf, 0xf9, 0x77, 0xaf, 0xff,
    0x2b, 0xff, 0x30, 0x0, 0xaf, 0xf6, 0xbf, 0xf3,
    0x0, 0x9, 0xff, 0x6b, 0xff, 0x75, 0x58, 0xff,
    0xf2, 0xbf, 0xff, 0xff, 0xff, 0xf8, 0xb, 0xff,
    0xff, 0xff, 0xc5, 0x0, 0xbf, 0xf3, 0x0, 0x0,
    0x0, 0xb, 0xff, 0x30, 0x0, 0x0, 0x0, 0xbf,
    0xf3, 0x0, 0x0, 0x0, 0xb, 0xff, 0x30, 0x0,
    0x0, 0x0, 0xbf, 0xf3, 0x0, 0x0, 0x0, 0x0,

    /* U+0051 "Q" */
    0x0, 0x4b, 0xef, 0xeb, 0x40, 0x0, 0x8f, 0xff,
    0xff, 0xff, 0x90, 0x5f, 0xff, 0xb8, 0xaf, 0xff,
    0x5a, 0xff, 0x80, 0x0, 0x7f, 0xfb, 0xcf, 0xf4,
    0x0, 0x4, 0xff, 0xcc, 0xff, 0x40, 0x0, 0x4f,
    0xfd, 0xcf, 0xf4, 0x0, 0x4, 0xff, 0xdc, 0xff,
    0x40, 0x0, 0x4f, 0xfd, 0xcf, 0xf4, 0x1, 0xc8,
    0xff, 0xcb, 0xff, 0x80, 0xdf, 0xff, 0xfa, 0x5f,
    0xff, 0xbb, 0xff, 0xff, 0x40, 0x9f, 0xff, 0xff,
    0xff, 0xf7, 0x0, 0x4b, 0xef, 0xea, 0xdb, 0x0,
    0x0, 0x0, 0x0, 0x0, 0x0,

    /* U+0052 "R" */
    0xbf, 0xff, 0xff, 0xfc, 0x60, 0xb, 0xff, 0xff,
    0xff, 0xff, 0x90, 0xbf, 0xf9, 0x77, 0xaf, 0xff,
    0x2b, 0xff, 0x30, 0x0, 0xaf, 0xf6, 0xbf, 0xf3,
    0x0, 0x9, 0xff, 0x6b, 0xff, 0x75, 0x58, 0xff,
    0xf2, 0xbf, 0xff, 0xff, 0xff, 0xf8, 0xb, 0xff,
    0xff, 0xff, 0xe5, 0x0, 0xbf, 0xf3, 0xe, 0xff,
    0x10, 0xb, 0xff, 0x30, 0x8f, 0xf8, 0x0, 0xbf,
    0xf3, 0x1, 0xff, 0xf1, 0xb, 0xff, 0x30, 0x9,
    0xff, 0x80, 0xbf, 0xf3, 0x0, 0x2f, 0xff, 0x10,

    /* U+0053 "S" */
    0x0, 0x6c, 0xef, 0xd9, 0x20, 0x1, 0xdf, 0xff,
    0xff, 0xff, 0x40, 0x8f, 0xfe, 0x88, 0xdf, 0xff,
    0xa, 0xff, 0x40, 0x0, 0xcf, 0xf4, 0x8f, 0xfa,
    0x0, 0x4, 0x77, 0x21, 0xdf, 0xff, 0x94, 0x0,
    0x0, 0x1, 0x9f, 0xff, 0xfe, 0x70, 0x0, 0x0,
    0x16, 0xcf, 0xff, 0xb0, 0x67, 0x70, 0x0, 0x3d,
    0xff, 0x4d, 0xff, 0x40, 0x0, 0xaf, 0xf6, 0x9f,
    0xff, 0xa8, 0xaf, 0xff, 0x31, 0xdf, 0xff, 0xff,
    0xff, 0x90, 0x0, 0x7c, 0xff, 0xdb, 0x40, 0x0,

    /* U+0054 "T" */
    0x9f, 0xff, 0xff, 0xff, 0xff, 0xf0, 0x9f, 0xff,
    0xff, 0xff, 0xff, 0xf0, 0x47, 0x77, 0xbf, 0xfb,
    0x77, 0x70, 0x0, 0x0, 0x8f, 0xf7, 0x0, 0x0,
    0x0, 0x0, 0x8f, 0xf7, 0x0, 0x0, 0x0, 0x0,
    0x8f, 0xf7, 0x0, 0x0, 0x0, 0x0, 0x8f, 0xf7,
    0x0, 0x0, 0x0, 0x0, 0x8f, 0xf7, 0x0, 0x0,
    0x0, 0x0, 0x8f, 0xf7, 0x0, 0x0, 0x0, 0x0,
    0x8f, 0xf7, 0x0, 0x0, 0x0, 0x0, 0x8f, 0xf7,
    0x0, 0x0, 0x0, 0x0, 0x8f, 0xf7, 0x0, 0x0,
    0x0, 0x0, 0x8f, 0xf7, 0x0, 0x0,

    /* U+0055 "U" */
    0xcf, 0xf5, 0x0, 0x4, 0xff, 0xdc, 0xff, 0x50,
    0x0, 0x4f, 0xfd, 0xcf, 0xf5, 0x0, 0x4, 0xff,
    0xdc, 0xff, 0x50, 0x0, 0x4f, 0xfd, 0xcf, 0xf5,
    0x0, 0x4, 0xff, 0xdc, 0xff, 0x50, 0x0, 0x4f,
    0xfd, 0xcf, 0xf5, 0x0, 0x4, 0xff, 0xdc, 0xff,
    0x50, 0x0, 0x4f, 0xfd, 0xcf, 0xf5, 0x0, 0x4,
    0xff, 0xda, 0xff, 0x90, 0x0, 0x8f, 0xfb, 0x4f,
    0xff, 0xb8, 0xbf, 0xff, 0x60, 0x8f, 0xff, 0xff,
    0xff, 0x90, 0x0, 0x4b, 0xef, 0xeb, 0x40, 0x0,

    /* U+0056 "V" */
    0x7f, 0xfb, 0x0, 0x0, 0x7f, 0xf9, 0x1f, 0xff,
    0x0, 0x0, 0xcf, 0xf4, 0xc, 0xff, 0x40, 0x0,
    0xff, 0xf0, 0x7, 0xff, 0x80, 0x4, 0xff, 0xa0,
    0x2, 0xff, 0xd0, 0x9, 0xff, 0x50, 0x0, 0xdf,
    0xf1, 0xd, 0xff, 0x0, 0x0, 0x8f, 0xf6, 0x1f,
    0xfb, 0x0, 0x0, 0x3f, 0xfa, 0x6f, 0xf6, 0x0,
    0x0, 0xe, 0xfe, 0xaf, 0xf1, 0x0, 0x0, 0x9,
    0xff, 0xff, 0xb0, 0x0, 0x0, 0x4, 0xff, 0xff,
    0x60, 0x0, 0x0, 0x0, 0xef, 0xff, 0x10, 0x0,
    0x0, 0x0, 0x9f, 0xfc, 0x0, 0x0,

    /* U+0057 "W" */
    0x7f, 0xfb, 0x0, 0x0, 0x7f, 0xff, 0x0, 0x0,
    0x3f, 0xfe, 0x1, 0xff, 0xf0, 0x0, 0xc, 0xff,
    0xf4, 0x0, 0x7, 0xff, 0x90, 0xc, 0xff, 0x40,
    0x0, 0xff, 0xff, 0x80, 0x0, 0xbf, 0xf4, 0x0,
    0x7f, 0xf8, 0x0, 0x4f, 0xff, 0xfd, 0x0, 0xf,
    0xfe, 0x0, 0x2, 0xff, 0xd0, 0x9, 0xff, 0xff,
    0xf1, 0x4, 0xff, 0x90, 0x0, 0xd, 0xff, 0x10,
    0xdf, 0xfa, 0xff, 0x60, 0x8f, 0xf4, 0x0, 0x0,
    0x8f, 0xf6, 0x1f, 0xfb, 0x4f, 0xfa, 0xd, 0xff,
    0x0, 0x0, 0x3, 0xff, 0xa6, 0xff, 0x60, 0xef,
    0xe1, 0xff, 0xa0, 0x0, 0x0, 0xe, 0xfe, 0xaf,
    0xf1, 0xa, 0xff, 0x9f, 0xf5, 0x0, 0x0, 0x0,
    0x9f, 0xff, 0xfb, 0x0, 0x5f, 0xff, 0xff, 0x0,
    0x0, 0x0, 0x4, 0xff, 0xff, 0x60, 0x0, 0xff,
    0xff, 0xb0, 0x0, 0x0, 0x0, 0xe, 0xff, 0xf1,
    0x0, 0xa, 0xff, 0xf6, 0x0, 0x0, 0x0, 0x0,
    0x9f, 0xfc, 0x0, 0x0, 0x5f, 0xff, 0x10, 0x0,
    0x0,

    /* U+0058 "X" */
    0x1f, 0xff, 0x20, 0x0, 0x6f, 0xfc, 0x0, 0x7f,
    0xfb, 0x0, 0xe, 0xff, 0x30, 0x0, 0xdf, 0xf4,
    0x8, 0xff, 0x90, 0x0, 0x4, 0xff, 0xd2, 0xff,
    0xe1, 0x0, 0x0, 0xa, 0xff, 0xef, 0xf6, 0x0,
    0x0, 0x0, 0x1f, 0xff, 0xfc, 0x0, 0x0, 0x0,
    0x0, 0xaf, 0xff, 0x50, 0x0, 0x0, 0x0, 0x1f,
    0xff, 0xfc, 0x0, 0x0, 0x0, 0xa, 0xff, 0xef,
    0xf6, 0x0, 0x0, 0x4, 0xff, 0xd3, 0xff, 0xe1,
    0x0, 0x0, 0xdf, 0xf4, 0x9, 0xff, 0x90, 0x0,
    0x7f, 0xfb, 0x0, 0x1e, 0xff, 0x30, 0x1f, 0xff,
    0x20, 0x0, 0x6f, 0xfc, 0x0,

    /* U+0059 "Y" */
    0x5f, 0xfd, 0x0, 0x0, 0xbf, 0xf7, 0xd, 0xff,
    0x50, 0x3, 0xff, 0xe0, 0x5, 0xff, 0xc0, 0xa,
    0xff, 0x60, 0x0, 0xcf, 0xf4, 0x2f, 0xfe, 0x0,
    0x0, 0x4f, 0xfb, 0x9f, 0xf6, 0x0, 0x0, 0xc,
    0xff, 0xff, 0xd0, 0x0, 0x0, 0x4, 0xff, 0xff,
    0x50, 0x0, 0x0, 0x0, 0xcf, 0xfd, 0x0, 0x0,
    0x0, 0x0, 0x6f, 0xf8, 0x0, 0x0, 0x0, 0x0,
    0x6f, 0xf8, 0x0, 0x0, 0x0, 0x0, 0x6f, 0xf8,
    0x0, 0x0, 0x0, 0x0, 0x6f, 0xf8, 0x0, 0x0,
    0x0, 0x0, 0x6f, 0xf8, 0x0, 0x0,

    /* U+005A "Z" */
    0x3f, 0xff, 0xff, 0xff, 0xff, 0x63, 0xff, 0xff,
    0xff, 0xff, 0xf6, 0x17, 0x77, 0x77, 0x8f, 0xff,
    0x50, 0x0, 0x0, 0xb, 0xff, 0xb0, 0x0, 0x0,
    0x8, 0xff, 0xd0, 0x0, 0x0, 0x5, 0xff, 0xe2,
    0x0, 0x0, 0x2, 0xff, 0xf4, 0x0, 0x0, 0x1,
    0xdf, 0xf7, 0x0, 0x0, 0x0, 0xbf, 0xfa, 0x0,
    0x0, 0x0, 0x8f, 0xfc, 0x0, 0x0, 0x0, 0x2f,
    0xff, 0x97, 0x77, 0x77, 0x33, 0xff, 0xff, 0xff,
    0xff, 0xf6, 0x3f, 0xff, 0xff, 0xff, 0xff, 0x60,

    /* U+005B "[" */
    0x6f, 0xff, 0xf3, 0x6f, 0xff, 0xf3, 0x6f, 0xfc,
    0x71, 0x6f, 0xf8, 0x0, 0x6f, 0xf8, 0x0, 0x6f,
    0xf8, 0x0, 0x6f, 0xf8, 0x0, 0x6f, 0xf8, 0x0,
    0x6f, 0xf8, 0x0, 0x6f, 0xf8, 0x0, 0x6f, 0xf8,
    0x0, 0x6f, 0xf8, 0x0, 0x6f, 0xf8, 0x0, 0x6f,
    0xf8, 0x0, 0x6f, 0xf8, 0x0, 0x6f, 0xfc, 0x71,
    0x6f, 0xff, 0xf3, 0x6f, 0xff, 0xf3,

    /* U+005C "\\" */
    0x3f, 0xfc, 0x0, 0x0, 0x0, 0xdf, 0xf1, 0x0,
    0x0, 0x8, 0xff, 0x70, 0x0, 0x0, 0x2f, 0xfd,
    0x0, 0x0, 0x0, 0xcf, 0xf2, 0x0, 0x0, 0x7,
    0xff, 0x80, 0x0, 0x0, 0x1f, 0xfd, 0x0, 0x0,
    0x0, 0xbf, 0xf3, 0x0, 0x0, 0x6, 0xff, 0x90,
    0x0, 0x0, 0x1f, 0xfe, 0x0, 0x0, 0x0, 0xbf,
    0xf4, 0x0, 0x0, 0x5, 0xff, 0xa0, 0x0, 0x0,
    0xf, 0xff, 0x0,

    /* U+005D "]" */
    0x6f, 0xff, 0xf3, 0x6f, 0xff, 0xf3, 0x37, 0xef,
    0xf3, 0x0, 0xcf, 0xf3, 0x0, 0xcf, 0xf3, 0x0,
    0xcf, 0xf3, 0x0, 0xcf, 0xf3, 0x0, 0xcf, 0xf3,
    0x0, 0xcf, 0xf3, 0x0, 0xcf, 0xf3, 0x0, 0xcf,
    0xf3, 0x0, 0xcf, 0xf3, 0x0, 0xcf, 0xf3, 0x0,
    0xcf, 0xf3, 0x0, 0xcf, 0xf3, 0x37, 0xef, 0xf3,
    0x6f, 0xff, 0xf3, 0x6f, 0xff, 0xf3,

    /* U+005F "_" */
    0x23, 0x33, 0x33, 0x33, 0xb, 0xff, 0xff, 0xff,
    0xf4, 0xbf, 0xff, 0xff, 0xff, 0x40,

    /* U+0061 "a" */
    0x1, 0x8d, 0xfe, 0xb4, 0x0, 0x1e, 0xff, 0xff,
    0xff, 0x80, 0x8f, 0xfe, 0x8b, 0xff, 0xf1, 0x25,
    0x84, 0x0, 0xdf, 0xf3, 0x0, 0x1, 0x22, 0xcf,
    0xf3, 0x8, 0xef, 0xff, 0xff, 0xf3, 0x9f, 0xfa,
    0x55, 0xdf, 0xf3, 0xdf, 0xf4, 0x1, 0xef, 0xf3,
    0x9f, 0xff, 0xef, 0xff, 0xf3, 0x9, 0xef, 0xe7,
    0xbf, 0xf3,

    /* U+0062 "b" */
    0xbf, 0xf3, 0x0, 0x0, 0xb, 0xff, 0x30, 0x0,
    0x0, 0xbf, 0xf3, 0x0, 0x0, 0xb, 0xff, 0x8d,
    0xfd, 0x60, 0xbf, 0xff, 0xff, 0xff, 0x5b, 0xff,
    0x91, 0x6f, 0xfa, 0xbf, 0xf3, 0x0, 0xff, 0xcb,
    0xff, 0x30, 0xf, 0xfd, 0xbf, 0xf3, 0x0, 0xff,
    0xdb, 0xff, 0x30, 0xf, 0xfc, 0xbf, 0xf9, 0x17,
    0xff, 0xab, 0xff, 0xff, 0xff, 0xf5, 0xbf, 0xf8,
    0xdf, 0xd6, 0x0,

    /* U+0063 "c" */
    0x0, 0x7d, 0xfe, 0xb3, 0x0, 0xc, 0xff, 0xff,
    0xff, 0x60, 0x7f, 0xfe, 0x9a, 0xff, 0xf1, 0xcf,
    0xf4, 0x0, 0xae, 0xb3, 0xff, 0xf0, 0x0, 0x0,
    0x0, 0xff, 0xf0, 0x0, 0x0, 0x0, 0xcf, 0xf4,
    0x0, 0xac, 0xa2, 0x6f, 0xfe, 0x8a, 0xff, 0xf1,
    0xb, 0xff, 0xff, 0xff, 0x60, 0x0, 0x7d, 0xfe,
    0xb4, 0x0,

    /* U+0064 "d" */
    0x0, 0x0, 0x0, 0xef, 0xf1, 0x0, 0x0, 0x0,
    0xef, 0xf1, 0x0, 0x0, 0x0, 0xef, 0xf1, 0x5,
    0xdf, 0xe6, 0xef, 0xf1, 0x4f, 0xff, 0xff, 0xff,
    0xf1, 0xaf, 0xf8, 0x18, 0xff, 0xf1, 0xcf, 0xf1,
    0x2, 0xff, 0xf1, 0xcf, 0xf1, 0x2, 0xff, 0xf1,
    0xcf, 0xf1, 0x2, 0xff, 0xf1, 0xcf, 0xf1, 0x2,
    0xff, 0xf1, 0xaf, 0xf5, 0x6, 0xff, 0xf1, 0x4f,
    0xff, 0xef, 0xff, 0xf1, 0x6, 0xdf, 0xd7, 0xef,
    0xf1,

    /* U+0065 "e" */
    0x0, 0x8d, 0xfe, 0xa3, 0x0, 0x1d, 0xff, 0xff,
    0xff, 0x50, 0x8f, 0xfc, 0x7a, 0xff, 0xe0, 0xbf,
    0xf0, 0x0, 0xaf, 0xf2, 0xcf, 0xff, 0xff, 0xff,
    0xf3, 0xcf, 0xf9, 0x99, 0x99, 0x91, 0xbf, 0xf1,
    0x0, 0x66, 0x20, 0x8f, 0xfd, 0x79, 0xff, 0xc0,
    0x1d, 0xff, 0xff, 0xff, 0x30, 0x0, 0x7d, 0xfe,
    0xa2, 0x0,

    /* U+0066 "f" */
    0x0, 0x2a, 0xef, 0xe0, 0xd, 0xff, 0xfe, 0x0,
    0xff, 0xf1, 0x0, 0x2f, 0xfd, 0x0, 0x14, 0xff,
    0xe2, 0x28, 0xff, 0xff, 0xfe, 0x8f, 0xff, 0xff,
    0xe0, 0x2f, 0xfd, 0x0, 0x2, 0xff, 0xd0, 0x0,
    0x2f, 0xfd, 0x0, 0x2, 0xff, 0xd0, 0x0, 0x2f,
    0xfd, 0x0, 0x2, 0xff, 0xd0, 0x0,

    /* U+0067 "g" */
    0x5, 0xdf, 0xe9, 0xff, 0xd4, 0xff, 0xff, 0xff,
    0xfd, 0xaf, 0xf6, 0x7, 0xff, 0xdc, 0xff, 0x10,
    0x2f, 0xfd, 0xcf, 0xf1, 0x2, 0xff, 0xdc, 0xff,
    0x10, 0x2f, 0xfd, 0xcf, 0xf1, 0x2, 0xff, 0xda,
    0xff, 0x81, 0x8f, 0xfd, 0x4f, 0xff, 0xff, 0xff,
    0xd0, 0x6d, 0xfd, 0xaf, 0xfc, 0x0, 0x0, 0xa,
    0xff, 0xa0, 0x4a, 0x9c, 0xff, 0xf4, 0x6, 0xff,
    0xff, 0xf9, 0x0, 0x6e, 0xfe, 0xa3, 0x0,

    /* U+0068 "h" */
    0xbf, 0xf3, 0x0, 0x0, 0xb, 0xff, 0x30, 0x0,
    0x0, 0xbf, 0xf3, 0x0, 0x0, 0xb, 0xff, 0x8d,
    0xfd, 0x60, 0xbf, 0xff, 0xff, 0xff, 0x5b, 0xff,
    0x91, 0x7f, 0xfa, 0xbf, 0xf3, 0x0, 0xff, 0xcb,
    0xff, 0x30, 0xf, 0xfd, 0xbf, 0xf3, 0x0, 0xff,
    0xdb, 0xff, 0x30, 0xf, 0xfd, 0xbf, 0xf3, 0x0,
    0xff, 0xdb, 0xff, 0x30, 0xf, 0xfd, 0xbf, 0xf3,
    0x0, 0xff, 0xd0,

    /* U+0069 "i" */
    0x4, 0x71, 0x3f, 0xfb, 0x3f, 0xfb, 0x6, 0x92,
    0x4f, 0xfb, 0x4f, 0xfb, 0x4f, 0xfb, 0x4f, 0xfb,
    0x4f, 0xfb, 0x4f, 0xfb, 0x4f, 0xfb, 0x4f, 0xfb,
    0x4f, 0xfb, 0x4f, 0xfb,

    /* U+006A "j" */
    0x0, 0x1, 0x73, 0x0, 0x0, 0xdf, 0xf1, 0x0,
    0xe, 0xff, 0x10, 0x0, 0x39, 0x40, 0x0, 0xe,
    0xff, 0x10, 0x0, 0xef, 0xf1, 0x0, 0xe, 0xff,
    0x10, 0x0, 0xef, 0xf1, 0x0, 0xe, 0xff, 0x10,
    0x0, 0xef, 0xf1, 0x0, 0xe, 0xff, 0x10, 0x0,
    0xef, 0xf1, 0x0, 0xe, 0xff, 0x10, 0x0, 0xef,
    0xf0, 0x0, 0xf, 0xff, 0x1, 0x7c, 0xff, 0xe0,
    0x3f, 0xff, 0xf8, 0x2, 0xfe, 0xc6, 0x0,

    /* U+006B "k" */
    0xbf, 0xf3, 0x0, 0x0, 0x0, 0xbf, 0xf3, 0x0,
    0x0, 0x0, 0xbf, 0xf3, 0x0, 0x0, 0x0, 0xbf,
    0xf3, 0x8, 0xff, 0xd0, 0xbf, 0xf3, 0x6f, 0xff,
    0x20, 0xbf, 0xf7, 0xff, 0xf5, 0x0, 0xbf, 0xff,
    0xff, 0xa0, 0x0, 0xbf, 0xff, 0xff, 0xe0, 0x0,
    0xbf, 0xff, 0xbf, 0xf6, 0x0, 0xbf, 0xf9, 0x1f,
    0xfe, 0x0, 0xbf, 0xf3, 0x9, 0xff, 0x60, 0xbf,
    0xf3, 0x3, 0xff, 0xd0, 0xbf, 0xf3, 0x0, 0xcf,
    0xf5,

    /* U+006C "l" */
    0xbf, 0xf3, 0xb, 0xff, 0x30, 0xbf, 0xf3, 0xb,
    0xff, 0x30, 0xbf, 0xf3, 0xb, 0xff, 0x30, 0xbf,
    0xf3, 0xb, 0xff, 0x30, 0xbf, 0xf3, 0xb, 0xff,
    0x30, 0xbf, 0xf9, 0x4b, 0xff, 0xf9, 0xbf, 0xff,
    0x90,

    /* U+006D "m" */
    0xcf, 0xf9, 0xdf, 0xd6, 0x1a, 0xfe, 0xb2, 0xc,
    0xff, 0xff, 0xff, 0xfd, 0xff, 0xff, 0xd0, 0xcf,
    0xf9, 0x17, 0xff, 0xf4, 0x1c, 0xff, 0x4c, 0xff,
    0x30, 0xf, 0xfd, 0x0, 0x7f, 0xf6, 0xcf, 0xf3,
    0x0, 0xff, 0xd0, 0x7, 0xff, 0x6c, 0xff, 0x30,
    0xf, 0xfd, 0x0, 0x7f, 0xf6, 0xcf, 0xf3, 0x0,
    0xff, 0xd0, 0x7, 0xff, 0x6c, 0xff, 0x30, 0xf,
    0xfd, 0x0, 0x7f, 0xf6, 0xcf, 0xf3, 0x0, 0xff,
    0xd0, 0x7, 0xff, 0x6c, 0xff, 0x30, 0xf, 0xfd,
    0x0, 0x7f, 0xf6,

    /* U+006E "n" */
    0xcf, 0xf9, 0xdf, 0xd6, 0xc, 0xff, 0xff, 0xff,
    0xf5, 0xcf, 0xf9, 0x17, 0xff, 0xac, 0xff, 0x30,
    0xf, 0xfc, 0xcf, 0xf3, 0x0, 0xff, 0xdc, 0xff,
    0x30, 0xf, 0xfd, 0xcf, 0xf3, 0x0, 0xff, 0xdc,
    0xff, 0x30, 0xf, 0xfd, 0xcf, 0xf3, 0x0, 0xff,
    0xdc, 0xff, 0x30, 0xf, 0xfd,

    /* U+006F "o" */
    0x0, 0x8d, 0xfe, 0xb3, 0x0, 0x1d, 0xff, 0xff,
    0xff, 0x50, 0x9f, 0xfc, 0x58, 0xff, 0xe0, 0xcf,
    0xf2, 0x0, 0xbf, 0xf2, 0xcf, 0xf1, 0x0, 0xbf,
    0xf2, 0xcf, 0xf1, 0x0, 0xbf, 0xf2, 0xcf, 0xf2,
    0x0, 0xbf, 0xf2, 0x8f, 0xfb, 0x57, 0xff, 0xe0,
    0x1d, 0xff, 0xff, 0xff, 0x50, 0x1, 0x8d, 0xfe,
    0xb3, 0x0,

    /* U+0070 "p" */
    0xbf, 0xf9, 0xdf, 0xd6, 0xb, 0xff, 0xff, 0xff,
    0xf4, 0xbf, 0xf9, 0x17, 0xff, 0xab, 0xff, 0x30,
    0xf, 0xfc, 0xbf, 0xf3, 0x0, 0xff, 0xcb, 0xff,
    0x30, 0xf, 0xfc, 0xbf, 0xf3, 0x0, 0xff, 0xcb,
    0xff, 0x91, 0x7f, 0xfa, 0xbf, 0xff, 0xff, 0xff,
    0x4b, 0xff, 0x9d, 0xfd, 0x60, 0xbf, 0xf3, 0x0,
    0x0, 0xb, 0xff, 0x30, 0x0, 0x0, 0xbf, 0xf3,
    0x0, 0x0, 0xb, 0xff, 0x30, 0x0, 0x0,

    /* U+0071 "q" */
    0x5, 0xdf, 0xd8, 0xff, 0xd4, 0xff, 0xff, 0xff,
    0xfd, 0xaf, 0xf8, 0x28, 0xff, 0xdc, 0xff, 0x10,
    0x2f, 0xfd, 0xcf, 0xf1, 0x2, 0xff, 0xdc, 0xff,
    0x10, 0x2f, 0xfd, 0xcf, 0xf1, 0x2, 0xff, 0xda,
    0xff, 0x71, 0x8f, 0xfd, 0x4f, 0xff, 0xff, 0xff,
    0xd0, 0x6d, 0xfd, 0x8f, 0xfd, 0x0, 0x0, 0x2,
    0xff, 0xd0, 0x0, 0x0, 0x2f, 0xfd, 0x0, 0x0,
    0x2, 0xff, 0xd0, 0x0, 0x0, 0x2f, 0xfd,

    /* U+0072 "r" */
    0x6f, 0xf9, 0x8f, 0xd0, 0x6f, 0xfd, 0xff, 0xc0,
    0x6f, 0xff, 0xfe, 0x90, 0x6f, 0xfe, 0x20, 0x0,
    0x6f, 0xf9, 0x0, 0x0, 0x6f, 0xf9, 0x0, 0x0,
    0x6f, 0xf9, 0x0, 0x0, 0x6f, 0xf9, 0x0, 0x0,
    0x6f, 0xf9, 0x0, 0x0, 0x6f, 0xf9, 0x0, 0x0,

    /* U+0073 "s" */
    0x3, 0xae, 0xfd, 0x92, 0x4, 0xff, 0xff, 0xff,
    0xe2, 0xbf, 0xf9, 0x49, 0xff, 0x9b, 0xff, 0x60,
    0x6, 0x64, 0x4f, 0xff, 0xfd, 0x92, 0x0, 0x3b,
    0xff, 0xff, 0xf4, 0x46, 0x50, 0x39, 0xff, 0xca,
    0xff, 0x62, 0x8f, 0xfc, 0x3f, 0xff, 0xff, 0xff,
    0x60, 0x2a, 0xdf, 0xeb, 0x40,

    /* U+0074 "t" */
    0x0, 0x88, 0x60, 0x0, 0x1f, 0xfc, 0x0, 0x1,
    0xff, 0xc0, 0x8, 0xff, 0xff, 0xff, 0x8f, 0xff,
    0xff, 0xf1, 0x3f, 0xfd, 0x22, 0x1, 0xff, 0xc0,
    0x0, 0x1f, 0xfc, 0x0, 0x1, 0xff, 0xc0, 0x0,
    0x1f, 0xfd, 0x0, 0x0, 0xff, 0xf9, 0x50, 0xd,
    0xff, 0xfb, 0x0, 0x3b, 0xef, 0xa0,

    /* U+0075 "u" */
    0xcf, 0xf1, 0x2, 0xff, 0xdc, 0xff, 0x10, 0x2f,
    0xfd, 0xcf, 0xf1, 0x2, 0xff, 0xdc, 0xff, 0x10,
    0x2f, 0xfd, 0xcf, 0xf1, 0x2, 0xff, 0xdc, 0xff,
    0x10, 0x2f, 0xfd, 0xcf, 0xf1, 0x2, 0xff, 0xda,
    0xff, 0x60, 0x7f, 0xfd, 0x4f, 0xff, 0xff, 0xff,
    0xd0, 0x5d, 0xfe, 0x9f, 0xfd,

    /* U+0076 "v" */
    0x5f, 0xfc, 0x0, 0x3f, 0xfe, 0x0, 0xff, 0xf0,
    0x7, 0xff, 0x90, 0xb, 0xff, 0x40, 0xbf, 0xf4,
    0x0, 0x6f, 0xf8, 0xe, 0xff, 0x0, 0x1, 0xff,
    0xc2, 0xff, 0xa0, 0x0, 0xc, 0xff, 0x7f, 0xf5,
    0x0, 0x0, 0x7f, 0xfd, 0xff, 0x0, 0x0, 0x1,
    0xff, 0xff, 0xb0, 0x0, 0x0, 0xc, 0xff, 0xf6,
    0x0, 0x0, 0x0, 0x7f, 0xff, 0x10, 0x0,

    /* U+0077 "w" */
    0x5f, 0xfc, 0x0, 0x3f, 0xfa, 0x0, 0x5f, 0xfc,
    0x1f, 0xff, 0x0, 0x7f, 0xfe, 0x0, 0x9f, 0xf7,
    0xb, 0xff, 0x40, 0xbf, 0xff, 0x20, 0xdf, 0xf2,
    0x6, 0xff, 0x80, 0xef, 0xff, 0x61, 0xff, 0xd0,
    0x1, 0xff, 0xb2, 0xff, 0xdf, 0x94, 0xff, 0x80,
    0x0, 0xcf, 0xf7, 0xfd, 0x6f, 0xd8, 0xff, 0x30,
    0x0, 0x7f, 0xfd, 0xf9, 0x2f, 0xfd, 0xfe, 0x0,
    0x0, 0x2f, 0xff, 0xf4, 0xd, 0xff, 0xf8, 0x0,
    0x0, 0xd, 0xff, 0xe0, 0x8, 0xff, 0xf3, 0x0,
    0x0, 0x8, 0xff, 0xa0, 0x3, 0xff, 0xe0, 0x0,

    /* U+0078 "x" */
    0x3f, 0xfe, 0x10, 0x2f, 0xff, 0x40, 0x8f, 0xf9,
    0xb, 0xff, 0x90, 0x0, 0xdf, 0xf9, 0xff, 0xe0,
    0x0, 0x3, 0xff, 0xff, 0xf4, 0x0, 0x0, 0x8,
    0xff, 0xf9, 0x0, 0x0, 0x0, 0x8f, 0xff, 0x90,
    0x0, 0x0, 0x3f, 0xff, 0xff, 0x40, 0x0, 0xd,
    0xff, 0xaf, 0xfe, 0x0, 0x8, 0xff, 0xc0, 0x8f,
    0xf9, 0x3, 0xff, 0xf3, 0x0, 0xdf, 0xf4,

    /* U+0079 "y" */
    0x5f, 0xfc, 0x0, 0x4f, 0xfd, 0xf, 0xff, 0x0,
    0x8f, 0xf7, 0xb, 0xff, 0x40, 0xbf, 0xf2, 0x6,
    0xff, 0x80, 0xff, 0xd0, 0x1, 0xff, 0xc3, 0xff,
    0x70, 0x0, 0xcf, 0xf8, 0xff, 0x20, 0x0, 0x6f,
    0xff, 0xfd, 0x0, 0x0, 0x1f, 0xff, 0xf8, 0x0,
    0x0, 0xc, 0xff, 0xf2, 0x0, 0x0, 0x7, 0xff,
    0xd0, 0x0, 0x0, 0x6, 0xff, 0x80, 0x0, 0x7,
    0x9f, 0xff, 0x20, 0x0, 0xf, 0xff, 0xf8, 0x0,
    0x0, 0xf, 0xfc, 0x60, 0x0, 0x0,

    /* U+007A "z" */
    0xcf, 0xff, 0xff, 0xff, 0x1c, 0xff, 0xff, 0xff,
    0xf1, 0x7a, 0xaa, 0xdf, 0xff, 0x0, 0x0, 0x4f,
    0xff, 0x40, 0x0, 0x3f, 0xff, 0x40, 0x0, 0x3f,
    0xff, 0x40, 0x0, 0x2e, 0xff, 0x50, 0x0, 0xd,
    0xff, 0xda, 0xaa, 0xa1, 0xef, 0xff, 0xff, 0xff,
    0x3e, 0xff, 0xff, 0xff, 0xf3,

    /* U+007B "{" */
    0x0, 0x3d, 0xff, 0x70, 0xe, 0xff, 0xf7, 0x0,
    0xff, 0xfa, 0x30, 0xf, 0xff, 0x0, 0x0, 0xff,
    0xf0, 0x0, 0xf, 0xff, 0x0, 0x1, 0xff, 0xe0,
    0x2, 0xaf, 0xfc, 0x0, 0x6f, 0xff, 0x30, 0x6,
    0xff, 0xf7, 0x0, 0x6, 0xff, 0xd0, 0x0, 0x1f,
    0xfe, 0x0, 0x0, 0xff, 0xf0, 0x0, 0xf, 0xff,
    0x0, 0x0, 0xff, 0xf0, 0x0, 0xf, 0xff, 0xa3,
    0x0, 0xdf, 0xff, 0x70, 0x3, 0xdf, 0xf7,

    /* U+007C "|" */
    0xff, 0xbf, 0xfb, 0xff, 0xbf, 0xfb, 0xff, 0xbf,
    0xfb, 0xff, 0xbf, 0xfb, 0xff, 0xbf, 0xfb, 0xff,
    0xbf, 0xfb, 0xff, 0xbf, 0xfb, 0xff, 0xbc, 0xc8,

    /* U+007D "}" */
    0xef, 0xfa, 0x0, 0xef, 0xff, 0x70, 0x7d, 0xff,
    0x90, 0x6, 0xff, 0xa0, 0x5, 0xff, 0xa0, 0x5,
    0xff, 0xa0, 0x5, 0xff, 0xb0, 0x3, 0xff, 0xf6,
    0x0, 0x9f, 0xff, 0x0, 0xdf, 0xff, 0x4, 0xff,
    0xe2, 0x5, 0xff, 0xa0, 0x5, 0xff, 0xa0, 0x5,
    0xff, 0xa0, 0x6, 0xff, 0xa0, 0x6d, 0xff, 0x90,
    0xef, 0xff, 0x70, 0xef, 0xfa, 0x0,

    /* U+060C "،" */
    0x0, 0x73, 0x0, 0x2f, 0x50, 0x9, 0xe0, 0x0,
    0xff, 0xb0, 0x3f, 0xff, 0x0, 0xaf, 0x70,

    /* U+061B "؛" */
    0x0, 0x0, 0x0, 0xd, 0x60, 0x5, 0xf2, 0x0,
    0xcf, 0x40, 0x2f, 0xfe, 0x1, 0xff, 0xd0, 0x3,
    0x71, 0x0, 0x0, 0x0, 0x1, 0x30, 0x1, 0xef,
    0xb0, 0x3f, 0xff, 0x0, 0xaf, 0x70,

    /* U+061F "؟" */
    0x0, 0x7d, 0xfd, 0x60, 0x0, 0xaf, 0xff, 0xff,
    0x90, 0x5f, 0xff, 0xef, 0xff, 0x4b, 0xff, 0x20,
    0x3f, 0xf9, 0xcf, 0xb0, 0x0, 0xcf, 0xba, 0xff,
    0x20, 0x4, 0x53, 0x3f, 0xff, 0x50, 0x0, 0x0,
    0x5f, 0xff, 0x50, 0x0, 0x0, 0x3f, 0xfb, 0x0,
    0x0, 0x0, 0xcf, 0xc0, 0x0, 0x0, 0x4, 0x54,
    0x0, 0x0, 0x0, 0x3, 0x0, 0x0, 0x0, 0xd,
    0xfd, 0x0, 0x0, 0x1, 0xff, 0xf1, 0x0, 0x0,
    0x9, 0xf9, 0x0, 0x0,

    /* U+0621 "ء" */
    0x0, 0x5, 0x75, 0x10, 0x1, 0xdf, 0xff, 0x70,
    0xa, 0xff, 0xff, 0x30, 0xf, 0xf7, 0x2, 0x0,
    0xf, 0xf7, 0x3, 0x62, 0x3d, 0xff, 0xff, 0xf7,
    0xef, 0xff, 0xff, 0xfa, 0xbf, 0xfc, 0x96, 0x30,
    0x22, 0x0, 0x0, 0x0,

    /* U+0622 "آ" */
    0x3b, 0xb8, 0x6e, 0x5d, 0xff, 0xff, 0xf1, 0x93,
    0x3, 0x51, 0x0, 0x2d, 0xd4, 0x0, 0x2, 0xff,
    0x60, 0x0, 0x1f, 0xf7, 0x0, 0x0, 0xff, 0x70,
    0x0, 0xf, 0xf8, 0x0, 0x0, 0xff, 0x80, 0x0,
    0xf, 0xf9, 0x0, 0x0, 0xef, 0xa0, 0x0, 0xd,
    0xfa, 0x0, 0x0, 0xdf, 0xb0, 0x0, 0xc, 0xfb,
    0x0, 0x0, 0xbf, 0xc0, 0x0,

    /* U+0623 "أ" */
    0x2, 0xcf, 0xb0, 0xc, 0xd7, 0x70, 0xd, 0x60,
    0x33, 0x3c, 0xff, 0xfc, 0xdf, 0xb8, 0x40, 0x10,
    0x0, 0x0, 0x2, 0xdd, 0x40, 0x2, 0xff, 0x60,
    0x1, 0xff, 0x70, 0x0, 0xff, 0x70, 0x0, 0xff,
    0x80, 0x0, 0xff, 0x80, 0x0, 0xff, 0x90, 0x0,
    0xef, 0xa0, 0x0, 0xdf, 0xa0, 0x0, 0xdf, 0xb0,
    0x0, 0xcf, 0xb0, 0x0, 0xbf, 0xc0,

    /* U+0624 "ؤ" */
    0x0, 0x0, 0x27, 0x51, 0x0, 0x0, 0x3, 0xff,
    0xf2, 0x0, 0x0, 0x8, 0xc0, 0x0, 0x0, 0x0,
    0x6, 0xf9, 0xbe, 0x0, 0x0, 0x7f, 0xfe, 0xb7,
    0x0, 0x0, 0x36, 0x20, 0x0, 0x0, 0x0, 0x8,
    0xcc, 0x70, 0x0, 0x0, 0xbf, 0xff, 0xfc, 0x0,
    0x6, 0xff, 0xff, 0xff, 0x80, 0xb, 0xff, 0x32,
    0xdf, 0xe0, 0xd, 0xfb, 0x0, 0x6f, 0xf2, 0xc,
    0xfd, 0x0, 0x3f, 0xf5, 0x8, 0xff, 0xee, 0xff,
    0xf7, 0x1, 0xef, 0xff, 0xff, 0xf8, 0x0, 0x2b,
    0xff, 0xef, 0xfa, 0x0, 0x0, 0x0, 0xf, 0xf9,
    0x0, 0x0, 0x26, 0xdf, 0xf6, 0x0, 0x9e, 0xff,
    0xff, 0xd0, 0x0, 0xaf, 0xff, 0xfa, 0x10, 0x0,
    0x7e, 0xb6, 0x10, 0x0, 0x0, 0x0, 0x0, 0x0,
    0x0,

    /* U+0625 "إ" */
    0x8, 0xff, 0x0, 0x0, 0x7f, 0xf1, 0x0, 0x6,
    0xff, 0x10, 0x0, 0x6f, 0xf2, 0x0, 0x5, 0xff,
    0x20, 0x0, 0x4f, 0xf3, 0x0, 0x4, 0xff, 0x40,
    0x0, 0x3f, 0xf4, 0x0, 0x3, 0xff, 0x50, 0x0,
    0x2f, 0xf6, 0x0, 0x1, 0xff, 0x60, 0x0, 0x1f,
    0xf7, 0x0, 0x0, 0xff, 0x70, 0x0, 0xf, 0xf8,
    0x0, 0x0, 0x0, 0x0, 0x0, 0x1b, 0xfd, 0x0,
    0x9, 0xe7, 0x80, 0x0, 0xb9, 0x2, 0x40, 0x2b,
    0xff, 0xfe, 0xa, 0xfc, 0x84, 0x10, 0x10, 0x0,
    0x0, 0x0,

    /* U+0626 "ئ" */
    0x0, 0x1, 0xbf, 0xc0, 0x0, 0x0, 0x0, 0x0,
    0xa, 0xd6, 0x60, 0x0, 0x0, 0x0, 0x0, 0xc,
    0x91, 0x45, 0x0, 0x0, 0x0, 0x0, 0x4c, 0xff,
    0xfd, 0x0, 0x21, 0x0, 0x0, 0xbe, 0xa6, 0x30,
    0x5e, 0xff, 0xe3, 0x0, 0x0, 0x0, 0x6, 0xff,
    0xff, 0xf1, 0x0, 0x0, 0x0, 0x2f, 0xff, 0xbc,
    0xd0, 0x4, 0x93, 0x0, 0x9f, 0xf4, 0x0, 0x0,
    0x9, 0xff, 0x10, 0xef, 0xb0, 0x0, 0x0, 0xd,
    0xfc, 0x0, 0xff, 0xd3, 0x0, 0x0, 0xf, 0xf9,
    0x0, 0xdf, 0xff, 0xe9, 0x20, 0xf, 0xf8, 0x0,
    0x2d, 0xff, 0xff, 0xf2, 0xe, 0xfa, 0x0, 0x0,
    0x5a, 0xff, 0xf8, 0xa, 0xff, 0x20, 0x0, 0x1,
    0x7f, 0xf8, 0x4, 0xff, 0xf9, 0x8a, 0xdf, 0xff,
    0xf2, 0x0, 0xaf, 0xff, 0xff, 0xff, 0xfe, 0x30,
    0x0, 0x8, 0xff, 0xff, 0xfc, 0x60, 0x0, 0x0,
    0x0, 0x4, 0x43, 0x0, 0x0, 0x0,

    /* U+0627 "ا" */
    0x8f, 0xf0, 0x7f, 0xf1, 0x6f, 0xf1, 0x6f, 0xf2,
    0x5f, 0xf2, 0x4f, 0xf3, 0x4f, 0xf4, 0x3f, 0xf4,
    0x3f, 0xf5, 0x2f, 0xf6, 0x1f, 0xf6, 0x1f, 0xf7,
    0xf, 0xf7, 0xf, 0xf8,

    /* U+0628 "ب" */
    0x0, 0x20, 0x0, 0x0, 0x0, 0x0, 0x0, 0x0,
    0x12, 0x0, 0x4f, 0xd3, 0x0, 0x0, 0x0, 0x0,
    0x0, 0xcf, 0xa0, 0x8, 0xff, 0x10, 0x0, 0x0,
    0x0, 0x0, 0xb, 0xfe, 0x0, 0xcf, 0xd0, 0x0,
    0x0, 0x0, 0x0, 0x0, 0x7f, 0xf2, 0xe, 0xf9,
    0x0, 0x0, 0x0, 0x0, 0x0, 0x3, 0xff, 0x40,
    0xef, 0xc1, 0x0, 0x0, 0x0, 0x0, 0x0, 0x7f,
    0xf4, 0xa, 0xff, 0xff, 0xed, 0xdd, 0xdd, 0xde,
    0xff, 0xff, 0x10, 0x1e, 0xff, 0xff, 0xff, 0xff,
    0xff, 0xff, 0xff, 0x60, 0x0, 0x18, 0xce, 0xff,
    0xff, 0xff, 0xff, 0xda, 0x30, 0x0, 0x0, 0x0,
    0x0, 0x0, 0x0, 0x0, 0x0, 0x0, 0x0, 0x0,
    0x0, 0x0, 0x0, 0xa, 0x20, 0x0, 0x0, 0x0,
    0x0, 0x0, 0x0, 0x0, 0xb, 0xfe, 0x20, 0x0,
    0x0, 0x0, 0x0, 0x0, 0x0, 0x0, 0x9f, 0xd1,
    0x0, 0x0, 0x0, 0x0, 0x0, 0x0, 0x0, 0x0,
    0x71, 0x0, 0x0, 0x0, 0x0,

    /* U+0629 "ة" */
    0xa, 0x20, 0xa, 0x20, 0xaf, 0xe1, 0xaf, 0xe1,
    0x3f, 0x80, 0x3f, 0x80, 0x2, 0x5, 0x2, 0x0,
    0x0, 0xaf, 0x70, 0x0, 0x3, 0xff, 0xf8, 0x0,
    0x7, 0xff, 0xff, 0x70, 0x4f, 0xfe, 0xff, 0xf3,
    0xbf, 0xf3, 0x4f, 0xfa, 0xff, 0x90, 0xb, 0xfd,
    0xff, 0xa0, 0xc, 0xfc, 0xaf, 0xfd, 0xef, 0xf8,
    0x2e, 0xff, 0xff, 0xd1, 0x2, 0xbf, 0xfa, 0x10,

    /* U+062A "ت" */
    0x0, 0x0, 0x0, 0x0, 0x0, 0x0, 0x0, 0x0,
    0x0, 0x0, 0x0, 0x0, 0x2, 0xe6, 0x2, 0xe6,
    0x0, 0x0, 0x0, 0x0, 0x20, 0x0, 0xbf, 0xf1,
    0xbf, 0xf1, 0x0, 0x12, 0x0, 0x4f, 0xd3, 0x1,
    0xc4, 0x1, 0xc4, 0x0, 0xcf, 0xa0, 0x8, 0xff,
    0x10, 0x0, 0x0, 0x0, 0x0, 0xb, 0xfe, 0x0,
    0xcf, 0xd0, 0x0, 0x0, 0x0, 0x0, 0x0, 0x7f,
    0xf2, 0xe, 0xf9, 0x0, 0x0, 0x0, 0x0, 0x0,
    0x3, 0xff, 0x40, 0xef, 0xc1, 0x0, 0x0, 0x0,
    0x0, 0x0, 0x7f, 0xf4, 0xa, 0xff, 0xff, 0xed,
    0xdd, 0xdd, 0xde, 0xff, 0xff, 0x10, 0x1e, 0xff,
    0xff, 0xff, 0xff, 0xff, 0xff, 0xff, 0x60, 0x0,
    0x18, 0xce, 0xff, 0xff, 0xff, 0xff, 0xda, 0x30,
    0x0,

    /* U+062B "ث" */
    0x0, 0x0, 0x0, 0x0, 0x8, 0x20, 0x0, 0x0,
    0x0, 0x0, 0x0, 0x0, 0x0, 0x6, 0xfc, 0x0,
    0x0, 0x0, 0x0, 0x0, 0x0, 0x0, 0x0, 0x8,
    0x20, 0x0, 0x0, 0x0, 0x0, 0x0, 0x0, 0x2,
    0xe6, 0x2, 0xe6, 0x0, 0x0, 0x0, 0x0, 0x20,
    0x0, 0xaf, 0xf1, 0xbf, 0xf1, 0x0, 0x12, 0x0,
    0x4f, 0xd3, 0x0, 0xc4, 0x1, 0xc3, 0x0, 0xcf,
    0xa0, 0x8, 0xff, 0x10, 0x0, 0x0, 0x0, 0x0,
    0xb, 0xfe, 0x0, 0xcf, 0xd0, 0x0, 0x0, 0x0,
    0x0, 0x0, 0x7f, 0xf2, 0xe, 0xf9, 0x0, 0x0,
    0x0, 0x0, 0x0, 0x3, 0xff, 0x40, 0xef, 0xc1,
    0x0, 0x0, 0x0, 0x0, 0x0, 0x7f, 0xf4, 0xa,
    0xff, 0xff, 0xed, 0xdd, 0xdd, 0xde, 0xff, 0xff,
    0x10, 0x1e, 0xff, 0xff, 0xff, 0xff, 0xff, 0xff,
    0xff, 0x60, 0x0, 0x18, 0xce, 0xff, 0xff, 0xff,
    0xff, 0xda, 0x30, 0x0,

    /* U+062C "ج" */
    0x0, 0x0, 0x15, 0x51, 0x0, 0x0, 0x0, 0x0,
    0x8, 0xff, 0xff, 0xa1, 0x0, 0x0, 0x0, 0x8f,
    0xff, 0xff, 0xff, 0x80, 0x0, 0x0, 0xff, 0xf9,
    0x8e, 0xff, 0xfe, 0x60, 0x0, 0x2c, 0x40, 0x0,
    0x7e, 0xff, 0xf5, 0x0, 0x0, 0x0, 0x0, 0x38,
    0xff, 0xf4, 0x0, 0x0, 0x16, 0xbf, 0xff, 0xff,
    0xf2, 0x0, 0x6, 0xef, 0xff, 0xff, 0xfd, 0x90,
    0x0, 0x8f, 0xff, 0xfe, 0xa6, 0x10, 0x0, 0x4,
    0xff, 0xf9, 0x30, 0x0, 0x0, 0x0, 0xb, 0xff,
    0x40, 0x4, 0x90, 0x0, 0x0, 0xe, 0xfa, 0x0,
    0x4f, 0xfa, 0x0, 0x0, 0xf, 0xf9, 0x0, 0x2e,
    0xf7, 0x0, 0x0, 0xd, 0xfd, 0x0, 0x2, 0x60,
    0x0, 0x20, 0x8, 0xff, 0x90, 0x0, 0x15, 0x9e,
    0xf0, 0x1, 0xff, 0xff, 0xcd, 0xff, 0xff, 0xf4,
    0x0, 0x4f, 0xff, 0xff, 0xff, 0xff, 0xc3, 0x0,
    0x2, 0xaf, 0xff, 0xd9, 0x50, 0x0, 0x0, 0x0,
    0x0, 0x10, 0x0, 0x0, 0x0,

    /* U+062D "ح" */
    0x0, 0x0, 0x15, 0x51, 0x0, 0x0, 0x0, 0x0,
    0x8, 0xff, 0xff, 0xa1, 0x0, 0x0, 0x0, 0x8f,
    0xff, 0xff, 0xff, 0x80, 0x0, 0x0, 0xff, 0xf9,
    0x8e, 0xff, 0xfe, 0x60, 0x0, 0x2c, 0x40, 0x0,
    0x7e, 0xff, 0xf5, 0x0, 0x0, 0x0, 0x0, 0x38,
    0xff, 0xf4, 0x0, 0x0, 0x16, 0xbf, 0xff, 0xff,
    0xf2, 0x0, 0x6, 0xef, 0xff, 0xff, 0xfd, 0x90,
    0x0, 0x8f, 0xff, 0xfe, 0xa6, 0x10, 0x0, 0x4,
    0xff, 0xf9, 0x30, 0x0, 0x0, 0x0, 0xb, 0xff,
    0x40, 0x0, 0x0, 0x0, 0x0, 0xe, 0xfa, 0x0,
    0x0, 0x0, 0x0, 0x0, 0xf, 0xf9, 0x0, 0x0,
    0x0, 0x0, 0x0, 0xd, 0xfd, 0x0, 0x0, 0x0,
    0x0, 0x20, 0x8, 0xff, 0x90, 0x0, 0x15, 0x9e,
    0xf0, 0x1, 0xff, 0xff, 0xcd, 0xff, 0xff, 0xf4,
    0x0, 0x4f, 0xff, 0xff, 0xff, 0xff, 0xc3, 0x0,
    0x2, 0xaf, 0xff, 0xd9, 0x50, 0x0, 0x0, 0x0,
    0x0, 0x10, 0x0, 0x0, 0x0,

    /* U+062E "خ" */
    0x0, 0x0, 0x6, 0x70, 0x0, 0x0, 0x0, 0x0,
    0x0, 0x6f, 0xf7, 0x0, 0x0, 0x0, 0x0, 0x0,
    0x4f, 0xf4, 0x0, 0x0, 0x0, 0x0, 0x0, 0x4,
    0x40, 0x0, 0x0, 0x0, 0x0, 0x0, 0x15, 0x51,
    0x0, 0x0, 0x0, 0x0, 0x8, 0xff, 0xff, 0xa1,
    0x0, 0x0, 0x0, 0x8f, 0xff, 0xff, 0xff, 0x80,
    0x0, 0x0, 0xff, 0xf9, 0x8e, 0xff, 0xfe, 0x60,
    0x0, 0x2c, 0x40, 0x0, 0x7e, 0xff, 0xf5, 0x0,
    0x0, 0x0, 0x0, 0x38, 0xff, 0xf4, 0x0, 0x0,
    0x16, 0xbf, 0xff, 0xff, 0xf2, 0x0, 0x6, 0xef,
    0xff, 0xff, 0xfd, 0x90, 0x0, 0x8f, 0xff, 0xfe,
    0xa6, 0x10, 0x0, 0x4, 0xff, 0xf9, 0x30, 0x0,
    0x0, 0x0, 0xb, 0xff, 0x40, 0x0, 0x0, 0x0,
    0x0, 0xe, 0xfa, 0x0, 0x0, 0x0, 0x0, 0x0,
    0xf, 0xf9, 0x0, 0x0, 0x0, 0x0, 0x0, 0xd,
    0xfd, 0x0, 0x0, 0x0, 0x0, 0x20, 0x8, 0xff,
    0x90, 0x0, 0x15, 0x9e, 0xf0, 0x1, 0xff, 0xff,
    0xcd, 0xff, 0xff, 0xf4, 0x0, 0x4f, 0xff, 0xff,
    0xff, 0xff, 0xc3, 0x0, 0x2, 0xaf, 0xff, 0xd9,
    0x50, 0x0, 0x0, 0x0, 0x0, 0x10, 0x0, 0x0,
    0x0,

    /* U+062F "د" */
    0x0, 0x0, 0x2b, 0x0, 0x0, 0x0, 0x2, 0xef,
    0x90, 0x0, 0x0, 0x0, 0xdf, 0xf3, 0x0, 0x0,
    0x0, 0x4f, 0xfc, 0x0, 0x0, 0x0, 0xa, 0xff,
    0x40, 0x0, 0x0, 0x2, 0xff, 0xb0, 0x11, 0x0,
    0x0, 0x9f, 0xf1, 0xdf, 0x70, 0x0, 0x6f, 0xf2,
    0xcf, 0xfd, 0xdd, 0xff, 0xf1, 0x6f, 0xff, 0xff,
    0xff, 0x90, 0x5, 0xdf, 0xff, 0xd7, 0x0,

    /* U+0630 "ذ" */
    0x0, 0x0, 0x0, 0x0, 0x0, 0x0, 0x2, 0xd4,
    0x0, 0x0, 0x0, 0x1e, 0xff, 0x20, 0x0, 0x0,
    0x7, 0xf9, 0x0, 0x0, 0x0, 0x0, 0x40, 0x0,
    0x0, 0x0, 0x0, 0x2b, 0x0, 0x0, 0x0, 0x2,
    0xef, 0x90, 0x0, 0x0, 0x0, 0xdf, 0xf3, 0x0,
    0x0, 0x0, 0x4f, 0xfc, 0x0, 0x0, 0x0, 0xa,
    0xff, 0x40, 0x0, 0x0, 0x2, 0xff, 0xb0, 0x11,
    0x0, 0x0, 0x9f, 0xf1, 0xdf, 0x70, 0x0, 0x6f,
    0xf2, 0xcf, 0xfd, 0xdd, 0xff, 0xf1, 0x6f, 0xff,
    0xff, 0xff, 0x90, 0x5, 0xdf, 0xff, 0xd7, 0x0,

    /* U+0631 "ر" */
    0x0, 0x4, 0x64, 0x0, 0x0, 0xff, 0x90, 0x0,
    0xc, 0xfb, 0x0, 0x0, 0xaf, 0xe0, 0x0, 0x8,
    0xff, 0x0, 0x0, 0x6f, 0xf2, 0x0, 0x4, 0xff,
    0x40, 0x0, 0x5f, 0xf4, 0x1, 0x6e, 0xff, 0x2b,
    0xff, 0xff, 0xa0, 0xbf, 0xff, 0x80, 0x7, 0xd8,
    0x10, 0x0, 0x0, 0x0, 0x0, 0x0,

    /* U+0632 "ز" */
    0x0, 0x4, 0x50, 0x0, 0x4, 0xff, 0x50, 0x0,
    0x6f, 0xf7, 0x0, 0x0, 0x67, 0x0, 0x0, 0x0,
    0x0, 0x0, 0x0, 0x46, 0x40, 0x0, 0xf, 0xf9,
    0x0, 0x0, 0xcf, 0xb0, 0x0, 0xa, 0xfe, 0x0,
    0x0, 0x8f, 0xf0, 0x0, 0x6, 0xff, 0x20, 0x0,
    0x4f, 0xf4, 0x0, 0x5, 0xff, 0x40, 0x16, 0xef,
    0xf2, 0xbf, 0xff, 0xfa, 0xb, 0xff, 0xf8, 0x0,
    0x7d, 0x81, 0x0, 0x0, 0x0, 0x0, 0x0,

    /* U+0633 "س" */
    0x0, 0x0, 0x0, 0x0, 0x0, 0x0, 0x0, 0x0,
    0x0, 0x0, 0x3, 0x30, 0x0, 0x0, 0x0, 0x0,
    0x0, 0x0, 0x0, 0x0, 0x0, 0x0, 0xcf, 0xb0,
    0x0, 0x0, 0x0, 0x0, 0x0, 0x58, 0x60, 0x0,
    0x78, 0x30, 0x9f, 0xf0, 0x1, 0x10, 0x0, 0x0,
    0x0, 0xcf, 0xc0, 0x0, 0xef, 0x70, 0x5f, 0xf4,
    0x7, 0xfb, 0x0, 0x0, 0x0, 0xaf, 0xe0, 0x0,
    0xef, 0x70, 0x2f, 0xf7, 0xb, 0xfe, 0x0, 0x0,
    0x0, 0x8f, 0xf5, 0x0, 0xff, 0x80, 0x2f, 0xf7,
    0xe, 0xfa, 0x0, 0x0, 0x0, 0x5f, 0xff, 0xef,
    0xff, 0xfe, 0xff, 0xf4, 0xf, 0xf8, 0x0, 0x0,
    0x0, 0x3f, 0xff, 0xff, 0xff, 0xff, 0xff, 0xb0,
    0xf, 0xf9, 0x0, 0x0, 0x0, 0x1f, 0xfe, 0xfe,
    0x84, 0xcf, 0xe9, 0x0, 0xd, 0xfd, 0x0, 0x0,
    0x0, 0x4f, 0xf6, 0x0, 0x0, 0x0, 0x0, 0x0,
    0x8, 0xff, 0x91, 0x1, 0x59, 0xff, 0xf3, 0x0,
    0x0, 0x0, 0x0, 0x0, 0x1, 0xff, 0xff, 0xff,
    0xff, 0xff, 0xa0, 0x0, 0x0, 0x0, 0x0, 0x0,
    0x0, 0x5f, 0xff, 0xff, 0xff, 0xf7, 0x0, 0x0,
    0x0, 0x0, 0x0, 0x0, 0x0, 0x2, 0xad, 0xec,
    0xa5, 0x0, 0x0, 0x0, 0x0, 0x0, 0x0, 0x0,
    0x0, 0x0, 0x0, 0x0, 0x0, 0x0, 0x0, 0x0,
    0x0, 0x0, 0x0, 0x0,

    /* U+0634 "ش" */
    0x0, 0x0, 0x0, 0x0, 0x0, 0x0, 0x0, 0x0,
    0x1, 0x0, 0x0, 0x0, 0x0, 0x0, 0x0, 0x0,
    0x0, 0x0, 0x0, 0x0, 0xad, 0x10, 0x0, 0x0,
    0x0, 0x0, 0x0, 0x0, 0x0, 0x0, 0x0, 0x0,
    0xbd, 0x10, 0x0, 0x0, 0x0, 0x0, 0x0, 0x0,
    0x0, 0x0, 0x0, 0x25, 0x1, 0x35, 0x0, 0x0,
    0x0, 0x0, 0x0, 0x0, 0x0, 0x0, 0x2, 0xef,
    0x53, 0xef, 0x50, 0x0, 0x0, 0x0, 0x0, 0x0,
    0x0, 0x0, 0x1, 0xdf, 0x31, 0xdf, 0x30, 0x0,
    0x0, 0x0, 0x0, 0x0, 0x0, 0x0, 0x0, 0x13,
    0x0, 0x13, 0x3, 0x30, 0x0, 0x0, 0x0, 0x0,
    0x0, 0x0, 0x0, 0x0, 0x0, 0x0, 0xcf, 0xb0,
    0x0, 0x0, 0x0, 0x0, 0x0, 0x58, 0x60, 0x0,
    0x78, 0x30, 0x9f, 0xf0, 0x1, 0x10, 0x0, 0x0,
    0x0, 0xcf, 0xc0, 0x0, 0xef, 0x70, 0x5f, 0xf4,
    0x7, 0xfb, 0x0, 0x0, 0x0, 0xaf, 0xe0, 0x0,
    0xef, 0x70, 0x2f, 0xf7, 0xb, 0xfe, 0x0, 0x0,
    0x0, 0x8f, 0xf5, 0x0, 0xff, 0x80, 0x2f, 0xf7,
    0xe, 0xfa, 0x0, 0x0, 0x0, 0x5f, 0xff, 0xef,
    0xff, 0xfe, 0xff, 0xf4, 0xf, 0xf8, 0x0, 0x0,
    0x0, 0x3f, 0xff, 0xff, 0xff, 0xff, 0xff, 0xb0,
    0xf, 0xf9, 0x0, 0x0, 0x0, 0x1f, 0xfe, 0xfe,
    0x84, 0xcf, 0xe9, 0x0, 0xd, 0xfd, 0x0, 0x0,
    0x0, 0x4f, 0xf6, 0x0, 0x0, 0x0, 0x0, 0x0,
    0x8, 0xff, 0x91, 0x1, 0x59, 0xff, 0xf3, 0x0,
    0x0, 0x0, 0x0, 0x0, 0x1, 0xff, 0xff, 0xff,
    0xff, 0xff, 0xa0, 0x0, 0x0, 0x0, 0x0, 0x0,
    0x0, 0x5f, 0xff, 0xff, 0xff, 0xf7, 0x0, 0x0,
    0x0, 0x0, 0x0, 0x0, 0x0, 0x2, 0xad, 0xec,
    0xa5, 0x0, 0x0, 0x0, 0x0, 0x0, 0x0, 0x0,
    0x0, 0x0, 0x0, 0x0, 0x0, 0x0, 0x0, 0x0,
    0x0, 0x0, 0x0, 0x0,

    /* U+0635 "ص" */
    0x0, 0x0, 0x0, 0x0, 0x0, 0x0, 0x0, 0x0,
    0x0, 0x8, 0xcc, 0x70, 0x0, 0x0, 0x0, 0x0,
    0x0, 0x0, 0x0, 0x0, 0x0, 0x1, 0xdf, 0xff,
    0xfc, 0x0, 0x0, 0x0, 0x0, 0x0, 0x0, 0x7a,
    0x80, 0x0, 0xc, 0xff, 0xff, 0xff, 0x80, 0x2,
    0x30, 0x0, 0x0, 0x0, 0xcf, 0xc0, 0x0, 0x9f,
    0xfb, 0x12, 0xef, 0xe0, 0x7, 0xfc, 0x10, 0x0,
    0x0, 0xaf, 0xe0, 0x4, 0xff, 0xe1, 0x0, 0x8f,
    0xf0, 0xb, 0xfe, 0x0, 0x0, 0x0, 0x7f, 0xf3,
    0x1e, 0xff, 0x40, 0x0, 0xcf, 0xf0, 0xe, 0xfa,
    0x0, 0x0, 0x0, 0x5f, 0xff, 0xef, 0xff, 0xdd,
    0xdf, 0xff, 0xa0, 0xf, 0xf8, 0x0, 0x0, 0x0,
    0x3f, 0xff, 0xff, 0xff, 0xff, 0xff, 0xfe, 0x10,
    0xf, 0xf9, 0x0, 0x0, 0x0, 0x1f, 0xff, 0xff,
    0xff, 0xff, 0xfe, 0xa1, 0x0, 0xd, 0xfd, 0x0,
    0x0, 0x0, 0x4f, 0xf6, 0x0, 0x0, 0x0, 0x0,
    0x0, 0x0, 0x8, 0xff, 0xa2, 0x2, 0x6a, 0xff,
    0xf3, 0x0, 0x0, 0x0, 0x0, 0x0, 0x0, 0x1,
    0xff, 0xff, 0xff, 0xff, 0xff, 0xa0, 0x0, 0x0,
    0x0, 0x0, 0x0, 0x0, 0x0, 0x5f, 0xff, 0xff,
    0xff, 0xf7, 0x0, 0x0, 0x0, 0x0, 0x0, 0x0,
    0x0, 0x0, 0x2, 0xad, 0xec, 0xa5, 0x0, 0x0,
    0x0, 0x0, 0x0, 0x0, 0x0, 0x0, 0x0, 0x0,
    0x0, 0x0, 0x0, 0x0, 0x0, 0x0, 0x0, 0x0,
    0x0, 0x0, 0x0,

    /* U+0636 "ض" */
    0x0, 0x0, 0x0, 0x0, 0x0, 0x0, 0x0, 0x0,
    0x0, 0x0, 0xb4, 0x0, 0x0, 0x0, 0x0, 0x0,
    0x0, 0x0, 0x0, 0x0, 0x0, 0x0, 0xb, 0xff,
    0x30, 0x0, 0x0, 0x0, 0x0, 0x0, 0x0, 0x0,
    0x0, 0x0, 0x0, 0x7, 0xfd, 0x10, 0x0, 0x0,
    0x0, 0x0, 0x0, 0x0, 0x0, 0x0, 0x0, 0x0,
    0x0, 0x61, 0x0, 0x0, 0x0, 0x0, 0x0, 0x0,
    0x0, 0x0, 0x0, 0x0, 0x0, 0x0, 0x0, 0x0,
    0x0, 0x0, 0x0, 0x0, 0x0, 0x0, 0x0, 0x0,
    0x0, 0x0, 0x8, 0xcc, 0x70, 0x0, 0x0, 0x0,
    0x0, 0x0, 0x0, 0x0, 0x0, 0x0, 0x1, 0xdf,
    0xff, 0xfc, 0x0, 0x0, 0x0, 0x0, 0x0, 0x0,
    0x7a, 0x80, 0x0, 0xc, 0xff, 0xff, 0xff, 0x80,
    0x2, 0x30, 0x0, 0x0, 0x0, 0xcf, 0xc0, 0x0,
    0x9f, 0xfb, 0x12, 0xef, 0xe0, 0x7, 0xfc, 0x10,
    0x0, 0x0, 0xaf, 0xe0, 0x4, 0xff, 0xe1, 0x0,
    0x8f, 0xf0, 0xb, 0xfe, 0x0, 0x0, 0x0, 0x7f,
    0xf3, 0x1e, 0xff, 0x40, 0x0, 0xcf, 0xf0, 0xe,
    0xfa, 0x0, 0x0, 0x0, 0x5f, 0xff, 0xef, 0xff,
    0xdd, 0xdf, 0xff, 0xa0, 0xf, 0xf8, 0x0, 0x0,
    0x0, 0x3f, 0xff, 0xff, 0xff, 0xff, 0xff, 0xfe,
    0x10, 0xf, 0xf9, 0x0, 0x0, 0x0, 0x1f, 0xff,
    0xff, 0xff, 0xff, 0xfe, 0xa1, 0x0, 0xd, 0xfd,
    0x0, 0x0, 0x0, 0x4f, 0xf6, 0x0, 0x0, 0x0,
    0x0, 0x0, 0x0, 0x8, 0xff, 0xa2, 0x2, 0x6a,
    0xff, 0xf3, 0x0, 0x0, 0x0, 0x0, 0x0, 0x0,
    0x1, 0xff, 0xff, 0xff, 0xff, 0xff, 0xa0, 0x0,
    0x0, 0x0, 0x0, 0x0, 0x0, 0x0, 0x5f, 0xff,
    0xff, 0xff, 0xf7, 0x0, 0x0, 0x0, 0x0, 0x0,
    0x0, 0x0, 0x0, 0x2, 0xad, 0xec, 0xa5, 0x0,
    0x0, 0x0, 0x0, 0x0, 0x0, 0x0, 0x0, 0x0,
    0x0, 0x0, 0x0, 0x0, 0x0, 0x0, 0x0, 0x0,
    0x0, 0x0, 0x0, 0x0,

    /* U+0637 "ط" */
    0x0, 0xff, 0x90, 0x0, 0x0, 0x0, 0x0, 0xe,
    0xf9, 0x0, 0x0, 0x0, 0x0, 0x0, 0xef, 0xa0,
    0x0, 0x0, 0x0, 0x0, 0xd, 0xfb, 0x0, 0x0,
    0x0, 0x0, 0x0, 0xcf, 0xb0, 0x0, 0x0, 0x0,
    0x0, 0xc, 0xfc, 0x6, 0xbc, 0x91, 0x0, 0x0,
    0xbf, 0xda, 0xff, 0xff, 0xe2, 0x0, 0xb, 0xff,
    0xff, 0xff, 0xff, 0xc0, 0x0, 0xaf, 0xff, 0xe3,
    0x1b, 0xff, 0x20, 0x9, 0xff, 0xf3, 0x0, 0x4f,
    0xf4, 0x0, 0xbf, 0xf8, 0x0, 0x9, 0xff, 0x3d,
    0xdf, 0xff, 0xdd, 0xde, 0xff, 0xe0, 0xff, 0xff,
    0xff, 0xff, 0xff, 0xf4, 0xf, 0xff, 0xff, 0xff,
    0xff, 0xc3, 0x0,

    /* U+0638 "ظ" */
    0x0, 0x0, 0x0, 0x0, 0x0, 0x0, 0x0, 0xf,
    0xf9, 0x0, 0x2d, 0x30, 0x0, 0x0, 0xef, 0x90,
    0x1e, 0xfe, 0x20, 0x0, 0xe, 0xfa, 0x0, 0x8f,
    0x90, 0x0, 0x0, 0xdf, 0xb0, 0x0, 0x50, 0x0,
    0x0, 0xc, 0xfb, 0x0, 0x0, 0x0, 0x0, 0x0,
    0xcf, 0xc0, 0x6b, 0xc9, 0x10, 0x0, 0xb, 0xfd,
    0xaf, 0xff, 0xfe, 0x20, 0x0, 0xbf, 0xff, 0xff,
    0xff, 0xfc, 0x0, 0xa, 0xff, 0xfe, 0x31, 0xbf,
    0xf2, 0x0, 0x9f, 0xff, 0x30, 0x4, 0xff, 0x40,
    0xb, 0xff, 0x80, 0x0, 0x9f, 0xf3, 0xdd, 0xff,
    0xfd, 0xdd, 0xef, 0xfe, 0xf, 0xff, 0xff, 0xff,
    0xff, 0xff, 0x40, 0xff, 0xff, 0xff, 0xff, 0xfc,
    0x30, 0x0,

    /* U+0639 "ع" */
    0x0, 0x0, 0x6, 0xba, 0x84, 0x0, 0x0, 0x0,
    0xcf, 0xff, 0xfa, 0x0, 0x0, 0x8, 0xff, 0xff,
    0xf6, 0x0, 0x0, 0xe, 0xfd, 0x32, 0x51, 0x0,
    0x0, 0xf, 0xf8, 0x0, 0x0, 0x0, 0x0, 0xe,
    0xfe, 0x32, 0x58, 0x80, 0x0, 0x8, 0xff, 0xff,
    0xff, 0xe0, 0x0, 0x4e, 0xff, 0xff, 0xff, 0xf1,
    0x2, 0xff, 0xff, 0xeb, 0x85, 0x20, 0x9, 0xff,
    0x92, 0x0, 0x0, 0x0, 0xe, 0xfc, 0x0, 0x0,
    0x0, 0x0, 0xf, 0xf9, 0x0, 0x0, 0x0, 0x0,
    0xd, 0xfd, 0x0, 0x0, 0x0, 0x0, 0x8, 0xff,
    0xd7, 0x67, 0x9b, 0xc9, 0x1, 0xef, 0xff, 0xff,
    0xff, 0xfc, 0x0, 0x2c, 0xff, 0xff, 0xff, 0xfc,
    0x0, 0x0, 0x37, 0x75, 0x42, 0x0,

    /* U+063A "غ" */
    0x0, 0x0, 0x0, 0x20, 0x0, 0x0, 0x0, 0x0,
    0x3, 0xf9, 0x0, 0x0, 0x0, 0x0, 0xd, 0xff,
    0x40, 0x0, 0x0, 0x0, 0x2, 0xe7, 0x0, 0x0,
    0x0, 0x0, 0x0, 0x10, 0x0, 0x0, 0x0, 0x0,
    0x6, 0xba, 0x84, 0x0, 0x0, 0x0, 0xcf, 0xff,
    0xfa, 0x0, 0x0, 0x8, 0xff, 0xff, 0xf6, 0x0,
    0x0, 0xe, 0xfd, 0x32, 0x51, 0x0, 0x0, 0xf,
    0xf8, 0x0, 0x0, 0x0, 0x0, 0xe, 0xfe, 0x32,
    0x58, 0x80, 0x0, 0x8, 0xff, 0xff, 0xff, 0xe0,
    0x0, 0x4e, 0xff, 0xff, 0xff, 0xf1, 0x2, 0xff,
    0xff, 0xeb, 0x85, 0x20, 0x9, 0xff, 0x92, 0x0,
    0x0, 0x0, 0xe, 0xfc, 0x0, 0x0, 0x0, 0x0,
    0xf, 0xf9, 0x0, 0x0, 0x0, 0x0, 0xd, 0xfd,
    0x0, 0x0, 0x0, 0x0, 0x8, 0xff, 0xd7, 0x67,
    0x9b, 0xc9, 0x1, 0xef, 0xff, 0xff, 0xff, 0xfc,
    0x0, 0x2c, 0xff, 0xff, 0xff, 0xfc, 0x0, 0x0,
    0x37, 0x75, 0x42, 0x0,

    /* U+0640 "ـ" */
    0x1d, 0xdd, 0xdd, 0xd1, 0x1f, 0xff, 0xff, 0xf1,
    0x1f, 0xff, 0xff, 0xf1,

    /* U+0641 "ف" */
    0x0, 0x0, 0x0, 0x0, 0x0, 0x0, 0x4, 0xb0,
    0x0, 0x0, 0x0, 0x0, 0x0, 0x0, 0x0, 0x3,
    0xff, 0xb0, 0x0, 0x0, 0x0, 0x0, 0x0, 0x0,
    0x0, 0x1d, 0xf7, 0x0, 0x0, 0x0, 0x0, 0x0,
    0x0, 0x0, 0x0, 0x16, 0x0, 0x0, 0x0, 0x0,
    0x0, 0x0, 0x0, 0x0, 0x0, 0x0, 0x0, 0x0,
    0x0, 0x0, 0x0, 0x0, 0x0, 0x1a, 0xff, 0xc4,
    0x0, 0x0, 0x0, 0x0, 0x0, 0x0, 0xc, 0xff,
    0xff, 0xf3, 0x0, 0x0, 0x0, 0x0, 0x0, 0x3,
    0xff, 0xb9, 0xff, 0xc0, 0x0, 0x50, 0x0, 0x0,
    0x0, 0x7f, 0xd0, 0x8, 0xff, 0x10, 0x4f, 0xf4,
    0x0, 0x0, 0x8, 0xfc, 0x0, 0x3f, 0xf3, 0x8,
    0xff, 0x10, 0x0, 0x0, 0x6f, 0xfb, 0x9b, 0xff,
    0x40, 0xcf, 0xd0, 0x0, 0x0, 0x0, 0xef, 0xff,
    0xff, 0xf6, 0xe, 0xf9, 0x0, 0x0, 0x0, 0x2,
    0xae, 0xff, 0xff, 0x70, 0xef, 0xc1, 0x0, 0x0,
    0x0, 0x0, 0x0, 0x1f, 0xf7, 0xa, 0xff, 0xff,
    0xed, 0xdd, 0xdd, 0xdd, 0xdf, 0xff, 0x50, 0x1e,
    0xff, 0xff, 0xff, 0xff, 0xff, 0xff, 0xff, 0xd0,
    0x0, 0x8, 0xce, 0xff, 0xff, 0xff, 0xff, 0xfd,
    0x81, 0x0,

    /* U+0642 "ق" */
    0x0, 0x0, 0x0, 0x0, 0x0, 0x0, 0x0, 0x0,
    0x0, 0x0, 0x4, 0xc0, 0x4, 0xc0, 0x0, 0x0,
    0x0, 0x1, 0xff, 0xa2, 0xff, 0xa0, 0x0, 0x0,
    0x0, 0x6, 0xd1, 0x7, 0xd1, 0x0, 0x0, 0x0,
    0x0, 0x0, 0x0, 0x0, 0x0, 0x0, 0x0, 0x0,
    0x0, 0x4b, 0xc9, 0x20, 0x0, 0x0, 0x0, 0x0,
    0x5f, 0xff, 0xff, 0x30, 0x0, 0x0, 0x0, 0xe,
    0xff, 0xff, 0xfd, 0x0, 0x1, 0x10, 0x5, 0xff,
    0x80, 0x9f, 0xf5, 0x0, 0x7f, 0x90, 0x7f, 0xf1,
    0x0, 0xff, 0x90, 0xb, 0xff, 0x6, 0xff, 0x30,
    0xd, 0xfb, 0x0, 0xef, 0xb0, 0x2f, 0xff, 0xde,
    0xff, 0xd0, 0xf, 0xf9, 0x0, 0x9f, 0xff, 0xff,
    0xff, 0x0, 0xff, 0x80, 0x0, 0x8e, 0xfe, 0xff,
    0xf0, 0xd, 0xfc, 0x0, 0x0, 0x0, 0xa, 0xff,
    0x0, 0x8f, 0xf5, 0x0, 0x1, 0x5a, 0xff, 0xc0,
    0x1, 0xff, 0xfd, 0xbd, 0xff, 0xff, 0xf3, 0x0,
    0x4, 0xff, 0xff, 0xff, 0xff, 0xa2, 0x0, 0x0,
    0x2, 0x9d, 0xdc, 0x95, 0x10, 0x0, 0x0, 0x0,
    0x0, 0x0, 0x0, 0x0, 0x0, 0x0,

    /* U+0643 "ك" */
    0x0, 0x0, 0x0, 0x0, 0x0, 0x0, 0x0, 0x0,
    0x0, 0x0, 0x0, 0x0, 0x0, 0x0, 0x0, 0x0,
    0x0, 0x27, 0xd2, 0x0, 0x0, 0x0, 0x0, 0x0,
    0x0, 0x6, 0xcf, 0xff, 0x80, 0x0, 0x0, 0x0,
    0x0, 0x1, 0xaf, 0xff, 0xff, 0xfa, 0x0, 0x0,
    0x0, 0x0, 0x0, 0x7f, 0xff, 0xfd, 0x71, 0x0,
    0x0, 0x0, 0x0, 0x0, 0xb, 0xff, 0xb3, 0x0,
    0x0, 0x0, 0x0, 0x0, 0x0, 0x0, 0x4f, 0xfe,
    0x0, 0x0, 0x0, 0x2, 0x0, 0x0, 0x0, 0x0,
    0x9f, 0xf9, 0x0, 0x0, 0x4, 0xfd, 0x30, 0x0,
    0x0, 0x0, 0xdf, 0xf4, 0x0, 0x0, 0x8f, 0xf1,
    0x0, 0x0, 0x0, 0x3, 0xff, 0xe1, 0x0, 0xc,
    0xfd, 0x0, 0x0, 0x0, 0x0, 0x7, 0xff, 0x90,
    0x0, 0xef, 0x90, 0x0, 0x0, 0x0, 0x0, 0xc,
    0xff, 0x10, 0xe, 0xfc, 0x10, 0x0, 0x0, 0x0,
    0x0, 0x5f, 0xf4, 0x0, 0xaf, 0xff, 0xfe, 0xdd,
    0xdd, 0xdd, 0xdf, 0xff, 0x40, 0x1, 0xef, 0xff,
    0xff, 0xff, 0xff, 0xff, 0xff, 0xd0, 0x0, 0x1,
    0x8c, 0xef, 0xff, 0xff, 0xff, 0xff, 0xb2, 0x0,

    /* U+0644 "ل" */
    0x0, 0x0, 0x0, 0x0, 0x0, 0xaf, 0xe0, 0x0,
    0x0, 0x0, 0x0, 0x0, 0x9f, 0xf0, 0x0, 0x0,
    0x0, 0x0, 0x0, 0x8f, 0xf0, 0x0, 0x0, 0x0,
    0x0, 0x0, 0x8f, 0xf0, 0x0, 0x0, 0x0, 0x0,
    0x0, 0x7f, 0xf1, 0x0, 0x0, 0x0, 0x0, 0x0,
    0x6f, 0xf1, 0x0, 0x0, 0x0, 0x0, 0x0, 0x6f,
    0xf2, 0x0, 0x0, 0x0, 0x0, 0x0, 0x5f, 0xf3,
    0x2, 0x20, 0x0, 0x0, 0x0, 0x5f, 0xf3, 0x8,
    0xfc, 0x0, 0x0, 0x0, 0x4f, 0xf4, 0xc, 0xfd,
    0x0, 0x0, 0x0, 0x3f, 0xf5, 0xf, 0xfa, 0x0,
    0x0, 0x0, 0x3f, 0xf5, 0xf, 0xf8, 0x0, 0x0,
    0x0, 0x2f, 0xf6, 0xe, 0xf9, 0x0, 0x0, 0x0,
    0x2f, 0xf6, 0xc, 0xfd, 0x0, 0x0, 0x0, 0x7f,
    0xf4, 0x7, 0xff, 0xa2, 0x3, 0x7c, 0xff, 0xf0,
    0x1, 0xef, 0xff, 0xff, 0xff, 0xff, 0x50, 0x0,
    0x3e, 0xff, 0xff, 0xff, 0xc3, 0x0, 0x0, 0x0,
    0x7b, 0xba, 0x62, 0x0, 0x0, 0x0, 0x0, 0x0,
    0x0, 0x0, 0x0, 0x0,

    /* U+0645 "م" */
    0x0, 0x0, 0x3, 0x41, 0x0, 0x0, 0x0, 0x1c,
    0xff, 0xf6, 0x0, 0x0, 0xa, 0xff, 0xff, 0xf3,
    0x0, 0x3, 0xff, 0xc7, 0xef, 0x90, 0x4e, 0xef,
    0xf1, 0x7, 0xfb, 0xf, 0xff, 0xfd, 0x20, 0x9f,
    0xb0, 0xff, 0xff, 0xff, 0xae, 0xf8, 0xe, 0xfc,
    0xdf, 0xff, 0xff, 0x10, 0xdf, 0x90, 0x5d, 0xfe,
    0x50, 0xd, 0xf9, 0x0, 0x1, 0x0, 0x0, 0xcf,
    0xa0, 0x0, 0x0, 0x0, 0xc, 0xfb, 0x0, 0x0,
    0x0, 0x0, 0xbf, 0xc0, 0x0, 0x0, 0x0, 0xa,
    0xfd, 0x0, 0x0, 0x0, 0x0, 0xaf, 0xe0, 0x0,
    0x0, 0x0, 0x0,

    /* U+0646 "ن" */
    0x0, 0x0, 0x0, 0x21, 0x0, 0x0, 0x0, 0x0,
    0x0, 0x2, 0xed, 0x10, 0x0, 0x0, 0x0, 0x0,
    0xa, 0xff, 0x80, 0x36, 0x50, 0x1, 0x0, 0x0,
    0xb9, 0x0, 0xdf, 0xb0, 0x7, 0xfa, 0x0, 0x0,
    0x0, 0xaf, 0xe0, 0xb, 0xfe, 0x0, 0x0, 0x0,
    0x8f, 0xf0, 0xd, 0xfb, 0x0, 0x0, 0x0, 0x5f,
    0xf2, 0xf, 0xf8, 0x0, 0x0, 0x0, 0x3f, 0xf5,
    0xf, 0xf9, 0x0, 0x0, 0x0, 0x1f, 0xf6, 0xd,
    0xfd, 0x0, 0x0, 0x0, 0x3f, 0xf6, 0x8, 0xff,
    0x80, 0x0, 0x48, 0xef, 0xf3, 0x1, 0xff, 0xff,
    0xef, 0xff, 0xff, 0xa0, 0x0, 0x5f, 0xff, 0xff,
    0xff, 0xf7, 0x0, 0x0, 0x2, 0xad, 0xec, 0xa5,
    0x0, 0x0, 0x0, 0x0, 0x0, 0x0, 0x0, 0x0,
    0x0,

    /* U+0647 "ه" */
    0x0, 0x5, 0x0, 0x0, 0x0, 0xaf, 0x70, 0x0,
    0x3, 0xff, 0xf8, 0x0, 0x7, 0xff, 0xff, 0x70,
    0x4f, 0xfe, 0xff, 0xf3, 0xbf, 0xf3, 0x4f, 0xfa,
    0xff, 0x90, 0xb, 0xfd, 0xff, 0xa0, 0xc, 0xfc,
    0xaf, 0xfd, 0xef, 0xf8, 0x2e, 0xff, 0xff, 0xd1,
    0x2, 0xbf, 0xfa, 0x10,

    /* U+0648 "و" */
    0x0, 0x8, 0xcc, 0x70, 0x0, 0x0, 0xbf, 0xff,
    0xfc, 0x0, 0x6, 0xff, 0xff, 0xff, 0x80, 0xb,
    0xff, 0x32, 0xdf, 0xe0, 0xd, 0xfb, 0x0, 0x6f,
    0xf2, 0xc, 0xfd, 0x0, 0x3f, 0xf5, 0x8, 0xff,
    0xee, 0xff, 0xf7, 0x1, 0xef, 0xff, 0xff, 0xf8,
    0x0, 0x2b, 0xff, 0xef, 0xfa, 0x0, 0x0, 0x0,
    0xf, 0xf9, 0x0, 0x0, 0x26, 0xdf, 0xf6, 0x0,
    0x9e, 0xff, 0xff, 0xd0, 0x0, 0xaf, 0xff, 0xfa,
    0x10, 0x0, 0x7e, 0xb6, 0x10, 0x0, 0x0, 0x0,
    0x0, 0x0, 0x0,

    /* U+0649 "ى" */
    0x0, 0x0, 0x0, 0x0, 0x5, 0x88, 0x40, 0x0,
    0x0, 0x0, 0x0, 0xcf, 0xff, 0xf4, 0x0, 0x0,
    0x0, 0xc, 0xff, 0xff, 0xf0, 0x1, 0x0, 0x0,
    0x5f, 0xfd, 0x45, 0x70, 0x7, 0xfa, 0x0, 0xbf,
    0xe1, 0x0, 0x0, 0xb, 0xfe, 0x0, 0xff, 0xa0,
    0x0, 0x0, 0xd, 0xfb, 0x0, 0xff, 0xfa, 0x40,
    0x0, 0xf, 0xf8, 0x0, 0x9f, 0xff, 0xff, 0x70,
    0xf, 0xf9, 0x0, 0x7, 0xef, 0xff, 0xf5, 0xd,
    0xfd, 0x0, 0x0, 0x4, 0x9f, 0xf9, 0x8, 0xff,
    0x80, 0x0, 0x48, 0xdf, 0xf6, 0x1, 0xff, 0xff,
    0xef, 0xff, 0xff, 0xc0, 0x0, 0x5f, 0xff, 0xff,
    0xff, 0xf8, 0x0, 0x0, 0x2, 0xad, 0xec, 0xa5,
    0x0, 0x0, 0x0, 0x0, 0x0, 0x0, 0x0, 0x0,
    0x0,

    /* U+064A "ي" */
    0x0, 0x0, 0x0, 0x0, 0x5, 0x88, 0x40, 0x0,
    0x0, 0x0, 0x0, 0xcf, 0xff, 0xf4, 0x0, 0x0,
    0x0, 0xc, 0xff, 0xff, 0xf0, 0x1, 0x0, 0x0,
    0x5f, 0xfd, 0x45, 0x70, 0x7, 0xfa, 0x0, 0xbf,
    0xe1, 0x0, 0x0, 0xb, 0xfe, 0x0, 0xff, 0xa0,
    0x0, 0x0, 0xd, 0xfb, 0x0, 0xff, 0xfa, 0x40,
    0x0, 0xf, 0xf8, 0x0, 0x9f, 0xff, 0xff, 0x70,
    0xf, 0xf9, 0x0, 0x7, 0xef, 0xff, 0xf5, 0xd,
    0xfd, 0x0, 0x0, 0x4, 0x9f, 0xf9, 0x8, 0xff,
    0x80, 0x0, 0x48, 0xdf, 0xf6, 0x1, 0xff, 0xff,
    0xef, 0xff, 0xff, 0xc0, 0x0, 0x5f, 0xff, 0xff,
    0xff, 0xf8, 0x0, 0x0, 0x2, 0xad, 0xec, 0xa5,
    0x0, 0x0, 0x0, 0x0, 0x0, 0x0, 0x0, 0x0,
    0x0,

    /* U+064B "ً" */
    0x0, 0x2, 0x40, 0x6a, 0xef, 0xe0, 0xdc, 0x95,
    0x10, 0x1, 0x48, 0x90, 0xcf, 0xfe, 0xa0, 0x76,
    0x20, 0x0,

    /* U+064C "ٌ" */
    0x0, 0x1, 0x9a, 0x30, 0x63, 0xc, 0xeb, 0xf1,
    0x9f, 0x4e, 0x60, 0xf4, 0x8, 0x9b, 0xcc, 0xf1,
    0x2d, 0xff, 0xfb, 0x30, 0x3c, 0x84, 0x0, 0x0,

    /* U+064D "ٍ" */
    0x0, 0x0, 0x0, 0x26, 0xad, 0xd0, 0xef, 0xd9,
    0x50, 0x31, 0x4, 0x60, 0x8c, 0xff, 0xd0, 0xba,
    0x62, 0x0,

    /* U+064E "َ" */
    0x0, 0x4, 0x50, 0x8c, 0xff, 0xe0, 0xbb, 0x73,
    0x0,

    /* U+064F "ُ" */
    0x0, 0x15, 0x30, 0x0, 0x2f, 0xff, 0x80, 0x8,
    0xe0, 0x7f, 0x0, 0x6f, 0x4c, 0xd0, 0x8c, 0xff,
    0xe3, 0xc, 0xb7, 0x30, 0x0,

    /* U+0650 "ِ" */
    0x1, 0x59, 0xa0, 0xcf, 0xfe, 0x90, 0x75, 0x20,
    0x0,

    /* U+0651 "ّ" */
    0x0, 0x0, 0x1, 0x10, 0xa, 0x47, 0x4a, 0x90,
    0xf, 0x6c, 0x89, 0xc0, 0xb, 0xff, 0xff, 0x80,
    0x0, 0x42, 0x33, 0x0,

    /* U+0652 "ْ" */
    0x0, 0x0, 0x0, 0x2c, 0xfc, 0x20, 0xbc, 0x5c,
    0xc0, 0xf5, 0x4, 0xf0, 0xca, 0x2a, 0xd0, 0x3e,
    0xff, 0x40, 0x0, 0x31, 0x0,

    /* U+0653 "ٓ" */
    0x0, 0x0, 0x3, 0x16, 0xff, 0xca, 0xf4, 0xed,
    0xbe, 0xfc, 0x4, 0x10, 0x0, 0x0,

    /* U+0654 "ٔ" */
    0x2, 0xcf, 0xa0, 0xc, 0xc8, 0x60, 0xe, 0x60,
    0x33, 0x3d, 0xff, 0xfb, 0xdf, 0xb7, 0x40, 0x10,
    0x0, 0x0,

    /* U+0655 "ٕ" */
    0x2, 0xcf, 0xa0, 0xc, 0xc7, 0x60, 0xe, 0x60,
    0x33, 0x4d, 0xff, 0xfb, 0xdf, 0xb7, 0x40, 0x10,
    0x0, 0x0,

    /* U+0656 "ٖ" */
    0x30, 0xf3, 0xf3, 0xf3,

    /* U+0660 "٠" */
    0x3, 0xbf, 0xe9, 0x0, 0x2f, 0xff, 0xff, 0xc0,
    0xbf, 0xfb, 0xdf, 0xf5, 0xff, 0x80, 0xd, 0xf9,
    0xff, 0x80, 0xd, 0xf9, 0xbf, 0xfb, 0xdf, 0xf5,
    0x2f, 0xff, 0xff, 0xc0, 0x3, 0xbf, 0xe9, 0x0,

    /* U+0661 "١" */
    0x1, 0x10, 0xff, 0x90, 0xdf, 0xa0, 0xcf, 0xc0,
    0xaf, 0xe0, 0x9f, 0xf0, 0x7f, 0xf1, 0x5f, 0xf2,
    0x4f, 0xf4, 0x2f, 0xf5, 0x1f, 0xf7, 0xf, 0xf9,
    0xe, 0xfa, 0xc, 0xfa, 0x1, 0x0,

    /* U+0662 "٢" */
    0x13, 0x20, 0x0, 0x23, 0x1f, 0xf9, 0x0, 0x3f,
    0xf4, 0xdf, 0xb0, 0x2, 0xff, 0x6c, 0xfc, 0x0,
    0xf, 0xf8, 0xaf, 0xe0, 0x0, 0xff, 0x88, 0xff,
    0xfd, 0xff, 0xf6, 0x7f, 0xff, 0xff, 0xfc, 0x5,
    0xff, 0xef, 0xe9, 0x10, 0x4f, 0xf4, 0x0, 0x0,
    0x2, 0xff, 0x60, 0x0, 0x0, 0x1f, 0xf7, 0x0,
    0x0, 0x0, 0xff, 0x90, 0x0, 0x0, 0xd, 0xfa,
    0x0, 0x0, 0x0, 0xcf, 0xa0, 0x0, 0x0, 0x0,
    0x0, 0x0, 0x0, 0x0,

    /* U+0663 "٣" */
    0x12, 0x20, 0x0, 0x0, 0x0, 0x2, 0x30, 0xff,
    0x90, 0x5, 0xbc, 0x0, 0x9f, 0xe0, 0xdf, 0xb0,
    0x8, 0xff, 0x0, 0x8f, 0xf0, 0xcf, 0xc0, 0x6,
    0xff, 0x20, 0x6f, 0xf2, 0xaf, 0xf1, 0x7, 0xff,
    0x50, 0x7f, 0xf2, 0x8f, 0xff, 0xdf, 0xff, 0xfd,
    0xff, 0xf0, 0x7f, 0xff, 0xff, 0xff, 0xff, 0xff,
    0x60, 0x5f, 0xff, 0xfc, 0x56, 0xdf, 0xd6, 0x0,
    0x4f, 0xf4, 0x0, 0x0, 0x0, 0x0, 0x0, 0x2f,
    0xf6, 0x0, 0x0, 0x0, 0x0, 0x0, 0x1f, 0xf7,
    0x0, 0x0, 0x0, 0x0, 0x0, 0xf, 0xf9, 0x0,
    0x0, 0x0, 0x0, 0x0, 0xe, 0xfa, 0x0, 0x0,
    0x0, 0x0, 0x0, 0xc, 0xfa, 0x0, 0x0, 0x0,
    0x0, 0x0, 0x0, 0x0, 0x0, 0x0, 0x0, 0x0,
    0x0,

    /* U+0664 "٤" */
    0x0, 0x0, 0x0, 0x47, 0x61, 0x0, 0x13, 0x20,
    0xb, 0xff, 0xff, 0xb0, 0xff, 0x90, 0xaf, 0xff,
    0xff, 0xc0, 0xdf, 0xb1, 0xff, 0xd5, 0x8e, 0x50,
    0xcf, 0xc4, 0xff, 0x40, 0x0, 0x0, 0xaf, 0xe3,
    0xff, 0x70, 0x0, 0x0, 0x8f, 0xff, 0xff, 0xfd,
    0xdd, 0xd3, 0x7f, 0xff, 0xff, 0xff, 0xff, 0xf4,
    0x5f, 0xff, 0xff, 0xff, 0xff, 0xf4, 0x4f, 0xf4,
    0x0, 0x0, 0x0, 0x0, 0x2f, 0xf5, 0x0, 0x0,
    0x0, 0x0, 0x1f, 0xf7, 0x0, 0x0, 0x0, 0x0,
    0xf, 0xf8, 0x0, 0x0, 0x0, 0x0, 0xe, 0xfa,
    0x0, 0x0, 0x0, 0x0, 0xc, 0xfa, 0x0, 0x0,
    0x0, 0x0, 0x0, 0x0, 0x0, 0x0, 0x0, 0x0,

    /* U+0665 "٥" */
    0x0, 0x0, 0x7, 0x10, 0x0, 0x0, 0x0, 0x0,
    0x9, 0xfc, 0x0, 0x0, 0x0, 0x0, 0x0, 0xdf,
    0xfb, 0x0, 0x0, 0x0, 0x0, 0x5f, 0xff, 0xf9,
    0x0, 0x0, 0x0, 0x3f, 0xff, 0xef, 0xf7, 0x0,
    0x0, 0x1e, 0xff, 0x63, 0xff, 0xf4, 0x0, 0xb,
    0xff, 0x80, 0x4, 0xff, 0xe1, 0x4, 0xff, 0xb0,
    0x0, 0x8, 0xff, 0x90, 0xbf, 0xf1, 0x0, 0x0,
    0xd, 0xff, 0xe, 0xfb, 0x0, 0x0, 0x0, 0x7f,
    0xf2, 0xff, 0x80, 0x2f, 0xf6, 0x4, 0xff, 0x4f,
    0xf9, 0x3, 0xff, 0x80, 0x5f, 0xf4, 0xcf, 0xfe,
    0xff, 0xff, 0xdf, 0xff, 0x14, 0xff, 0xff, 0xff,
    0xff, 0xff, 0x80, 0x4, 0xdf, 0xe7, 0x5c, 0xfe,
    0x70, 0x0,

    /* U+0666 "٦" */
    0x0, 0x0, 0x0, 0x0, 0x0, 0x0, 0x0, 0x6c,
    0x0, 0x0, 0x0, 0x0, 0x9f, 0xf5, 0x0, 0x0,
    0x0, 0x7f, 0xff, 0x60, 0x4, 0x0, 0xd, 0xfe,
    0x20, 0x5, 0xfb, 0x10, 0xff, 0x90, 0x1, 0xef,
    0xf2, 0xd, 0xfe, 0x42, 0xbf, 0xf7, 0x0, 0x7f,
    0xff, 0xff, 0xfc, 0x0, 0x0, 0xbf, 0xff, 0xff,
    0x20, 0x0, 0x0, 0x5f, 0xff, 0x60, 0x0, 0x0,
    0x6, 0xff, 0xb0, 0x0, 0x0, 0x1, 0xff, 0xf2,
    0x0, 0x0, 0x0, 0xbf, 0xf6, 0x0, 0x0, 0x0,
    0x6f, 0xfb, 0x0, 0x0, 0x0, 0x7, 0xff, 0x10,
    0x0, 0x0, 0x0, 0x4, 0x50, 0x0, 0x0, 0x0,

    /* U+0667 "٧" */
    0x0, 0x20, 0x0, 0x0, 0x2, 0x0, 0x2c, 0xf4,
    0x0, 0x0, 0xb, 0xf8, 0x1f, 0xfa, 0x0, 0x0,
    0x1f, 0xf9, 0xb, 0xff, 0x0, 0x0, 0x7f, 0xf3,
    0x5, 0xff, 0x50, 0x0, 0xdf, 0xd0, 0x0, 0xff,
    0xb0, 0x2, 0xff, 0x80, 0x0, 0xaf, 0xf1, 0x8,
    0xff, 0x20, 0x0, 0x4f, 0xf6, 0xe, 0xfc, 0x0,
    0x0, 0xe, 0xfc, 0x4f, 0xf6, 0x0, 0x0, 0x8,
    0xff, 0xcf, 0xf1, 0x0, 0x0, 0x3, 0xff, 0xff,
    0xb0, 0x0, 0x0, 0x0, 0xdf, 0xff, 0x50, 0x0,
    0x0, 0x0, 0x7f, 0xff, 0x0, 0x0, 0x0, 0x0,
    0x1f, 0xf9, 0x0, 0x0,

    /* U+0668 "٨" */
    0x0, 0x0, 0x1f, 0xfa, 0x0, 0x0, 0x0, 0x0,
    0x7f, 0xff, 0x0, 0x0, 0x0, 0x0, 0xcf, 0xff,
    0x50, 0x0, 0x0, 0x2, 0xff, 0xff, 0xb0, 0x0,
    0x0, 0x8, 0xff, 0xcf, 0xf1, 0x0, 0x0, 0xe,
    0xfd, 0x4f, 0xf6, 0x0, 0x0, 0x4f, 0xf7, 0xe,
    0xfc, 0x0, 0x0, 0x9f, 0xf1, 0x8, 0xff, 0x20,
    0x0, 0xff, 0xc0, 0x3, 0xff, 0x80, 0x5, 0xff,
    0x60, 0x0, 0xdf, 0xd0, 0xb, 0xff, 0x10, 0x0,
    0x7f, 0xf3, 0x1f, 0xfa, 0x0, 0x0, 0x1f, 0xf9,
    0x3d, 0xf5, 0x0, 0x0, 0xc, 0xf9, 0x0, 0x30,
    0x0, 0x0, 0x2, 0x10,

    /* U+0669 "٩" */
    0x1, 0x9e, 0xfb, 0x30, 0x0, 0x1d, 0xff, 0xff,
    0xf2, 0x0, 0x9f, 0xfe, 0xdf, 0xfc, 0x0, 0xef,
    0xc0, 0xa, 0xff, 0x10, 0xff, 0x90, 0x4, 0xff,
    0x40, 0xdf, 0xe2, 0x2, 0xff, 0x60, 0x7f, 0xff,
    0xff, 0xff, 0x80, 0xb, 0xff, 0xff, 0xff, 0xa0,
    0x0, 0x6a, 0xbb, 0xff, 0xb0, 0x0, 0x0, 0x0,
    0xbf, 0xd0, 0x0, 0x0, 0x0, 0x9f, 0xf0, 0x0,
    0x0, 0x0, 0x7f, 0xf0, 0x0, 0x0, 0x0, 0x6f,
    0xf2, 0x0, 0x0, 0x0, 0x4d, 0xb2,

    /* U+066A "٪" */
    0x2d, 0xe3, 0x1, 0xff, 0xe0, 0x9, 0xff, 0x90,
    0x6f, 0xf8, 0x0, 0x5f, 0xf5, 0xc, 0xff, 0x30,
    0x0, 0x23, 0x1, 0xff, 0xe0, 0x0, 0x0, 0x0,
    0x6f, 0xf9, 0x0, 0x0, 0x0, 0xb, 0xff, 0x40,
    0x0, 0x0, 0x1, 0xff, 0xe0, 0x0, 0x0, 0x0,
    0x6f, 0xf9, 0x0, 0x0, 0x0, 0xb, 0xff, 0x40,
    0x0, 0x0, 0x0, 0xff, 0xe0, 0x0, 0x0, 0x0,
    0x5f, 0xf9, 0x0, 0x30, 0x0, 0xb, 0xff, 0x40,
    0xcf, 0xd0, 0x0, 0xff, 0xf0, 0xf, 0xff, 0x20,
    0x5f, 0xfa, 0x0, 0x8f, 0xa0,

    /* U+066B "٫" */
    0x0, 0x0, 0x1, 0x0, 0x0, 0x2, 0xf8, 0x0,
    0x0, 0x9f, 0x70, 0x0, 0xf, 0xf1, 0x0, 0x6,
    0xfa, 0x0, 0x0, 0xcf, 0x40, 0x0, 0x3f, 0xd0,
    0x0, 0x9, 0xf7, 0x0, 0x0, 0xff, 0x10, 0x0,
    0x6f, 0xa0, 0x0, 0xc, 0xf4, 0x0, 0x0, 0xcd,
    0x0, 0x0, 0x0, 0x10, 0x0, 0x0,

    /* U+066C "٬" */
    0x0, 0x94, 0x5, 0xfa, 0xb, 0xf5, 0x1f, 0xf0,
    0x6f, 0x90, 0x16, 0x30,

    /* U+066D "٭" */
    0x0, 0x1f, 0xf7, 0x0, 0x1, 0x31, 0xff, 0x71,
    0x30, 0x8f, 0xef, 0xfe, 0xfd, 0xd, 0xff, 0xff,
    0xff, 0xf3, 0x27, 0xff, 0xff, 0xa3, 0x0, 0x7f,
    0xff, 0xfc, 0x0, 0xe, 0xfd, 0x9f, 0xf4, 0x0,
    0x1a, 0x30, 0xb3, 0x0,

    /* U+066E "ٮ" */
    0x0, 0x20, 0x0, 0x0, 0x0, 0x0, 0x0, 0x0,
    0x12, 0x0, 0x4f, 0xd3, 0x0, 0x0, 0x0, 0x0,
    0x0, 0xcf, 0xa0, 0x8, 0xff, 0x10, 0x0, 0x0,
    0x0, 0x0, 0xb, 0xfe, 0x0, 0xcf, 0xd0, 0x0,
    0x0, 0x0, 0x0, 0x0, 0x7f, 0xf2, 0xe, 0xf9,
    0x0, 0x0, 0x0, 0x0, 0x0, 0x3, 0xff, 0x40,
    0xef, 0xc1, 0x0, 0x0, 0x0, 0x0, 0x0, 0x7f,
    0xf4, 0xa, 0xff, 0xff, 0xed, 0xdd, 0xdd, 0xde,
    0xff, 0xff, 0x10, 0x1e, 0xff, 0xff, 0xff, 0xff,
    0xff, 0xff, 0xff, 0x60, 0x0, 0x18, 0xce, 0xff,
    0xff, 0xff, 0xff, 0xda, 0x30, 0x0,

    /* U+066F "ٯ" */
    0x0, 0x0, 0x0, 0x4, 0xbc, 0x92, 0x0, 0x0,
    0x0, 0x0, 0x5, 0xff, 0xff, 0xf3, 0x0, 0x0,
    0x0, 0x0, 0xef, 0xff, 0xff, 0xd0, 0x0, 0x11,
    0x0, 0x5f, 0xf8, 0x9, 0xff, 0x50, 0x7, 0xf9,
    0x7, 0xff, 0x10, 0xf, 0xf9, 0x0, 0xbf, 0xf0,
    0x6f, 0xf3, 0x0, 0xdf, 0xb0, 0xe, 0xfb, 0x2,
    0xff, 0xfd, 0xef, 0xfd, 0x0, 0xff, 0x90, 0x9,
    0xff, 0xff, 0xff, 0xf0, 0xf, 0xf8, 0x0, 0x8,
    0xef, 0xef, 0xff, 0x0, 0xdf, 0xc0, 0x0, 0x0,
    0x0, 0xaf, 0xf0, 0x8, 0xff, 0x50, 0x0, 0x15,
    0xaf, 0xfc, 0x0, 0x1f, 0xff, 0xdb, 0xdf, 0xff,
    0xff, 0x30, 0x0, 0x4f, 0xff, 0xff, 0xff, 0xfa,
    0x20, 0x0, 0x0, 0x29, 0xdd, 0xc9, 0x51, 0x0,
    0x0, 0x0, 0x0, 0x0, 0x0, 0x0, 0x0, 0x0,
    0x0,

    /* U+0670 "ٰ" */
    0x30, 0xf3, 0xf3, 0xf3,

    /* U+0671 "ٱ" */
    0x0, 0x0, 0x0, 0x0, 0x0, 0x1, 0xbf, 0xb0,
    0x0, 0xb, 0xe6, 0xf5, 0x0, 0x6f, 0x30, 0xe6,
    0x9, 0xff, 0xff, 0xe1, 0x1d, 0x87, 0x76, 0x10,
    0x0, 0x2d, 0xd4, 0x0, 0x0, 0x2f, 0xf6, 0x0,
    0x0, 0x1f, 0xf7, 0x0, 0x0, 0xf, 0xf7, 0x0,
    0x0, 0xf, 0xf8, 0x0, 0x0, 0xf, 0xf8, 0x0,
    0x0, 0xf, 0xf9, 0x0, 0x0, 0xe, 0xfa, 0x0,
    0x0, 0xd, 0xfa, 0x0, 0x0, 0xd, 0xfb, 0x0,
    0x0, 0xc, 0xfb, 0x0, 0x0, 0xb, 0xfc, 0x0,

    /* U+067E "پ" */
    0x0, 0x20, 0x0, 0x0, 0x0, 0x0, 0x0, 0x0,
    0x12, 0x0, 0x4f, 0xd3, 0x0, 0x0, 0x0, 0x0,
    0x0, 0xcf, 0xa0, 0x8, 0xff, 0x10, 0x0, 0x0,
    0x0, 0x0, 0xb, 0xfe, 0x0, 0xcf, 0xd0, 0x0,
    0x0, 0x0, 0x0, 0x0, 0x7f, 0xf2, 0xe, 0xf9,
    0x0, 0x0, 0x0, 0x0, 0x0, 0x3, 0xff, 0x40,
    0xef, 0xc1, 0x0, 0x0, 0x0, 0x0, 0x0, 0x7f,
    0xf4, 0xa, 0xff, 0xff, 0xed, 0xdd, 0xdd, 0xde,
    0xff, 0xff, 0x10, 0x1e, 0xff, 0xff, 0xff, 0xff,
    0xff, 0xff, 0xff, 0x60, 0x0, 0x18, 0xce, 0xff,
    0xff, 0xff, 0xff, 0xda, 0x30, 0x0, 0x0, 0x0,
    0x0, 0x0, 0x0, 0x0, 0x0, 0x0, 0x0, 0x0,
    0x0, 0x0, 0x6, 0x20, 0x6, 0x20, 0x0, 0x0,
    0x0, 0x0, 0x0, 0x6, 0xfe, 0x26, 0xfe, 0x20,
    0x0, 0x0, 0x0, 0x0, 0x0, 0x3f, 0xc1, 0x4f,
    0xc0, 0x0, 0x0, 0x0, 0x0, 0x0, 0x0, 0x31,
    0x31, 0x30, 0x0, 0x0, 0x0, 0x0, 0x0, 0x0,
    0x0, 0x3f, 0xd0, 0x0, 0x0, 0x0, 0x0, 0x0,
    0x0, 0x0, 0x0, 0xb7, 0x0, 0x0, 0x0, 0x0,
    0x0, 0x0, 0x0, 0x0, 0x0, 0x0, 0x0, 0x0,
    0x0, 0x0,

    /* U+0686 "چ" */
    0x0, 0x0, 0x15, 0x51, 0x0, 0x0, 0x0, 0x0,
    0x8, 0xff, 0xff, 0xa1, 0x0, 0x0, 0x0, 0x8f,
    0xff, 0xff, 0xff, 0x80, 0x0, 0x0, 0xff, 0xf9,
    0x8e, 0xff, 0xfe, 0x60, 0x0, 0x2c, 0x40, 0x0,
    0x7e, 0xff, 0xf5, 0x0, 0x0, 0x0, 0x0, 0x38,
    0xff, 0xf4, 0x0, 0x0, 0x16, 0xbf, 0xff, 0xff,
    0xf2, 0x0, 0x6, 0xef, 0xff, 0xff, 0xfd, 0x90,
    0x0, 0x8f, 0xff, 0xfe, 0xa6, 0x10, 0x0, 0x4,
    0xff, 0xf9, 0x30, 0x18, 0x10, 0x0, 0xb, 0xff,
    0x43, 0x60, 0x8f, 0x90, 0x0, 0xe, 0xfa, 0xc,
    0xf5, 0x49, 0x10, 0x0, 0xf, 0xf9, 0x2, 0x97,
    0xf7, 0x0, 0x0, 0xd, 0xfd, 0x0, 0x5, 0xe3,
    0x0, 0x20, 0x8, 0xff, 0x90, 0x0, 0x15, 0x9e,
    0xf0, 0x1, 0xff, 0xff, 0xcd, 0xff, 0xff, 0xf4,
    0x0, 0x4f, 0xff, 0xff, 0xff, 0xff, 0xc3, 0x0,
    0x2, 0xaf, 0xff, 0xd9, 0x50, 0x0, 0x0, 0x0,
    0x0, 0x10, 0x0, 0x0, 0x0,

    /* U+0698 "ژ" */
    0x0, 0x5, 0x40, 0x0, 0x0, 0x2f, 0xf1, 0x0,
    0x0, 0x7, 0x50, 0x0, 0xb, 0xa0, 0xb, 0x90,
    0x6f, 0xf5, 0x7f, 0xf5, 0x9, 0x80, 0xa, 0x80,
    0x0, 0x0, 0x0, 0x0, 0x0, 0x4, 0x64, 0x0,
    0x0, 0xf, 0xf9, 0x0, 0x0, 0xc, 0xfb, 0x0,
    0x0, 0xa, 0xfe, 0x0, 0x0, 0x8, 0xff, 0x0,
    0x0, 0x6, 0xff, 0x20, 0x0, 0x4, 0xff, 0x40,
    0x0, 0x5, 0xff, 0x40, 0x1, 0x6e, 0xff, 0x20,
    0xbf, 0xff, 0xfa, 0x0, 0xbf, 0xff, 0x80, 0x0,
    0x7d, 0x81, 0x0, 0x0, 0x0, 0x0, 0x0, 0x0,

    /* U+06A1 "ڡ" */
    0x0, 0x0, 0x0, 0x0, 0x0, 0x0, 0x0, 0x0,
    0x0, 0x0, 0x0, 0x0, 0x0, 0x0, 0x0, 0x1a,
    0xff, 0xc3, 0x0, 0x0, 0x0, 0x0, 0x0, 0x0,
    0xc, 0xff, 0xff, 0xf3, 0x0, 0x0, 0x0, 0x0,
    0x0, 0x3, 0xff, 0xb9, 0xff, 0xc0, 0x0, 0x50,
    0x0, 0x0, 0x0, 0x7f, 0xd0, 0x8, 0xff, 0x10,
    0x4f, 0xf4, 0x0, 0x0, 0x8, 0xfc, 0x0, 0x4f,
    0xf3, 0x8, 0xff, 0x10, 0x0, 0x0, 0x6f, 0xfb,
    0x9b, 0xff, 0x40, 0xcf, 0xd0, 0x0, 0x0, 0x1,
    0xef, 0xff, 0xff, 0xf5, 0xe, 0xf9, 0x0, 0x0,
    0x0, 0x2, 0xbe, 0xff, 0xff, 0x60, 0xef, 0xc1,
    0x0, 0x0, 0x0, 0x0, 0x0, 0x1f, 0xf7, 0xa,
    0xff, 0xff, 0xed, 0xdd, 0xdd, 0xdd, 0xdf, 0xff,
    0x50, 0x1e, 0xff, 0xff, 0xff, 0xff, 0xff, 0xff,
    0xff, 0xd0, 0x0, 0x8, 0xce, 0xff, 0xff, 0xff,
    0xff, 0xfd, 0x81, 0x0,

    /* U+06A4 "ڤ" */
    0x0, 0x0, 0x0, 0x0, 0x0, 0x0, 0x1, 0x80,
    0x0, 0x0, 0x0, 0x0, 0x0, 0x0, 0x0, 0x0,
    0xcf, 0x60, 0x0, 0x0, 0x0, 0x0, 0x0, 0x0,
    0x0, 0x2, 0x90, 0x0, 0x0, 0x0, 0x0, 0x0,
    0x0, 0x0, 0x6e, 0x20, 0x6d, 0x20, 0x0, 0x0,
    0x0, 0x0, 0x0, 0x1f, 0xfb, 0x1f, 0xfb, 0x0,
    0x0, 0x0, 0x0, 0x0, 0x0, 0x4c, 0x10, 0x4c,
    0x10, 0x0, 0x0, 0x0, 0x0, 0x0, 0x0, 0x0,
    0x0, 0x0, 0x0, 0x0, 0x0, 0x0, 0x0, 0x0,
    0x1a, 0xff, 0xc4, 0x0, 0x0, 0x0, 0x0, 0x0,
    0x0, 0xc, 0xff, 0xff, 0xf3, 0x0, 0x0, 0x0,
    0x0, 0x0, 0x3, 0xff, 0xb9, 0xff, 0xc0, 0x0,
    0x50, 0x0, 0x0, 0x0, 0x7f, 0xd0, 0x8, 0xff,
    0x10, 0x4f, 0xf4, 0x0, 0x0, 0x8, 0xfc, 0x0,
    0x3f, 0xf3, 0x8, 0xff, 0x10, 0x0, 0x0, 0x6f,
    0xfb, 0x9b, 0xff, 0x40, 0xcf, 0xd0, 0x0, 0x0,
    0x0, 0xef, 0xff, 0xff, 0xf6, 0xe, 0xf9, 0x0,
    0x0, 0x0, 0x2, 0xae, 0xff, 0xff, 0x70, 0xef,
    0xc1, 0x0, 0x0, 0x0, 0x0, 0x0, 0x1f, 0xf7,
    0xa, 0xff, 0xff, 0xed, 0xdd, 0xdd, 0xdd, 0xdf,
    0xff, 0x50, 0x1e, 0xff, 0xff, 0xff, 0xff, 0xff,
    0xff, 0xff, 0xd0, 0x0, 0x8, 0xce, 0xff, 0xff,
    0xff, 0xff, 0xfd, 0x81, 0x0,

    /* U+06A9 "ک" */
    0x0, 0x0, 0x0, 0x0, 0x0, 0x0, 0x0, 0x0,
    0x0, 0x0, 0x0, 0x0, 0x0, 0x0, 0x0, 0x0,
    0x0, 0x27, 0xd2, 0x0, 0x0, 0x0, 0x0, 0x0,
    0x0, 0x6, 0xcf, 0xff, 0x80, 0x0, 0x0, 0x0,
    0x0, 0x1, 0xaf, 0xff, 0xff, 0xfa, 0x0, 0x0,
    0x0, 0x0, 0x0, 0x7f, 0xff, 0xfd, 0x71, 0x0,
    0x0, 0x0, 0x0, 0x0, 0xb, 0xff, 0xb3, 0x0,
    0x0, 0x0, 0x0, 0x0, 0x0, 0x0, 0x4f, 0xfe,
    0x0, 0x0, 0x0, 0x2, 0x0, 0x0, 0x0, 0x0,
    0x9f, 0xf9, 0x0, 0x0, 0x4, 0xfd, 0x30, 0x0,
    0x0, 0x0, 0xdf, 0xf4, 0x0, 0x0, 0x8f, 0xf1,
    0x0, 0x0, 0x0, 0x3, 0xff, 0xe1, 0x0, 0xc,
    0xfd, 0x0, 0x0, 0x0, 0x0, 0x7, 0xff, 0x90,
    0x0, 0xef, 0x90, 0x0, 0x0, 0x0, 0x0, 0xc,
    0xff, 0x10, 0xe, 0xfc, 0x10, 0x0, 0x0, 0x0,
    0x0, 0x5f, 0xf4, 0x0, 0xaf, 0xff, 0xfe, 0xdd,
    0xdd, 0xdd, 0xdf, 0xff, 0x40, 0x1, 0xef, 0xff,
    0xff, 0xff, 0xff, 0xff, 0xff, 0xd0, 0x0, 0x1,
    0x8c, 0xef, 0xff, 0xff, 0xff, 0xff, 0xb2, 0x0,

    /* U+06AF "گ" */
    0x0, 0x0, 0x0, 0x0, 0x0, 0x0, 0x0, 0x46,
    0x0, 0x0, 0x0, 0x0, 0x0, 0x0, 0x0, 0x39,
    0xef, 0xe0, 0x0, 0x0, 0x0, 0x0, 0x0, 0x0,
    0x2f, 0xff, 0xa4, 0x0, 0x0, 0x0, 0x0, 0x0,
    0x0, 0x0, 0x96, 0x0, 0x27, 0xd2, 0x0, 0x0,
    0x0, 0x0, 0x0, 0x0, 0x6, 0xcf, 0xff, 0x80,
    0x0, 0x0, 0x0, 0x0, 0x1, 0xaf, 0xff, 0xff,
    0xfa, 0x0, 0x0, 0x0, 0x0, 0x0, 0x7f, 0xff,
    0xfd, 0x71, 0x0, 0x0, 0x0, 0x0, 0x0, 0xb,
    0xff, 0xb3, 0x0, 0x0, 0x0, 0x0, 0x0, 0x0,
    0x0, 0x4f, 0xfe, 0x0, 0x0, 0x0, 0x2, 0x0,
    0x0, 0x0, 0x0, 0x9f, 0xf9, 0x0, 0x0, 0x4,
    0xfd, 0x30, 0x0, 0x0, 0x0, 0xdf, 0xf4, 0x0,
    0x0, 0x8f, 0xf1, 0x0, 0x0, 0x0, 0x3, 0xff,
    0xe1, 0x0, 0xc, 0xfd, 0x0, 0x0, 0x0, 0x0,
    0x7, 0xff, 0x90, 0x0, 0xef, 0x90, 0x0, 0x0,
    0x0, 0x0, 0xc, 0xff, 0x10, 0xe, 0xfc, 0x10,
    0x0, 0x0, 0x0, 0x0, 0x5f, 0xf4, 0x0, 0xaf,
    0xff, 0xfe, 0xdd, 0xdd, 0xdd, 0xdf, 0xff, 0x40,
    0x1, 0xef, 0xff, 0xff, 0xff, 0xff, 0xff, 0xff,
    0xd0, 0x0, 0x1, 0x8c, 0xef, 0xff, 0xff, 0xff,
    0xff, 0xb2, 0x0,

    /* U+06BA "ں" */
    0x0, 0x0, 0x0, 0x0, 0x0, 0x36, 0x50, 0x1,
    0x0, 0x0, 0x0, 0x0, 0xdf, 0xb0, 0x7, 0xfa,
    0x0, 0x0, 0x0, 0xaf, 0xe0, 0xb, 0xfe, 0x0,
    0x0, 0x0, 0x8f, 0xf0, 0xd, 0xfb, 0x0, 0x0,
    0x0, 0x5f, 0xf2, 0xf, 0xf8, 0x0, 0x0, 0x0,
    0x3f, 0xf5, 0xf, 0xf9, 0x0, 0x0, 0x0, 0x1f,
    0xf6, 0xd, 0xfd, 0x0, 0x0, 0x0, 0x3f, 0xf6,
    0x8, 0xff, 0x80, 0x0, 0x48, 0xef, 0xf3, 0x1,
    0xff, 0xff, 0xef, 0xff, 0xff, 0xa0, 0x0, 0x5f,
    0xff, 0xff, 0xff, 0xf7, 0x0, 0x0, 0x2, 0xad,
    0xec, 0xa5, 0x0, 0x0, 0x0, 0x0, 0x0, 0x0,
    0x0, 0x0, 0x0,

    /* U+06C0 "ۀ" */
    0x0, 0x1, 0x30, 0x0, 0x0, 0x5f, 0xfc, 0x0,
    0x0, 0xe8, 0x34, 0x0, 0x2, 0xf9, 0x40, 0x0,
    0x0, 0x9f, 0xfc, 0x0, 0x0, 0x78, 0xcf, 0x0,
    0x0, 0xff, 0xc6, 0x0, 0x0, 0x2, 0x0, 0x0,
    0x0, 0x8f, 0x50, 0x0, 0x3, 0xff, 0xf6, 0x0,
    0x6, 0xff, 0xff, 0x60, 0x3f, 0xff, 0xff, 0xf2,
    0xbf, 0xf3, 0x5f, 0xf9, 0xff, 0x90, 0xb, 0xfc,
    0xff, 0xa0, 0xc, 0xfc, 0xbf, 0xfd, 0xef, 0xf8,
    0x2f, 0xff, 0xff, 0xe1, 0x2, 0xbf, 0xfa, 0x10,

    /* U+06CC "ی" */
    0x0, 0x0, 0x0, 0x0, 0x5, 0x88, 0x40, 0x0,
    0x0, 0x0, 0x0, 0xcf, 0xff, 0xf4, 0x0, 0x0,
    0x0, 0xc, 0xff, 0xff, 0xf0, 0x1, 0x0, 0x0,
    0x5f, 0xfd, 0x45, 0x70, 0x7, 0xfa, 0x0, 0xbf,
    0xe1, 0x0, 0x0, 0xb, 0xfe, 0x0, 0xff, 0xa0,
    0x0, 0x0, 0xd, 0xfb, 0x0, 0xff, 0xfa, 0x40,
    0x0, 0xf, 0xf8, 0x0, 0x9f, 0xff, 0xff, 0x70,
    0xf, 0xf9, 0x0, 0x7, 0xef, 0xff, 0xf5, 0xd,
    0xfd, 0x0, 0x0, 0x4, 0x9f, 0xf9, 0x8, 0xff,
    0x80, 0x0, 0x48, 0xdf, 0xf6, 0x1, 0xff, 0xff,
    0xef, 0xff, 0xff, 0xc0, 0x0, 0x5f, 0xff, 0xff,
    0xff, 0xf8, 0x0, 0x0, 0x2, 0xad, 0xec, 0xa5,
    0x0, 0x0, 0x0, 0x0, 0x0, 0x0, 0x0, 0x0,
    0x0,

    /* U+06F0 "۰" */
    0x3, 0xbf, 0xe9, 0x0, 0x2f, 0xff, 0xff, 0xc0,
    0xbf, 0xfb, 0xdf, 0xf5, 0xff, 0x80, 0xd, 0xf9,
    0xff, 0x80, 0xd, 0xf9, 0xbf, 0xfb, 0xdf, 0xf5,
    0x2f, 0xff, 0xff, 0xc0, 0x3, 0xbf, 0xe9, 0x0,

    /* U+06F1 "۱" */
    0x1, 0x10, 0xff, 0x90, 0xdf, 0xa0, 0xcf, 0xc0,
    0xaf, 0xe0, 0x9f, 0xf0, 0x7f, 0xf1, 0x5f, 0xf2,
    0x4f, 0xf4, 0x2f, 0xf5, 0x1f, 0xf7, 0xf, 0xf9,
    0xe, 0xfa, 0xc, 0xfa, 0x1, 0x0,

    /* U+06F2 "۲" */
    0x13, 0x20, 0x0, 0x23, 0x1f, 0xf9, 0x0, 0x3f,
    0xf4, 0xdf, 0xb0, 0x2, 0xff, 0x6c, 0xfc, 0x0,
    0xf, 0xf8, 0xaf, 0xe0, 0x0, 0xff, 0x88, 0xff,
    0xfd, 0xff, 0xf6, 0x7f, 0xff, 0xff, 0xfc, 0x5,
    0xff, 0xef, 0xe9, 0x10, 0x4f, 0xf4, 0x0, 0x0,
    0x2, 0xff, 0x60, 0x0, 0x0, 0x1f, 0xf7, 0x0,
    0x0, 0x0, 0xff, 0x90, 0x0, 0x0, 0xd, 0xfa,
    0x0, 0x0, 0x0, 0xcf, 0xa0, 0x0, 0x0, 0x0,
    0x0, 0x0, 0x0, 0x0,

    /* U+06F3 "۳" */
    0x12, 0x20, 0x0, 0x0, 0x0, 0x2, 0x30, 0xff,
    0x90, 0x5, 0xbc, 0x0, 0x9f, 0xe0, 0xdf, 0xb0,
    0x8, 0xff, 0x0, 0x8f, 0xf0, 0xcf, 0xc0, 0x6,
    0xff, 0x20, 0x6f, 0xf2, 0xaf, 0xf1, 0x7, 0xff,
    0x50, 0x7f, 0xf2, 0x8f, 0xff, 0xdf, 0xff, 0xfd,
    0xff, 0xf0, 0x7f, 0xff, 0xff, 0xff, 0xff, 0xff,
    0x60, 0x5f, 0xff, 0xfc, 0x56, 0xdf, 0xd6, 0x0,
    0x4f, 0xf4, 0x0, 0x0, 0x0, 0x0, 0x0, 0x2f,
    0xf6, 0x0, 0x0, 0x0, 0x0, 0x0, 0x1f, 0xf7,
    0x0, 0x0, 0x0, 0x0, 0x0, 0xf, 0xf9, 0x0,
    0x0, 0x0, 0x0, 0x0, 0xe, 0xfa, 0x0, 0x0,
    0x0, 0x0, 0x0, 0xc, 0xfa, 0x0, 0x0, 0x0,
    0x0, 0x0, 0x0, 0x0, 0x0, 0x0, 0x0, 0x0,
    0x0,

    /* U+06F4 "۴" */
    0x0, 0x0, 0x0, 0x47, 0x61, 0x0, 0x13, 0x20,
    0xb, 0xff, 0xff, 0xb0, 0xff, 0x90, 0xaf, 0xff,
    0xff, 0xc0, 0xdf, 0xb1, 0xff, 0xd5, 0x8e, 0x50,
    0xcf, 0xc4, 0xff, 0x40, 0x0, 0x0, 0xaf, 0xe3,
    0xff, 0x70, 0x0, 0x0, 0x8f, 0xff, 0xff, 0xfd,
    0xdd, 0xd3, 0x7f, 0xff, 0xff, 0xff, 0xff, 0xf4,
    0x5f, 0xff, 0xff, 0xff, 0xff, 0xf4, 0x4f, 0xf4,
    0x0, 0x0, 0x0, 0x0, 0x2f, 0xf5, 0x0, 0x0,
    0x0, 0x0, 0x1f, 0xf7, 0x0, 0x0, 0x0, 0x0,
    0xf, 0xf8, 0x0, 0x0, 0x0, 0x0, 0xe, 0xfa,
    0x0, 0x0, 0x0, 0x0, 0xc, 0xfa, 0x0, 0x0,
    0x0, 0x0, 0x0, 0x0, 0x0, 0x0, 0x0, 0x0,

    /* U+06F5 "۵" */
    0x0, 0x0, 0x7, 0x10, 0x0, 0x0, 0x0, 0x0,
    0x9, 0xfc, 0x0, 0x0, 0x0, 0x0, 0x0, 0xdf,
    0xfb, 0x0, 0x0, 0x0, 0x0, 0x5f, 0xff, 0xf9,
    0x0, 0x0, 0x0, 0x3f, 0xff, 0xef, 0xf7, 0x0,
    0x0, 0x1e, 0xff, 0x63, 0xff, 0xf4, 0x0, 0xb,
    0xff, 0x80, 0x4, 0xff, 0xe1, 0x4, 0xff, 0xb0,
    0x0, 0x8, 0xff, 0x90, 0xbf, 0xf1, 0x0, 0x0,
    0xd, 0xff, 0xe, 0xfb, 0x0, 0x0, 0x0, 0x7f,
    0xf2, 0xff, 0x80, 0x2f, 0xf6, 0x4, 0xff, 0x4f,
    0xf9, 0x3, 0xff, 0x80, 0x5f, 0xf4, 0xcf, 0xfe,
    0xff, 0xff, 0xdf, 0xff, 0x14, 0xff, 0xff, 0xff,
    0xff, 0xff, 0x80, 0x4, 0xdf, 0xe7, 0x5c, 0xfe,
    0x70, 0x0,

    /* U+06F6 "۶" */
    0x0, 0x0, 0x0, 0x0, 0x0, 0x0, 0x0, 0x6c,
    0x0, 0x0, 0x0, 0x0, 0x9f, 0xf5, 0x0, 0x0,
    0x0, 0x7f, 0xff, 0x60, 0x4, 0x0, 0xd, 0xfe,
    0x20, 0x5, 0xfb, 0x10, 0xff, 0x90, 0x1, 0xef,
    0xf2, 0xd, 0xfe, 0x42, 0xbf, 0xf7, 0x0, 0x7f,
    0xff, 0xff, 0xfc, 0x0, 0x0, 0xbf, 0xff, 0xff,
    0x20, 0x0, 0x0, 0x5f, 0xff, 0x60, 0x0, 0x0,
    0x6, 0xff, 0xb0, 0x0, 0x0, 0x1, 0xff, 0xf2,
    0x0, 0x0, 0x0, 0xbf, 0xf6, 0x0, 0x0, 0x0,
    0x6f, 0xfb, 0x0, 0x0, 0x0, 0x7, 0xff, 0x10,
    0x0, 0x0, 0x0, 0x4, 0x50, 0x0, 0x0, 0x0,

    /* U+06F7 "۷" */
    0x0, 0x20, 0x0, 0x0, 0x2, 0x0, 0x2c, 0xf4,
    0x0, 0x0, 0xb, 0xf8, 0x1f, 0xfa, 0x0, 0x0,
    0x1f, 0xf9, 0xb, 0xff, 0x0, 0x0, 0x7f, 0xf3,
    0x5, 0xff, 0x50, 0x0, 0xdf, 0xd0, 0x0, 0xff,
    0xb0, 0x2, 0xff, 0x80, 0x0, 0xaf, 0xf1, 0x8,
    0xff, 0x20, 0x0, 0x4f, 0xf6, 0xe, 0xfc, 0x0,
    0x0, 0xe, 0xfc, 0x4f, 0xf6, 0x0, 0x0, 0x8,
    0xff, 0xcf, 0xf1, 0x0, 0x0, 0x3, 0xff, 0xff,
    0xb0, 0x0, 0x0, 0x0, 0xdf, 0xff, 0x50, 0x0,
    0x0, 0x0, 0x7f, 0xff, 0x0, 0x0, 0x0, 0x0,
    0x1f, 0xf9, 0x0, 0x0,

    /* U+06F8 "۸" */
    0x0, 0x0, 0x1f, 0xfa, 0x0, 0x0, 0x0, 0x0,
    0x7f, 0xff, 0x0, 0x0, 0x0, 0x0, 0xcf, 0xff,
    0x50, 0x0, 0x0, 0x2, 0xff, 0xff, 0xb0, 0x0,
    0x0, 0x8, 0xff, 0xcf, 0xf1, 0x0, 0x0, 0xe,
    0xfd, 0x4f, 0xf6, 0x0, 0x0, 0x4f, 0xf7, 0xe,
    0xfc, 0x0, 0x0, 0x9f, 0xf1, 0x8, 0xff, 0x20,
    0x0, 0xff, 0xc0, 0x3, 0xff, 0x80, 0x5, 0xff,
    0x60, 0x0, 0xdf, 0xd0, 0xb, 0xff, 0x10, 0x0,
    0x7f, 0xf3, 0x1f, 0xfa, 0x0, 0x0, 0x1f, 0xf9,
    0x3d, 0xf5, 0x0, 0x0, 0xc, 0xf9, 0x0, 0x30,
    0x0, 0x0, 0x2, 0x10,

    /* U+06F9 "۹" */
    0x1, 0x9e, 0xfb, 0x30, 0x0, 0x1d, 0xff, 0xff,
    0xf2, 0x0, 0x9f, 0xfe, 0xdf, 0xfc, 0x0, 0xef,
    0xc0, 0xa, 0xff, 0x10, 0xff, 0x90, 0x4, 0xff,
    0x40, 0xdf, 0xe2, 0x2, 0xff, 0x60, 0x7f, 0xff,
    0xff, 0xff, 0x80, 0xb, 0xff, 0xff, 0xff, 0xa0,
    0x0, 0x6a, 0xbb, 0xff, 0xb0, 0x0, 0x0, 0x0,
    0xbf, 0xd0, 0x0, 0x0, 0x0, 0x9f, 0xf0, 0x0,
    0x0, 0x0, 0x7f, 0xf0, 0x0, 0x0, 0x0, 0x6f,
    0xf2, 0x0, 0x0, 0x0, 0x4d, 0xb2,

    /* U+FB50 "ﭐ" */
    0x0, 0x0, 0x0, 0x0, 0x0, 0x1, 0xbf, 0xb0,
    0x0, 0xb, 0xe6, 0xf5, 0x0, 0x6f, 0x30, 0xe6,
    0x9, 0xff, 0xff, 0xe1, 0x1d, 0x87, 0x76, 0x10,
    0x0, 0x2d, 0xd4, 0x0, 0x0, 0x2f, 0xf6, 0x0,
    0x0, 0x1f, 0xf7, 0x0, 0x0, 0xf, 0xf7, 0x0,
    0x0, 0xf, 0xf8, 0x0, 0x0, 0xf, 0xf8, 0x0,
    0x0, 0xf, 0xf9, 0x0, 0x0, 0xe, 0xfa, 0x0,
    0x0, 0xd, 0xfa, 0x0, 0x0, 0xd, 0xfb, 0x0,
    0x0, 0xc, 0xfb, 0x0, 0x0, 0xb, 0xfc, 0x0,

    /* U+FB51 "ﭑ" */
    0x0, 0x0, 0x0, 0x0, 0x0, 0x0, 0xbf, 0xc0,
    0x0, 0x9, 0xe5, 0xe6, 0x0, 0x4f, 0x40, 0xc8,
    0x8, 0xff, 0xff, 0xf2, 0xd, 0x97, 0x76, 0x20,
    0x0, 0x59, 0x70, 0x0, 0x0, 0x9f, 0xe0, 0x0,
    0x0, 0x9f, 0xf0, 0x0, 0x0, 0x8f, 0xf0, 0x0,
    0x0, 0x7f, 0xf0, 0x0, 0x0, 0x7f, 0xf0, 0x0,
    0x0, 0x6f, 0xf1, 0x0, 0x0, 0x5f, 0xf2, 0x0,
    0x0, 0x4f, 0xf4, 0x0, 0x0, 0x1f, 0xff, 0xb0,
    0x0, 0xb, 0xff, 0xd0, 0x0, 0x1, 0x9e, 0xd0,

    /* U+FB56 "ﭖ" */
    0x0, 0x20, 0x0, 0x0, 0x0, 0x0, 0x0, 0x0,
    0x12, 0x0, 0x4f, 0xd3, 0x0, 0x0, 0x0, 0x0,
    0x0, 0xcf, 0xa0, 0x8, 0xff, 0x10, 0x0, 0x0,
    0x0, 0x0, 0xb, 0xfe, 0x0, 0xcf, 0xd0, 0x0,
    0x0, 0x0, 0x0, 0x0, 0x7f, 0xf2, 0xe, 0xf9,
    0x0, 0x0, 0x0, 0x0, 0x0, 0x3, 0xff, 0x40,
    0xef, 0xc1, 0x0, 0x0, 0x0, 0x0, 0x0, 0x7f,
    0xf4, 0xa, 0xff, 0xff, 0xed, 0xdd, 0xdd, 0xde,
    0xff, 0xff, 0x10, 0x1e, 0xff, 0xff, 0xff, 0xff,
    0xff, 0xff, 0xff, 0x60, 0x0, 0x18, 0xce, 0xff,
    0xff, 0xff, 0xff, 0xda, 0x30, 0x0, 0x0, 0x0,
    0x0, 0x0, 0x0, 0x0, 0x0, 0x0, 0x0, 0x0,
    0x0, 0x0, 0x6, 0x20, 0x6, 0x20, 0x0, 0x0,
    0x0, 0x0, 0x0, 0x6, 0xfe, 0x26, 0xfe, 0x20,
    0x0, 0x0, 0x0, 0x0, 0x0, 0x3f, 0xc1, 0x4f,
    0xc0, 0x0, 0x0, 0x0, 0x0, 0x0, 0x0, 0x31,
    0x31, 0x30, 0x0, 0x0, 0x0, 0x0, 0x0, 0x0,
    0x0, 0x3f, 0xd0, 0x0, 0x0, 0x0, 0x0, 0x0,
    0x0, 0x0, 0x0, 0xb7, 0x0, 0x0, 0x0, 0x0,
    0x0, 0x0, 0x0, 0x0, 0x0, 0x0, 0x0, 0x0,
    0x0, 0x0,

    /* U+FB57 "ﭗ" */
    0x0, 0x20, 0x0, 0x0, 0x0, 0x0, 0x0, 0x0,
    0x0, 0x0, 0x4, 0xfd, 0x30, 0x0, 0x0, 0x0,
    0x0, 0x0, 0x0, 0x0, 0x8, 0xff, 0x10, 0x0,
    0x0, 0x0, 0x0, 0x1, 0x46, 0x10, 0xc, 0xfd,
    0x0, 0x0, 0x0, 0x0, 0x0, 0x5, 0xff, 0x30,
    0xe, 0xf9, 0x0, 0x0, 0x0, 0x0, 0x0, 0x4,
    0xff, 0x40, 0xe, 0xfc, 0x10, 0x0, 0x0, 0x0,
    0x0, 0x4, 0xff, 0x70, 0xa, 0xff, 0xff, 0xed,
    0xdd, 0xdd, 0xdd, 0xdf, 0xff, 0xf8, 0x1, 0xef,
    0xff, 0xff, 0xff, 0xff, 0xff, 0xff, 0xff, 0xfa,
    0x0, 0x18, 0xce, 0xff, 0xff, 0xff, 0xff, 0xfd,
    0x86, 0xd9, 0x0, 0x0, 0x0, 0x0, 0x0, 0x0,
    0x0, 0x0, 0x0, 0x0, 0x0, 0x0, 0x0, 0x5,
    0x20, 0x5, 0x20, 0x0, 0x0, 0x0, 0x0, 0x0,
    0x0, 0x5f, 0xe2, 0x6f, 0xe2, 0x0, 0x0, 0x0,
    0x0, 0x0, 0x0, 0x4f, 0xd1, 0x4f, 0xd1, 0x0,
    0x0, 0x0, 0x0, 0x0, 0x0, 0x3, 0x13, 0x14,
    0x10, 0x0, 0x0, 0x0, 0x0, 0x0, 0x0, 0x0,
    0x3f, 0xc0, 0x0, 0x0, 0x0, 0x0, 0x0, 0x0,
    0x0, 0x0, 0xc, 0x70, 0x0, 0x0, 0x0, 0x0,
    0x0, 0x0, 0x0, 0x0, 0x0, 0x0, 0x0, 0x0,
    0x0, 0x0,

    /* U+FB58 "ﭘ" */
    0x0, 0x0, 0x0, 0x2, 0x10, 0x0, 0x0, 0x2,
    0xdf, 0x50, 0x0, 0x0, 0x0, 0xff, 0xa0, 0x0,
    0x0, 0x0, 0xbf, 0xe0, 0x0, 0x0, 0x0, 0x7f,
    0xf1, 0x0, 0x0, 0x0, 0x8f, 0xf2, 0x1, 0xdd,
    0xde, 0xff, 0xe0, 0x1, 0xff, 0xff, 0xff, 0x50,
    0x1, 0xff, 0xff, 0xc4, 0x0, 0x0, 0x0, 0x0,
    0x0, 0x0, 0x2, 0x50, 0x2, 0x50, 0x0, 0x2e,
    0xf5, 0x2e, 0xf5, 0x0, 0x1d, 0xf4, 0x1d, 0xf4,
    0x0, 0x1, 0x31, 0x31, 0x30, 0x0, 0x0, 0xc,
    0xf3, 0x0, 0x0, 0x0, 0x8, 0xc0, 0x0, 0x0,
    0x0, 0x0, 0x0, 0x0, 0x0,

    /* U+FB59 "ﭙ" */
    0x0, 0x0, 0x1, 0x46, 0x0, 0x0, 0x0, 0x7,
    0xff, 0x10, 0x0, 0x0, 0x5, 0xff, 0x30, 0x0,
    0x0, 0x5, 0xff, 0x50, 0x1d, 0xdd, 0xdf, 0xff,
    0xf7, 0x1f, 0xff, 0xff, 0xff, 0xf8, 0x1f, 0xff,
    0xfd, 0x77, 0xd8, 0x0, 0x0, 0x0, 0x0, 0x0,
    0x0, 0x61, 0x0, 0x71, 0x0, 0x7, 0xfd, 0x18,
    0xfd, 0x10, 0x5, 0xfb, 0x5, 0xfb, 0x0, 0x0,
    0x30, 0x40, 0x30, 0x0, 0x0, 0x4, 0xfb, 0x0,
    0x0, 0x0, 0x1, 0xc5, 0x0, 0x0, 0x0, 0x0,
    0x0, 0x0, 0x0,

    /* U+FB6A "ﭪ" */
    0x0, 0x0, 0x0, 0x0, 0x0, 0x0, 0x1, 0x80,
    0x0, 0x0, 0x0, 0x0, 0x0, 0x0, 0x0, 0x0,
    0xcf, 0x60, 0x0, 0x0, 0x0, 0x0, 0x0, 0x0,
    0x0, 0x2, 0x90, 0x0, 0x0, 0x0, 0x0, 0x0,
    0x0, 0x0, 0x6e, 0x20, 0x6d, 0x20, 0x0, 0x0,
    0x0, 0x0, 0x0, 0x1f, 0xfb, 0x1f, 0xfb, 0x0,
    0x0, 0x0, 0x0, 0x0, 0x0, 0x4c, 0x10, 0x4c,
    0x10, 0x0, 0x0, 0x0, 0x0, 0x0, 0x0, 0x0,
    0x0, 0x0, 0x0, 0x0, 0x0, 0x0, 0x0, 0x0,
    0x1a, 0xff, 0xc4, 0x0, 0x0, 0x0, 0x0, 0x0,
    0x0, 0xc, 0xff, 0xff, 0xf3, 0x0, 0x0, 0x0,
    0x0, 0x0, 0x3, 0xff, 0xb9, 0xff, 0xc0, 0x0,
    0x50, 0x0, 0x0, 0x0, 0x7f, 0xd0, 0x8, 0xff,
    0x10, 0x4f, 0xf4, 0x0, 0x0, 0x8, 0xfc, 0x0,
    0x3f, 0xf3, 0x8, 0xff, 0x10, 0x0, 0x0, 0x6f,
    0xfb, 0x9b, 0xff, 0x40, 0xcf, 0xd0, 0x0, 0x0,
    0x0, 0xef, 0xff, 0xff, 0xf6, 0xe, 0xf9, 0x0,
    0x0, 0x0, 0x2, 0xae, 0xff, 0xff, 0x70, 0xef,
    0xc1, 0x0, 0x0, 0x0, 0x0, 0x0, 0x1f, 0xf7,
    0xa, 0xff, 0xff, 0xed, 0xdd, 0xdd, 0xdd, 0xdf,
    0xff, 0x50, 0x1e, 0xff, 0xff, 0xff, 0xff, 0xff,
    0xff, 0xff, 0xd0, 0x0, 0x8, 0xce, 0xff, 0xff,
    0xff, 0xff, 0xfd, 0x81, 0x0,

    /* U+FB6B "ﭫ" */
    0x0, 0x0, 0x0, 0x0, 0x0, 0x0, 0x0, 0x0,
    0x0, 0x0, 0x0, 0x0, 0x0, 0x0, 0x0, 0x0,
    0x0, 0xa6, 0x0, 0x0, 0x0, 0x0, 0x0, 0x0,
    0x0, 0x0, 0x3, 0xfd, 0x0, 0x0, 0x0, 0x0,
    0x0, 0x0, 0x0, 0x0, 0x20, 0x41, 0x20, 0x0,
    0x0, 0x0, 0x0, 0x0, 0x0, 0x2, 0xec, 0x2,
    0xeb, 0x0, 0x0, 0x0, 0x0, 0x0, 0x0, 0x6,
    0xff, 0x37, 0xff, 0x30, 0x0, 0x0, 0x0, 0x0,
    0x0, 0x0, 0x73, 0x0, 0x73, 0x0, 0x0, 0x0,
    0x0, 0x0, 0x0, 0x0, 0x1, 0x32, 0x0, 0x0,
    0x0, 0x20, 0x0, 0x0, 0x0, 0x0, 0x7f, 0xff,
    0xd2, 0x0, 0x4, 0xfd, 0x30, 0x0, 0x0, 0x7,
    0xff, 0xff, 0xfd, 0x0, 0x8, 0xff, 0x10, 0x0,
    0x0, 0xe, 0xff, 0x9d, 0xff, 0x60, 0xc, 0xfd,
    0x0, 0x0, 0x0, 0x2f, 0xf7, 0x0, 0xff, 0x90,
    0xe, 0xf9, 0x0, 0x0, 0x0, 0x3f, 0xf5, 0x0,
    0xef, 0x90, 0xe, 0xfc, 0x10, 0x0, 0x0, 0x1f,
    0xff, 0x9d, 0xff, 0x60, 0xa, 0xff, 0xff, 0xed,
    0xdd, 0xdf, 0xff, 0xff, 0xff, 0xd8, 0x1, 0xef,
    0xff, 0xff, 0xff, 0xff, 0xff, 0xff, 0xff, 0xf9,
    0x0, 0x18, 0xce, 0xff, 0xff, 0xfe, 0xd9, 0x58,
    0xce, 0xf9,

    /* U+FB6C "ﭬ" */
    0x0, 0x0, 0x9, 0x10, 0x0, 0x0, 0x0, 0x8f,
    0xa0, 0x0, 0x0, 0x0, 0x9, 0x10, 0x0, 0x0,
    0x3e, 0x40, 0x3e, 0x40, 0x0, 0xdf, 0xe0, 0xdf,
    0xe0, 0x0, 0x1c, 0x20, 0x2c, 0x20, 0x0, 0x0,
    0x0, 0x0, 0x0, 0x0, 0x7, 0xef, 0xe7, 0x0,
    0x0, 0x7f, 0xff, 0xff, 0x80, 0x0, 0xef, 0xd8,
    0xef, 0xf1, 0x2, 0xff, 0x20, 0x3f, 0xf6, 0x3,
    0xff, 0x10, 0xf, 0xf8, 0x1, 0xff, 0xd9, 0xaf,
    0xf9, 0x0, 0xaf, 0xff, 0xff, 0xfa, 0x0, 0x8,
    0xdf, 0xff, 0xfc, 0x0, 0x0, 0x0, 0xc, 0xfc,
    0x1d, 0xdd, 0xdd, 0xff, 0xfa, 0x1f, 0xff, 0xff,
    0xff, 0xf3, 0x1f, 0xff, 0xff, 0xda, 0x30,

    /* U+FB6D "ﭭ" */
    0x0, 0x0, 0x6, 0x80, 0x0, 0x0, 0x0, 0x1,
    0xff, 0x20, 0x0, 0x0, 0x0, 0x13, 0x40, 0x10,
    0x0, 0x0, 0xcd, 0x10, 0xcc, 0x10, 0x0, 0x4f,
    0xf6, 0x4f, 0xf5, 0x0, 0x0, 0x57, 0x0, 0x66,
    0x0, 0x0, 0x0, 0x3, 0x30, 0x0, 0x0, 0x0,
    0x4e, 0xff, 0xe5, 0x0, 0x0, 0x3f, 0xff, 0xff,
    0xf3, 0x0, 0xa, 0xff, 0xbb, 0xff, 0xb0, 0x0,
    0xdf, 0xb0, 0xb, 0xfe, 0x0, 0xe, 0xfa, 0x0,
    0xaf, 0xe0, 0x0, 0xbf, 0xfa, 0xbf, 0xfb, 0x1,
    0xde, 0xff, 0xff, 0xff, 0xec, 0x1f, 0xff, 0xff,
    0xff, 0xff, 0xe1, 0xff, 0xda, 0x66, 0xbe, 0xfe,

    /* U+FB7A "ﭺ" */
    0x0, 0x0, 0x15, 0x51, 0x0, 0x0, 0x0, 0x0,
    0x8, 0xff, 0xff, 0xa1, 0x0, 0x0, 0x0, 0x8f,
    0xff, 0xff, 0xff, 0x80, 0x0, 0x0, 0xff, 0xf9,
    0x8e, 0xff, 0xfe, 0x60, 0x0, 0x2c, 0x40, 0x0,
    0x7e, 0xff, 0xf5, 0x0, 0x0, 0x0, 0x0, 0x38,
    0xff, 0xf4, 0x0, 0x0, 0x16, 0xbf, 0xff, 0xff,
    0xf2, 0x0, 0x6, 0xef, 0xff, 0xff, 0xfd, 0x90,
    0x0, 0x8f, 0xff, 0xfe, 0xa6, 0x10, 0x0, 0x4,
    0xff, 0xf9, 0x30, 0x18, 0x10, 0x0, 0xb, 0xff,
    0x43, 0x60, 0x8f, 0x90, 0x0, 0xe, 0xfa, 0xc,
    0xf5, 0x49, 0x10, 0x0, 0xf, 0xf9, 0x2, 0x97,
    0xf7, 0x0, 0x0, 0xd, 0xfd, 0x0, 0x5, 0xe3,
    0x0, 0x20, 0x8, 0xff, 0x90, 0x0, 0x15, 0x9e,
    0xf0, 0x1, 0xff, 0xff, 0xcd, 0xff, 0xff, 0xf4,
    0x0, 0x4f, 0xff, 0xff, 0xff, 0xff, 0xc3, 0x0,
    0x2, 0xaf, 0xff, 0xd9, 0x50, 0x0, 0x0, 0x0,
    0x0, 0x10, 0x0, 0x0, 0x0,

    /* U+FB7B "ﭻ" */
    0x0, 0x0, 0x15, 0x51, 0x0, 0x0, 0x0, 0x0,
    0x0, 0x8f, 0xff, 0xfa, 0x10, 0x0, 0x0, 0x0,
    0x8f, 0xff, 0xff, 0xff, 0x80, 0x0, 0x0, 0xf,
    0xff, 0x98, 0xef, 0xff, 0xe6, 0x0, 0x0, 0x2c,
    0x40, 0x0, 0x7e, 0xff, 0xf5, 0x0, 0x0, 0x0,
    0x0, 0x3, 0x8f, 0xff, 0x40, 0x0, 0x0, 0x16,
    0xbf, 0xff, 0xff, 0xf2, 0x0, 0x0, 0x6e, 0xff,
    0xff, 0xff, 0xff, 0x10, 0x0, 0x8f, 0xff, 0xfe,
    0xa6, 0xaf, 0xff, 0xb0, 0x4f, 0xff, 0x93, 0x4,
    0x41, 0xef, 0xfe, 0xb, 0xff, 0x46, 0x20, 0xef,
    0x21, 0xae, 0xd0, 0xef, 0xa2, 0xfe, 0x26, 0x90,
    0x0, 0x0, 0xf, 0xf9, 0x7, 0x6d, 0xe1, 0x0,
    0x0, 0x0, 0xdf, 0xd0, 0x1, 0xbc, 0x0, 0x2,
    0x0, 0x8, 0xff, 0x90, 0x0, 0x15, 0x9e, 0xf0,
    0x0, 0x1f, 0xff, 0xfc, 0xdf, 0xff, 0xff, 0x40,
    0x0, 0x4f, 0xff, 0xff, 0xff, 0xff, 0xc3, 0x0,
    0x0, 0x2a, 0xff, 0xfd, 0x95, 0x0, 0x0, 0x0,
    0x0, 0x0, 0x10, 0x0, 0x0, 0x0, 0x0,

    /* U+FB7C "ﭼ" */
    0x0, 0x0, 0x0, 0x0, 0x0, 0x0, 0x0, 0x0,
    0x1, 0x9e, 0xfb, 0x40, 0x0, 0x0, 0x0, 0x1e,
    0xff, 0xff, 0xfb, 0x20, 0x0, 0x0, 0xaf, 0xff,
    0xff, 0xff, 0xf8, 0x0, 0x0, 0x7f, 0xc1, 0x4,
    0xcf, 0xff, 0xe3, 0x0, 0x1, 0x20, 0x0, 0x5,
    0xff, 0xf5, 0x0, 0x0, 0x1, 0x58, 0xcf, 0xff,
    0xf3, 0x1d, 0xde, 0xff, 0xff, 0xff, 0xff, 0xf1,
    0x1f, 0xff, 0xff, 0xff, 0xfc, 0x84, 0x0, 0x1f,
    0xfe, 0xdb, 0x95, 0x10, 0x0, 0x0, 0x0, 0x0,
    0x0, 0x0, 0x0, 0x0, 0x0, 0x0, 0x0, 0x7,
    0x0, 0x7, 0x0, 0x0, 0x0, 0x0, 0xaf, 0xb0,
    0xbf, 0xb0, 0x0, 0x0, 0x0, 0x8f, 0x80, 0x8f,
    0x80, 0x0, 0x0, 0x0, 0x4, 0x4, 0x4, 0x0,
    0x0, 0x0, 0x0, 0x0, 0x7f, 0x80, 0x0, 0x0,
    0x0, 0x0, 0x0, 0x2d, 0x30, 0x0, 0x0, 0x0,
    0x0, 0x0, 0x0, 0x0, 0x0, 0x0,

    /* U+FB7D "ﭽ" */
    0x0, 0x0, 0x2, 0x20, 0x0, 0x0, 0x0, 0x0,
    0x0, 0x4d, 0xff, 0xe7, 0x0, 0x0, 0x0, 0x0,
    0x4f, 0xff, 0xff, 0xfe, 0x60, 0x0, 0x0, 0xe,
    0xff, 0xcb, 0xff, 0xff, 0xd5, 0x0, 0x0, 0x4d,
    0x80, 0x1, 0x8f, 0xff, 0xf4, 0x0, 0x0, 0x0,
    0x0, 0x2, 0x7f, 0xff, 0x30, 0x0, 0x0, 0x36,
    0xae, 0xff, 0xff, 0xf1, 0x1, 0xef, 0xff, 0xff,
    0xff, 0xff, 0xff, 0xda, 0x1f, 0xff, 0xff, 0xff,
    0xa6, 0x7f, 0xff, 0xc1, 0xfe, 0xdb, 0x73, 0x0,
    0x0, 0x5d, 0xfc, 0x0, 0x0, 0x0, 0x0, 0x0,
    0x0, 0x0, 0x0, 0x0, 0x1, 0x70, 0x1, 0x70,
    0x0, 0x0, 0x0, 0x1, 0xdf, 0x91, 0xdf, 0x80,
    0x0, 0x0, 0x0, 0xa, 0xf5, 0xb, 0xf5, 0x0,
    0x0, 0x0, 0x0, 0x3, 0x4, 0x3, 0x0, 0x0,
    0x0, 0x0, 0x0, 0xb, 0xf5, 0x0, 0x0, 0x0,
    0x0, 0x0, 0x0, 0x4c, 0x10, 0x0, 0x0, 0x0,
    0x0, 0x0, 0x0, 0x0, 0x0, 0x0, 0x0,

    /* U+FB8A "ﮊ" */
    0x0, 0x5, 0x40, 0x0, 0x0, 0x2f, 0xf1, 0x0,
    0x0, 0x7, 0x50, 0x0, 0xb, 0xa0, 0xb, 0x90,
    0x6f, 0xf5, 0x7f, 0xf5, 0x9, 0x80, 0xa, 0x80,
    0x0, 0x0, 0x0, 0x0, 0x0, 0x4, 0x64, 0x0,
    0x0, 0xf, 0xf9, 0x0, 0x0, 0xc, 0xfb, 0x0,
    0x0, 0xa, 0xfe, 0x0, 0x0, 0x8, 0xff, 0x0,
    0x0, 0x6, 0xff, 0x20, 0x0, 0x4, 0xff, 0x40,
    0x0, 0x5, 0xff, 0x40, 0x1, 0x6e, 0xff, 0x20,
    0xbf, 0xff, 0xfa, 0x0, 0xbf, 0xff, 0x80, 0x0,
    0x7d, 0x81, 0x0, 0x0, 0x0, 0x0, 0x0, 0x0,

    /* U+FB8B "ﮋ" */
    0x0, 0x3, 0x60, 0x0, 0x0, 0x1, 0xff, 0x30,
    0x0, 0x0, 0x5, 0x70, 0x0, 0x0, 0x9b, 0x0,
    0x9b, 0x0, 0x4f, 0xf7, 0x4f, 0xf7, 0x0, 0x7a,
    0x0, 0x8a, 0x0, 0x0, 0x0, 0x0, 0x0, 0x0,
    0x0, 0x46, 0x40, 0x0, 0x0, 0xf, 0xf9, 0x0,
    0x0, 0x0, 0xcf, 0xc0, 0x0, 0x0, 0xa, 0xff,
    0x0, 0x0, 0x0, 0x8f, 0xfe, 0xd2, 0x0, 0x6,
    0xff, 0xff, 0x30, 0x0, 0x4f, 0xff, 0xf3, 0x0,
    0x5, 0xff, 0x40, 0x0, 0x16, 0xef, 0xf2, 0x0,
    0xbf, 0xff, 0xfa, 0x0, 0xb, 0xff, 0xf9, 0x0,
    0x0, 0x7d, 0x82, 0x0, 0x0, 0x0, 0x0, 0x0,
    0x0, 0x0,

    /* U+FB8E "ﮎ" */
    0x0, 0x0, 0x0, 0x0, 0x0, 0x0, 0x0, 0x0,
    0x0, 0x0, 0x0, 0x0, 0x0, 0x0, 0x0, 0x0,
    0x0, 0x27, 0xd2, 0x0, 0x0, 0x0, 0x0, 0x0,
    0x0, 0x6, 0xcf, 0xff, 0x80, 0x0, 0x0, 0x0,
    0x0, 0x1, 0xaf, 0xff, 0xff, 0xfa, 0x0, 0x0,
    0x0, 0x0, 0x0, 0x7f, 0xff, 0xfd, 0x71, 0x0,
    0x0, 0x0, 0x0, 0x0, 0xb, 0xff, 0xb3, 0x0,
    0x0, 0x0, 0x0, 0x0, 0x0, 0x0, 0x4f, 0xfe,
    0x0, 0x0, 0x0, 0x2, 0x0, 0x0, 0x0, 0x0,
    0x9f, 0xf9, 0x0, 0x0, 0x4, 0xfd, 0x30, 0x0,
    0x0, 0x0, 0xdf, 0xf4, 0x0, 0x0, 0x8f, 0xf1,
    0x0, 0x0, 0x0, 0x3, 0xff, 0xe1, 0x0, 0xc,
    0xfd, 0x0, 0x0, 0x0, 0x0, 0x7, 0xff, 0x90,
    0x0, 0xef, 0x90, 0x0, 0x0, 0x0, 0x0, 0xc,
    0xff, 0x10, 0xe, 0xfc, 0x10, 0x0, 0x0, 0x0,
    0x0, 0x5f, 0xf4, 0x0, 0xaf, 0xff, 0xfe, 0xdd,
    0xdd, 0xdd, 0xdf, 0xff, 0x40, 0x1, 0xef, 0xff,
    0xff, 0xff, 0xff, 0xff, 0xff, 0xd0, 0x0, 0x1,
    0x8c, 0xef, 0xff, 0xff, 0xff, 0xff, 0xb2, 0x0,

    /* U+FB8F "ﮏ" */
    0x0, 0x0, 0x0, 0x0, 0x0, 0x0, 0x0, 0x0,
    0x0, 0x0, 0x0, 0x0, 0x0, 0x0, 0x0, 0x0,
    0x0, 0x0, 0x17, 0xd3, 0x0, 0x0, 0x0, 0x0,
    0x0, 0x0, 0x0, 0x6, 0xbf, 0xff, 0x80, 0x0,
    0x0, 0x0, 0x0, 0x0, 0x1, 0xaf, 0xff, 0xff,
    0xfa, 0x0, 0x0, 0x0, 0x0, 0x0, 0x0, 0x7f,
    0xff, 0xfd, 0x71, 0x0, 0x0, 0x0, 0x0, 0x0,
    0x0, 0xa, 0xff, 0xb3, 0x0, 0x0, 0x0, 0x0,
    0x0, 0x0, 0x0, 0x0, 0x4f, 0xfe, 0x10, 0x0,
    0x0, 0x0, 0x2, 0x0, 0x0, 0x0, 0x0, 0x8f,
    0xfa, 0x0, 0x0, 0x0, 0x4, 0xfd, 0x30, 0x0,
    0x0, 0x0, 0xdf, 0xf5, 0x0, 0x0, 0x0, 0x8f,
    0xf1, 0x0, 0x0, 0x0, 0x2, 0xff, 0xe1, 0x0,
    0x0, 0xc, 0xfd, 0x0, 0x0, 0x0, 0x0, 0x6,
    0xff, 0xa0, 0x0, 0x0, 0xef, 0x90, 0x0, 0x0,
    0x0, 0x0, 0xb, 0xff, 0x50, 0x0, 0xe, 0xfc,
    0x10, 0x0, 0x0, 0x0, 0x0, 0x4f, 0xff, 0x30,
    0x0, 0xaf, 0xff, 0xfe, 0xdd, 0xdd, 0xdd, 0xdf,
    0xff, 0xff, 0xe0, 0x1, 0xef, 0xff, 0xff, 0xff,
    0xff, 0xff, 0xff, 0xef, 0xff, 0x0, 0x1, 0x8c,
    0xef, 0xff, 0xff, 0xff, 0xff, 0xb2, 0x4c, 0xf0,

    /* U+FB90 "ﮐ" */
    0x0, 0x0, 0x0, 0x0, 0x0, 0x0, 0x0, 0x0,
    0x0, 0x6b, 0x70, 0x0, 0x0, 0x4a, 0xff, 0xfd,
    0x0, 0x8, 0xef, 0xff, 0xff, 0xd1, 0x2, 0xff,
    0xff, 0xe9, 0x30, 0x0, 0x6f, 0xfe, 0x50, 0x0,
    0x0, 0x1, 0xef, 0xf4, 0x0, 0x0, 0x0, 0x4,
    0xff, 0xe0, 0x0, 0x0, 0x0, 0x8, 0xff, 0x90,
    0x0, 0x0, 0x0, 0xd, 0xff, 0x40, 0x0, 0x0,
    0x0, 0x2f, 0xfe, 0x0, 0x0, 0x0, 0x0, 0x6f,
    0xf6, 0x0, 0x0, 0x0, 0x0, 0xff, 0x90, 0x1,
    0xdd, 0xdd, 0xef, 0xf9, 0x0, 0x1f, 0xff, 0xff,
    0xff, 0x30, 0x1, 0xff, 0xff, 0xfc, 0x40, 0x0,

    /* U+FB91 "ﮑ" */
    0x0, 0x0, 0x0, 0x0, 0x0, 0x0, 0x0, 0x0,
    0x0, 0x6, 0xb7, 0x0, 0x0, 0x0, 0x4a, 0xff,
    0xfd, 0x0, 0x0, 0x8e, 0xff, 0xff, 0xfd, 0x10,
    0x2, 0xff, 0xff, 0xe9, 0x30, 0x0, 0x6, 0xff,
    0xe5, 0x0, 0x0, 0x0, 0x1, 0xef, 0xf4, 0x0,
    0x0, 0x0, 0x0, 0x4f, 0xfe, 0x0, 0x0, 0x0,
    0x0, 0x8, 0xff, 0x90, 0x0, 0x0, 0x0, 0x0,
    0xdf, 0xf4, 0x0, 0x0, 0x0, 0x0, 0x2f, 0xfe,
    0x0, 0x0, 0x0, 0x0, 0x6, 0xff, 0x90, 0x0,
    0x0, 0x0, 0x0, 0xff, 0xf7, 0x0, 0x1d, 0xdd,
    0xde, 0xff, 0xff, 0xe4, 0x1f, 0xff, 0xff, 0xff,
    0xef, 0xf5, 0x1f, 0xff, 0xff, 0xc4, 0x1a, 0xf5,

    /* U+FB92 "ﮒ" */
    0x0, 0x0, 0x0, 0x0, 0x0, 0x0, 0x0, 0x46,
    0x0, 0x0, 0x0, 0x0, 0x0, 0x0, 0x0, 0x39,
    0xef, 0xe0, 0x0, 0x0, 0x0, 0x0, 0x0, 0x0,
    0x2f, 0xff, 0xa4, 0x0, 0x0, 0x0, 0x0, 0x0,
    0x0, 0x0, 0x96, 0x0, 0x27, 0xd2, 0x0, 0x0,
    0x0, 0x0, 0x0, 0x0, 0x6, 0xcf, 0xff, 0x80,
    0x0, 0x0, 0x0, 0x0, 0x1, 0xaf, 0xff, 0xff,
    0xfa, 0x0, 0x0, 0x0, 0x0, 0x0, 0x7f, 0xff,
    0xfd, 0x71, 0x0, 0x0, 0x0, 0x0, 0x0, 0xb,
    0xff, 0xb3, 0x0, 0x0, 0x0, 0x0, 0x0, 0x0,
    0x0, 0x4f, 0xfe, 0x0, 0x0, 0x0, 0x2, 0x0,
    0x0, 0x0, 0x0, 0x9f, 0xf9, 0x0, 0x0, 0x4,
    0xfd, 0x30, 0x0, 0x0, 0x0, 0xdf, 0xf4, 0x0,
    0x0, 0x8f, 0xf1, 0x0, 0x0, 0x0, 0x3, 0xff,
    0xe1, 0x0, 0xc, 0xfd, 0x0, 0x0, 0x0, 0x0,
    0x7, 0xff, 0x90, 0x0, 0xef, 0x90, 0x0, 0x0,
    0x0, 0x0, 0xc, 0xff, 0x10, 0xe, 0xfc, 0x10,
    0x0, 0x0, 0x0, 0x0, 0x5f, 0xf4, 0x0, 0xaf,
    0xff, 0xfe, 0xdd, 0xdd, 0xdd, 0xdf, 0xff, 0x40,
    0x1, 0xef, 0xff, 0xff, 0xff, 0xff, 0xff, 0xff,
    0xd0, 0x0, 0x1, 0x8c, 0xef, 0xff, 0xff, 0xff,
    0xff, 0xb2, 0x0,

    /* U+FB93 "ﮓ" */
    0x0, 0x0, 0x0, 0x0, 0x0, 0x0, 0x0, 0x45,
    0x0, 0x0, 0x0, 0x0, 0x0, 0x0, 0x0, 0x0,
    0x38, 0xef, 0xe0, 0x0, 0x0, 0x0, 0x0, 0x0,
    0x0, 0x0, 0x3f, 0xff, 0xa4, 0x0, 0x0, 0x0,
    0x0, 0x0, 0x0, 0x0, 0x0, 0xa6, 0x0, 0x17,
    0xd3, 0x0, 0x0, 0x0, 0x0, 0x0, 0x0, 0x0,
    0x6, 0xbf, 0xff, 0x80, 0x0, 0x0, 0x0, 0x0,
    0x0, 0x1, 0xaf, 0xff, 0xff, 0xfa, 0x0, 0x0,
    0x0, 0x0, 0x0, 0x0, 0x7f, 0xff, 0xfd, 0x71,
    0x0, 0x0, 0x0, 0x0, 0x0, 0x0, 0xa, 0xff,
    0xb3, 0x0, 0x0, 0x0, 0x0, 0x0, 0x0, 0x0,
    0x0, 0x4f, 0xfe, 0x10, 0x0, 0x0, 0x0, 0x2,
    0x0, 0x0, 0x0, 0x0, 0x8f, 0xfa, 0x0, 0x0,
    0x0, 0x4, 0xfd, 0x30, 0x0, 0x0, 0x0, 0xdf,
    0xf5, 0x0, 0x0, 0x0, 0x8f, 0xf1, 0x0, 0x0,
    0x0, 0x2, 0xff, 0xe1, 0x0, 0x0, 0xc, 0xfd,
    0x0, 0x0, 0x0, 0x0, 0x6, 0xff, 0xa0, 0x0,
    0x0, 0xef, 0x90, 0x0, 0x0, 0x0, 0x0, 0xb,
    0xff, 0x50, 0x0, 0xe, 0xfc, 0x10, 0x0, 0x0,
    0x0, 0x0, 0x4f, 0xff, 0x30, 0x0, 0xaf, 0xff,
    0xfe, 0xdd, 0xdd, 0xdd, 0xdf, 0xff, 0xff, 0xe0,
    0x1, 0xef, 0xff, 0xff, 0xff, 0xff, 0xff, 0xff,
    0xef, 0xff, 0x0, 0x1, 0x8c, 0xef, 0xff, 0xff,
    0xff, 0xff, 0xb2, 0x4c, 0xf0,

    /* U+FB94 "ﮔ" */
    0x0, 0x0, 0x1, 0x60, 0x0, 0x0, 0x0, 0x5b,
    0xff, 0x50, 0x0, 0x0, 0xcf, 0xfe, 0x82, 0x0,
    0x0, 0x6, 0x94, 0x0, 0x6b, 0x70, 0x0, 0x0,
    0x4a, 0xff, 0xfd, 0x0, 0x8, 0xef, 0xff, 0xff,
    0xd1, 0x2, 0xff, 0xff, 0xe9, 0x30, 0x0, 0x6f,
    0xfe, 0x50, 0x0, 0x0, 0x1, 0xef, 0xf4, 0x0,
    0x0, 0x0, 0x4, 0xff, 0xe0, 0x0, 0x0, 0x0,
    0x8, 0xff, 0x90, 0x0, 0x0, 0x0, 0xd, 0xff,
    0x40, 0x0, 0x0, 0x0, 0x2f, 0xfe, 0x0, 0x0,
    0x0, 0x0, 0x6f, 0xf6, 0x0, 0x0, 0x0, 0x0,
    0xff, 0x90, 0x1, 0xdd, 0xdd, 0xef, 0xf9, 0x0,
    0x1f, 0xff, 0xff, 0xff, 0x30, 0x1, 0xff, 0xff,
    0xfc, 0x40, 0x0,

    /* U+FB95 "ﮕ" */
    0x0, 0x0, 0x1, 0x60, 0x0, 0x0, 0x0, 0x5,
    0xbf, 0xf5, 0x0, 0x0, 0x0, 0xcf, 0xfe, 0x82,
    0x0, 0x0, 0x0, 0x69, 0x40, 0x6, 0xb7, 0x0,
    0x0, 0x0, 0x4a, 0xff, 0xfd, 0x0, 0x0, 0x8e,
    0xff, 0xff, 0xfd, 0x10, 0x2, 0xff, 0xff, 0xe9,
    0x30, 0x0, 0x6, 0xff, 0xe5, 0x0, 0x0, 0x0,
    0x1, 0xef, 0xf4, 0x0, 0x0, 0x0, 0x0, 0x4f,
    0xfe, 0x0, 0x0, 0x0, 0x0, 0x8, 0xff, 0x90,
    0x0, 0x0, 0x0, 0x0, 0xdf, 0xf4, 0x0, 0x0,
    0x0, 0x0, 0x2f, 0xfe, 0x0, 0x0, 0x0, 0x0,
    0x6, 0xff, 0x90, 0x0, 0x0, 0x0, 0x0, 0xff,
    0xf7, 0x0, 0x1d, 0xdd, 0xde, 0xff, 0xff, 0xe4,
    0x1f, 0xff, 0xff, 0xff, 0xef, 0xf5, 0x1f, 0xff,
    0xff, 0xc4, 0x1a, 0xf5,

    /* U+FB9F "ﮟ" */
    0x0, 0x0, 0x0, 0x0, 0x0, 0x36, 0x50, 0x0,
    0x10, 0x0, 0x0, 0x0, 0xd, 0xfb, 0x0, 0x7,
    0xfa, 0x0, 0x0, 0x0, 0xaf, 0xe0, 0x0, 0xbf,
    0xe0, 0x0, 0x0, 0x8, 0xff, 0x30, 0xd, 0xfb,
    0x0, 0x0, 0x0, 0x5f, 0xff, 0x90, 0xff, 0x80,
    0x0, 0x0, 0x3, 0xff, 0xfb, 0xf, 0xf9, 0x0,
    0x0, 0x0, 0x1f, 0xff, 0xa0, 0xdf, 0xd0, 0x0,
    0x0, 0x3, 0xff, 0x60, 0x8, 0xff, 0x80, 0x0,
    0x48, 0xef, 0xf3, 0x0, 0x1f, 0xff, 0xfe, 0xff,
    0xff, 0xfa, 0x0, 0x0, 0x5f, 0xff, 0xff, 0xff,
    0xf7, 0x0, 0x0, 0x0, 0x2a, 0xde, 0xca, 0x50,
    0x0, 0x0, 0x0, 0x0, 0x0, 0x0, 0x0, 0x0,
    0x0, 0x0,

    /* U+FBA4 "ﮤ" */
    0x0, 0x1, 0x30, 0x0, 0x0, 0x5f, 0xfc, 0x0,
    0x0, 0xe8, 0x34, 0x0, 0x2, 0xf9, 0x40, 0x0,
    0x0, 0x9f, 0xfc, 0x0, 0x0, 0x78, 0xcf, 0x0,
    0x0, 0xff, 0xc6, 0x0, 0x0, 0x2, 0x0, 0x0,
    0x0, 0x8f, 0x50, 0x0, 0x3, 0xff, 0xf6, 0x0,
    0x6, 0xff, 0xff, 0x60, 0x3f, 0xff, 0xff, 0xf2,
    0xbf, 0xf3, 0x5f, 0xf9, 0xff, 0x90, 0xb, 0xfc,
    0xff, 0xa0, 0xc, 0xfc, 0xbf, 0xfd, 0xef, 0xf8,
    0x2f, 0xff, 0xff, 0xe1, 0x2, 0xbf, 0xfa, 0x10,

    /* U+FBA5 "ﮥ" */
    0x0, 0x0, 0x0, 0x0, 0x0, 0x0, 0x0, 0x2,
    0xbd, 0x70, 0x0, 0x0, 0x0, 0xdc, 0x96, 0x0,
    0x0, 0x0, 0x3f, 0x30, 0x0, 0x0, 0x0, 0x2,
    0xff, 0xd5, 0x0, 0x0, 0x0, 0x3, 0x7d, 0xd0,
    0x0, 0x0, 0x3, 0xff, 0xf9, 0x0, 0x0, 0x0,
    0x4, 0x45, 0x32, 0x0, 0x0, 0x0, 0x15, 0xef,
    0xb0, 0x0, 0x2, 0xbf, 0xff, 0xfb, 0x0, 0x2,
    0xff, 0xff, 0xff, 0xb0, 0x0, 0xbf, 0xfa, 0x4d,
    0xfb, 0x0, 0xf, 0xf9, 0x0, 0xdf, 0xb0, 0x0,
    0xef, 0xd4, 0x5e, 0xfb, 0x0, 0x8, 0xff, 0xff,
    0xff, 0xf3, 0x0, 0xb, 0xff, 0xff, 0xff, 0xfd,
    0x0, 0x5, 0x87, 0x5a, 0xff, 0xf0, 0x0, 0x0,
    0x0, 0x7, 0xde,

    /* U+FBB2 "﮲" */
    0x3, 0x0, 0x3f, 0xc0, 0xbf, 0xf6, 0x1c, 0x80,
    0x0, 0x0,

    /* U+FBB3 "﮳" */
    0xa, 0x50, 0xaf, 0xf5, 0x5f, 0xe2, 0x5, 0x20,

    /* U+FBB4 "﮴" */
    0x1, 0x0, 0x1, 0x0, 0x3f, 0x60, 0x3f, 0x60,
    0xbf, 0xe1, 0xbf, 0xe1, 0xb, 0x30, 0xb, 0x20,

    /* U+FBB5 "﮵" */
    0x2, 0x0, 0x2, 0x0, 0x4f, 0x80, 0x4f, 0x80,
    0xaf, 0xe1, 0xaf, 0xd1, 0x9, 0x10, 0x9, 0x10,

    /* U+FBB6 "﮶" */
    0x0, 0xa, 0x20, 0x0, 0x0, 0x7f, 0xb0, 0x0,
    0x1, 0x8, 0x11, 0x0, 0x3f, 0x60, 0x3f, 0x60,
    0xbf, 0xe1, 0xbf, 0xe1, 0xb, 0x30, 0x1b, 0x20,

    /* U+FBB9 "﮹" */
    0x6, 0x0, 0x6, 0x0, 0x8f, 0xb0, 0x8f, 0xb0,
    0x7f, 0xb0, 0x8f, 0xb0, 0x5, 0x3, 0x5, 0x0,
    0x0, 0x5f, 0x90, 0x0, 0x0, 0x2e, 0x50, 0x0,
    0x0, 0x0, 0x0, 0x0,

    /* U+FBFC "ﯼ" */
    0x0, 0x0, 0x0, 0x0, 0x5, 0x88, 0x40, 0x0,
    0x0, 0x0, 0x0, 0xcf, 0xff, 0xf4, 0x0, 0x0,
    0x0, 0xc, 0xff, 0xff, 0xf0, 0x1, 0x0, 0x0,
    0x5f, 0xfd, 0x45, 0x70, 0x7, 0xfa, 0x0, 0xbf,
    0xe1, 0x0, 0x0, 0xb, 0xfe, 0x0, 0xff, 0xa0,
    0x0, 0x0, 0xd, 0xfb, 0x0, 0xff, 0xfa, 0x40,
    0x0, 0xf, 0xf8, 0x0, 0x9f, 0xff, 0xff, 0x70,
    0xf, 0xf9, 0x0, 0x7, 0xef, 0xff, 0xf5, 0xd,
    0xfd, 0x0, 0x0, 0x4, 0x9f, 0xf9, 0x8, 0xff,
    0x80, 0x0, 0x48, 0xdf, 0xf6, 0x1, 0xff, 0xff,
    0xef, 0xff, 0xff, 0xc0, 0x0, 0x5f, 0xff, 0xff,
    0xff, 0xf8, 0x0, 0x0, 0x2, 0xad, 0xec, 0xa5,
    0x0, 0x0, 0x0, 0x0, 0x0, 0x0, 0x0, 0x0,
    0x0,

    /* U+FBFD "ﯽ" */
    0x1, 0x0, 0x0, 0x0, 0x0, 0x0, 0x0, 0x0,
    0x7f, 0xa0, 0x0, 0x0, 0x0, 0x0, 0x0, 0xb,
    0xfe, 0x0, 0x0, 0x4e, 0x95, 0x10, 0x0, 0xdf,
    0xb0, 0x0, 0x8, 0xff, 0xff, 0xf4, 0xf, 0xf8,
    0x0, 0x0, 0xaf, 0xff, 0xff, 0x50, 0xff, 0x90,
    0x0, 0x0, 0x18, 0xff, 0xf5, 0xd, 0xfd, 0x0,
    0x0, 0x0, 0x4f, 0xf6, 0x0, 0x8f, 0xf8, 0x0,
    0x4, 0x9f, 0xff, 0x20, 0x1, 0xff, 0xff, 0xef,
    0xff, 0xff, 0xa0, 0x0, 0x5, 0xff, 0xff, 0xff,
    0xff, 0x70, 0x0, 0x0, 0x2, 0xad, 0xec, 0xa5,
    0x0, 0x0, 0x0, 0x0, 0x0, 0x0, 0x0, 0x0,
    0x0, 0x0,

    /* U+FBFE "ﯾ" */
    0x0, 0x0, 0x0, 0x2, 0x10, 0x0, 0x0, 0x2,
    0xdf, 0x50, 0x0, 0x0, 0x0, 0xff, 0xa0, 0x0,
    0x0, 0x0, 0xbf, 0xe0, 0x0, 0x0, 0x0, 0x7f,
    0xf1, 0x0, 0x0, 0x0, 0x8f, 0xf2, 0x1, 0xdd,
    0xde, 0xff, 0xe0, 0x1, 0xff, 0xff, 0xff, 0x50,
    0x1, 0xff, 0xff, 0xc4, 0x0, 0x0, 0x0, 0x0,
    0x0, 0x0, 0x2, 0x40, 0x2, 0x40, 0x0, 0x2e,
    0xf4, 0x2e, 0xf4, 0x0, 0x1d, 0xf3, 0x2e, 0xf3,
    0x0, 0x1, 0x30, 0x2, 0x30, 0x0,

    /* U+FBFF "ﯿ" */
    0x0, 0x0, 0x1, 0x46, 0x0, 0x0, 0x0, 0x7,
    0xff, 0x10, 0x0, 0x0, 0x5, 0xff, 0x30, 0x0,
    0x0, 0x5, 0xff, 0x50, 0x1d, 0xdd, 0xdf, 0xff,
    0xf7, 0x1f, 0xff, 0xff, 0xff, 0xf8, 0x1f, 0xff,
    0xfd, 0x77, 0xd8, 0x0, 0x0, 0x0, 0x0, 0x0,
    0x0, 0x51, 0x0, 0x51, 0x0, 0x6, 0xfc, 0x16,
    0xfc, 0x10, 0x6, 0xfc, 0x16, 0xfc, 0x10, 0x0,
    0x51, 0x0, 0x51, 0x0,

    /* U+FD3E "﴾" */
    0x0, 0x2, 0x20, 0x0, 0x1d, 0xe1, 0x0, 0xbf,
    0xf8, 0x4, 0xff, 0xc0, 0xc, 0xff, 0x20, 0x3f,
    0xf9, 0x0, 0x8f, 0xf2, 0x0, 0xbf, 0xd0, 0x0,
    0xef, 0xa0, 0x0, 0xff, 0x90, 0x0, 0xff, 0x80,
    0x0, 0xef, 0xa0, 0x0, 0xcf, 0xc0, 0x0, 0x9f,
    0xf1, 0x0, 0x4f, 0xf7, 0x0, 0xe, 0xfe, 0x10,
    0x6, 0xff, 0xa0, 0x0, 0xdf, 0xf6, 0x0, 0x2f,
    0xe1, 0x0, 0x4, 0x20,

    /* U+FD3F "﴿" */
    0x4, 0x0, 0x0, 0x3f, 0xb0, 0x0, 0xcf, 0xf7,
    0x0, 0x2e, 0xff, 0x10, 0x5, 0xff, 0x90, 0x0,
    0xcf, 0xf0, 0x0, 0x6f, 0xf4, 0x0, 0x1f, 0xf8,
    0x0, 0xe, 0xfa, 0x0, 0xc, 0xfc, 0x0, 0xc,
    0xfc, 0x0, 0xd, 0xfb, 0x0, 0xf, 0xf8, 0x0,
    0x4f, 0xf5, 0x0, 0xaf, 0xf1, 0x3, 0xff, 0xa0,
    0xd, 0xff, 0x20, 0xaf, 0xf9, 0x0, 0x4f, 0xd0,
    0x0, 0x5, 0x20, 0x0,

    /* U+FDF2 "ﷲ" */
    0x0, 0x0, 0x0, 0x0, 0x0, 0x0, 0x2f, 0x10,
    0x0, 0x0, 0x0, 0x0, 0x0, 0x0, 0x0, 0x0,
    0x0, 0x0, 0x0, 0x2, 0xf1, 0x0, 0x0, 0x0,
    0x0, 0x0, 0x0, 0x0, 0x0, 0x0, 0x0, 0x0,
    0x0, 0x2f, 0x10, 0x0, 0x0, 0x0, 0x0, 0x0,
    0x0, 0x0, 0x0, 0x0, 0x0, 0x0, 0x0, 0x40,
    0x60, 0x0, 0x0, 0x0, 0x0, 0x0, 0x0, 0x0,
    0x0, 0x0, 0x0, 0x4d, 0x1d, 0x1f, 0x30, 0x0,
    0x0, 0x0, 0x0, 0x0, 0x0, 0x0, 0x0, 0x0,
    0x6, 0xd5, 0xf3, 0xe5, 0x0, 0x0, 0x0, 0x0,
    0x0, 0x0, 0x0, 0x0, 0x0, 0x0, 0x2f, 0xff,
    0xfe, 0x10, 0x0, 0x0, 0x0, 0x0, 0x0, 0x0,
    0x0, 0x0, 0x0, 0x0, 0x14, 0x14, 0x10, 0x0,
    0x0, 0x0, 0x0, 0x0, 0x0, 0x0, 0x0, 0x0,
    0x0, 0x0, 0xdf, 0xa0, 0x1, 0xff, 0x70, 0xb,
    0xfd, 0x0, 0x0, 0x0, 0x0, 0x0, 0x0, 0xc,
    0xfb, 0x0, 0xf, 0xf7, 0x0, 0xaf, 0xe0, 0x0,
    0x0, 0x0, 0x0, 0x0, 0x0, 0xcf, 0xc0, 0x0,
    0xff, 0x80, 0x9, 0xfe, 0x0, 0x0, 0x0, 0xa,
    0xc8, 0x0, 0xb, 0xfc, 0x0, 0xf, 0xf9, 0x0,
    0x9f, 0xf0, 0x0, 0x2, 0x8d, 0xff, 0xb0, 0x0,
    0xbf, 0xd0, 0x0, 0xef, 0x90, 0x8, 0xff, 0x0,
    0x9, 0xff, 0xff, 0xfb, 0x0, 0xa, 0xfd, 0x0,
    0xe, 0xfa, 0x0, 0x7f, 0xf0, 0x6, 0xff, 0xff,
    0xff, 0xb0, 0x0, 0x9f, 0xe0, 0x0, 0xdf, 0xa0,
    0x7, 0xff, 0x10, 0xdf, 0xe6, 0xd, 0xfb, 0x0,
    0x9, 0xff, 0x0, 0xc, 0xfb, 0x0, 0x6f, 0xf1,
    0xf, 0xf9, 0x0, 0xdf, 0xb0, 0x0, 0x8f, 0xf0,
    0x0, 0xcf, 0xc0, 0x6, 0xff, 0x20, 0xdf, 0xe6,
    0x6e, 0xfb, 0x0, 0x8, 0xff, 0x0, 0xb, 0xfc,
    0x0, 0x5f, 0xf3, 0x7, 0xff, 0xff, 0xff, 0xf3,
    0x0, 0x9f, 0xf3, 0x0, 0xcf, 0xc0, 0x4, 0xff,
    0x30, 0x9, 0xff, 0xff, 0xff, 0xfd, 0xef, 0xff,
    0xfd, 0xef, 0xf9, 0x0, 0x4f, 0xf4, 0x0, 0x3,
    0x76, 0x4a, 0xff, 0xff, 0xff, 0xff, 0xff, 0xff,
    0x20, 0x3, 0xff, 0x40, 0x0, 0x0, 0x0, 0x6,
    0xdf, 0xfc, 0x57, 0xdf, 0xfb, 0x30, 0x0, 0x2f,
    0xf5,

    /* U+FDFC "﷼" */
    0x0, 0x0, 0x0, 0x0, 0x0, 0x9f, 0xe0, 0xd,
    0xfb, 0x0, 0x0, 0x0, 0x0, 0x0, 0x0, 0x0,
    0x0, 0x0, 0x0, 0x0, 0x9, 0xff, 0x0, 0xcf,
    0xb0, 0x0, 0x0, 0x0, 0x0, 0x0, 0x0, 0x0,
    0x0, 0x0, 0x0, 0x0, 0x8f, 0xf0, 0xc, 0xfc,
    0x0, 0x0, 0x0, 0x0, 0x0, 0x0, 0x0, 0x0,
    0x0, 0x0, 0x0, 0x8, 0xff, 0x0, 0xbf, 0xd0,
    0x0, 0x0, 0x0, 0x0, 0x0, 0x0, 0x0, 0x0,
    0x0, 0x0, 0x0, 0x7f, 0xf1, 0xa, 0xfd, 0x0,
    0x0, 0x0, 0x0, 0x0, 0x0, 0x0, 0x0, 0x0,
    0x0, 0x0, 0x6, 0xff, 0x10, 0xaf, 0xe0, 0x0,
    0x0, 0x32, 0x0, 0x0, 0x0, 0x0, 0x0, 0x0,
    0x0, 0x0, 0x6f, 0xf2, 0x9, 0xfe, 0x0, 0x1,
    0xef, 0x70, 0x0, 0x0, 0x0, 0x0, 0x0, 0x0,
    0x0, 0x5, 0xff, 0x30, 0x8f, 0xf0, 0x0, 0xd,
    0xfc, 0x0, 0xad, 0x70, 0x3, 0x50, 0x0, 0x0,
    0x0, 0x4f, 0xf3, 0x8, 0xff, 0x0, 0x0, 0x9f,
    0xf0, 0xe, 0xf9, 0x0, 0x9f, 0xe0, 0x0, 0x0,
    0x4, 0xff, 0x40, 0x7f, 0xf0, 0x0, 0x5, 0xff,
    0x30, 0xcf, 0xc0, 0xd, 0xfc, 0x0, 0x0, 0x0,
    0x3f, 0xf5, 0x6, 0xff, 0x20, 0x0, 0x6f, 0xf3,
    0xa, 0xfe, 0x0, 0xff, 0x90, 0x0, 0x0, 0x3,
    0xff, 0x50, 0x2f, 0xff, 0xdd, 0xef, 0xff, 0x0,
    0x8f, 0xf0, 0xf, 0xf8, 0x0, 0x0, 0x0, 0x2f,
    0xf6, 0x0, 0xcf, 0xff, 0xff, 0xff, 0x70, 0x6,
    0xff, 0x20, 0xef, 0x90, 0x0, 0x0, 0x3, 0xff,
    0x60, 0x1, 0xae, 0xff, 0xfc, 0x50, 0x0, 0x4f,
    0xf4, 0xb, 0xfe, 0x0, 0x0, 0x0, 0xaf, 0xf3,
    0x0, 0x0, 0x0, 0x0, 0x0, 0x0, 0x9, 0xff,
    0x30, 0x6f, 0xfc, 0x53, 0x6a, 0xef, 0xfe, 0x0,
    0x0, 0x10, 0x0, 0x10, 0x1, 0x6c, 0xff, 0xe0,
    0x0, 0xdf, 0xff, 0xff, 0xff, 0xfe, 0x30, 0x0,
    0xbd, 0x10, 0xbd, 0x10, 0xef, 0xff, 0xf5, 0x0,
    0x1, 0xcf, 0xff, 0xff, 0xe9, 0x10, 0x0, 0x3f,
    0xf7, 0x3f, 0xf7, 0xb, 0xff, 0xb2, 0x0, 0x0,
    0x0, 0x48, 0x87, 0x30, 0x0, 0x0, 0x0, 0x58,
    0x0, 0x58, 0x0, 0x58, 0x20, 0x0, 0x0,

    /* U+FE80 "ﺀ" */
    0x0, 0x5, 0x75, 0x10, 0x1, 0xdf, 0xff, 0x70,
    0xa, 0xff, 0xff, 0x30, 0xf, 0xf7, 0x2, 0x0,
    0xf, 0xf7, 0x3, 0x62, 0x3d, 0xff, 0xff, 0xf7,
    0xef, 0xff, 0xff, 0xfa, 0xbf, 0xfc, 0x96, 0x30,
    0x22, 0x0, 0x0, 0x0,

    /* U+FE81 "ﺁ" */
    0x3b, 0xb8, 0x6e, 0x5d, 0xff, 0xff, 0xf1, 0x93,
    0x3, 0x51, 0x0, 0x2d, 0xd4, 0x0, 0x2, 0xff,
    0x60, 0x0, 0x1f, 0xf7, 0x0, 0x0, 0xff, 0x70,
    0x0, 0xf, 0xf8, 0x0, 0x0, 0xff, 0x80, 0x0,
    0xf, 0xf9, 0x0, 0x0, 0xef, 0xa0, 0x0, 0xd,
    0xfa, 0x0, 0x0, 0xdf, 0xb0, 0x0, 0xc, 0xfb,
    0x0, 0x0, 0xbf, 0xc0, 0x0,

    /* U+FE82 "ﺂ" */
    0x0, 0x0, 0x1, 0x5, 0xdd, 0xa8, 0xf5, 0xee,
    0xdf, 0xfd, 0x16, 0x10, 0x2, 0x0, 0xa, 0xfe,
    0x0, 0x0, 0x9f, 0xe0, 0x0, 0x9, 0xff, 0x0,
    0x0, 0x8f, 0xf0, 0x0, 0x7, 0xff, 0x0, 0x0,
    0x7f, 0xf1, 0x0, 0x6, 0xff, 0x10, 0x0, 0x5f,
    0xf2, 0x0, 0x4, 0xff, 0x40, 0x0, 0x1f, 0xff,
    0xb0, 0x0, 0xaf, 0xfd, 0x0, 0x0, 0x9e, 0xd0,

    /* U+FE83 "ﺃ" */
    0x2, 0xcf, 0xb0, 0xc, 0xd7, 0x70, 0xd, 0x60,
    0x33, 0x3c, 0xff, 0xfc, 0xdf, 0xb8, 0x40, 0x10,
    0x0, 0x0, 0x2, 0xdd, 0x40, 0x2, 0xff, 0x60,
    0x1, 0xff, 0x70, 0x0, 0xff, 0x70, 0x0, 0xff,
    0x80, 0x0, 0xff, 0x80, 0x0, 0xff, 0x90, 0x0,
    0xef, 0xa0, 0x0, 0xdf, 0xa0, 0x0, 0xdf, 0xb0,
    0x0, 0xcf, 0xb0, 0x0, 0xbf, 0xc0,

    /* U+FE84 "ﺄ" */
    0x2, 0xcf, 0xb0, 0xc, 0xc6, 0x60, 0xd, 0x81,
    0x44, 0x5d, 0xff, 0xfb, 0xbc, 0x85, 0x10, 0x0,
    0x0, 0x0, 0xa, 0xfe, 0x0, 0x9, 0xfe, 0x0,
    0x9, 0xff, 0x0, 0x8, 0xff, 0x0, 0x7, 0xff,
    0x0, 0x7, 0xff, 0x10, 0x6, 0xff, 0x10, 0x5,
    0xff, 0x20, 0x4, 0xff, 0x40, 0x1, 0xff, 0xfb,
    0x0, 0xaf, 0xfd, 0x0, 0x9, 0xed,

    /* U+FE85 "ﺅ" */
    0x0, 0x0, 0x27, 0x51, 0x0, 0x0, 0x3, 0xff,
    0xf2, 0x0, 0x0, 0x8, 0xc0, 0x0, 0x0, 0x0,
    0x6, 0xf9, 0xbe, 0x0, 0x0, 0x7f, 0xfe, 0xb7,
    0x0, 0x0, 0x36, 0x20, 0x0, 0x0, 0x0, 0x8,
    0xcc, 0x70, 0x0, 0x0, 0xbf, 0xff, 0xfc, 0x0,
    0x6, 0xff, 0xff, 0xff, 0x80, 0xb, 0xff, 0x32,
    0xdf, 0xe0, 0xd, 0xfb, 0x0, 0x6f, 0xf2, 0xc,
    0xfd, 0x0, 0x3f, 0xf5, 0x8, 0xff, 0xee, 0xff,
    0xf7, 0x1, 0xef, 0xff, 0xff, 0xf8, 0x0, 0x2b,
    0xff, 0xef, 0xfa, 0x0, 0x0, 0x0, 0xf, 0xf9,
    0x0, 0x0, 0x26, 0xdf, 0xf6, 0x0, 0x9e, 0xff,
    0xff, 0xd0, 0x0, 0xaf, 0xff, 0xfa, 0x10, 0x0,
    0x7e, 0xb6, 0x10, 0x0, 0x0, 0x0, 0x0, 0x0,
    0x0,

    /* U+FE86 "ﺆ" */
    0x0, 0x0, 0x27, 0x61, 0x0, 0x0, 0x0, 0x2f,
    0xef, 0x30, 0x0, 0x0, 0x7, 0xc0, 0x0, 0x0,
    0x0, 0x0, 0x6f, 0xab, 0xf1, 0x0, 0x0, 0x6f,
    0xfe, 0xa6, 0x10, 0x0, 0x2, 0x52, 0x0, 0x0,
    0x0, 0x0, 0x8, 0xcc, 0x70, 0x0, 0x0, 0xb,
    0xff, 0xff, 0xc0, 0x0, 0x6, 0xff, 0xff, 0xff,
    0x70, 0x0, 0xbf, 0xf3, 0x2d, 0xfe, 0x0, 0xd,
    0xfb, 0x0, 0x6f, 0xf2, 0x0, 0xcf, 0xc0, 0x3,
    0xff, 0x50, 0x8, 0xff, 0xed, 0xdf, 0xfe, 0x70,
    0x1e, 0xff, 0xff, 0xff, 0xf8, 0x0, 0x2b, 0xff,
    0xff, 0xff, 0x80, 0x0, 0x0, 0x0, 0xff, 0x90,
    0x0, 0x0, 0x26, 0xdf, 0xf7, 0x0, 0x9, 0xef,
    0xff, 0xfe, 0x10, 0x0, 0xaf, 0xff, 0xfa, 0x10,
    0x0, 0x7, 0xeb, 0x61, 0x0, 0x0, 0x0, 0x0,
    0x0, 0x0, 0x0, 0x0,

    /* U+FE87 "ﺇ" */
    0x8, 0xff, 0x0, 0x0, 0x7f, 0xf1, 0x0, 0x6,
    0xff, 0x10, 0x0, 0x6f, 0xf2, 0x0, 0x5, 0xff,
    0x20, 0x0, 0x4f, 0xf3, 0x0, 0x4, 0xff, 0x40,
    0x0, 0x3f, 0xf4, 0x0, 0x3, 0xff, 0x50, 0x0,
    0x2f, 0xf6, 0x0, 0x1, 0xff, 0x60, 0x0, 0x1f,
    0xf7, 0x0, 0x0, 0xff, 0x70, 0x0, 0xf, 0xf8,
    0x0, 0x0, 0x0, 0x0, 0x0, 0x1b, 0xfd, 0x0,
    0x9, 0xe7, 0x80, 0x0, 0xb9, 0x2, 0x40, 0x2b,
    0xff, 0xfe, 0xa, 0xfc, 0x84, 0x10, 0x10, 0x0,
    0x0, 0x0,

    /* U+FE88 "ﺈ" */
    0x0, 0xcf, 0xb0, 0x0, 0xc, 0xfc, 0x0, 0x0,
    0xbf, 0xc0, 0x0, 0xa, 0xfd, 0x0, 0x0, 0xaf,
    0xd0, 0x0, 0x9, 0xfe, 0x0, 0x0, 0x9f, 0xf0,
    0x0, 0x8, 0xff, 0x0, 0x0, 0x7f, 0xf0, 0x0,
    0x7, 0xff, 0x10, 0x0, 0x5f, 0xf3, 0x0, 0x2,
    0xff, 0xfa, 0x0, 0xb, 0xff, 0xc0, 0x0, 0x19,
    0xec, 0x0, 0x4, 0x74, 0x0, 0x8, 0xff, 0xb0,
    0x0, 0xf6, 0x1, 0x0, 0xd, 0xb7, 0xb8, 0xb,
    0xff, 0xfc, 0x60, 0x87, 0x30, 0x0,

    /* U+FE89 "ﺉ" */
    0x0, 0x1, 0xbf, 0xc0, 0x0, 0x0, 0x0, 0x0,
    0xa, 0xd6, 0x60, 0x0, 0x0, 0x0, 0x0, 0xc,
    0x91, 0x45, 0x0, 0x0, 0x0, 0x0, 0x4c, 0xff,
    0xfd, 0x0, 0x21, 0x0, 0x0, 0xbe, 0xa6, 0x30,
    0x5e, 0xff, 0xe3, 0x0, 0x0, 0x0, 0x6, 0xff,
    0xff, 0xf1, 0x0, 0x0, 0x0, 0x2f, 0xff, 0xbc,
    0xd0, 0x4, 0x93, 0x0, 0x9f, 0xf4, 0x0, 0x0,
    0x9, 0xff, 0x10, 0xef, 0xb0, 0x0, 0x0, 0xd,
    0xfc, 0x0, 0xff, 0xd3, 0x0, 0x0, 0xf, 0xf9,
    0x0, 0xdf, 0xff, 0xe9, 0x20, 0xf, 0xf8, 0x0,
    0x2d, 0xff, 0xff, 0xf2, 0xe, 0xfa, 0x0, 0x0,
    0x5a, 0xff, 0xf8, 0xa, 0xff, 0x20, 0x0, 0x1,
    0x7f, 0xf8, 0x4, 0xff, 0xf9, 0x8a, 0xdf, 0xff,
    0xf2, 0x0, 0xaf, 0xff, 0xff, 0xff, 0xfe, 0x30,
    0x0, 0x8, 0xff, 0xff, 0xfc, 0x60, 0x0, 0x0,
    0x0, 0x4, 0x43, 0x0, 0x0, 0x0,

    /* U+FE8A "ﺊ" */
    0x0, 0x0, 0x0, 0x7e, 0xe5, 0x0, 0x0, 0x0,
    0x0, 0x0, 0x3f, 0x87, 0x20, 0x0, 0x0, 0x0,
    0x0, 0x4, 0xe1, 0x15, 0x10, 0x0, 0x0, 0x0,
    0x1, 0x7f, 0xff, 0xf4, 0x0, 0x0, 0x0, 0x0,
    0x3f, 0xc8, 0x41, 0x0, 0x0, 0x0, 0x6e, 0x91,
    0x0, 0x0, 0x0, 0x0, 0x0, 0xb, 0xfe, 0x0,
    0x0, 0x4d, 0x95, 0x10, 0x0, 0xdf, 0xb0, 0x0,
    0x8, 0xff, 0xff, 0xf4, 0xf, 0xf8, 0x0, 0x0,
    0xaf, 0xff, 0xff, 0x50, 0xff, 0x90, 0x0, 0x0,
    0x18, 0xff, 0xf5, 0xd, 0xfd, 0x0, 0x0, 0x0,
    0x4f, 0xf6, 0x0, 0x8f, 0xf8, 0x0, 0x4, 0x9f,
    0xff, 0x20, 0x1, 0xff, 0xff, 0xef, 0xff, 0xff,
    0xa0, 0x0, 0x5, 0xff, 0xff, 0xff, 0xff, 0x70,
    0x0, 0x0, 0x2, 0xad, 0xec, 0xa5, 0x0, 0x0,
    0x0, 0x0, 0x0, 0x0, 0x0, 0x0, 0x0, 0x0,

    /* U+FE8B "ﺋ" */
    0x0, 0x4, 0x75, 0x0, 0x0, 0x6f, 0xee, 0x0,
    0x0, 0xc8, 0x0, 0x0, 0x0, 0xae, 0x9c, 0xc0,
    0xa, 0xff, 0xfb, 0x70, 0x6, 0x62, 0x0, 0x0,
    0x0, 0x0, 0x24, 0x0, 0x0, 0x9, 0xfe, 0x0,
    0x0, 0x6, 0xff, 0x30, 0x0, 0x2, 0xff, 0x70,
    0x0, 0x0, 0xef, 0xa0, 0x0, 0x1, 0xff, 0xa0,
    0x1d, 0xdf, 0xff, 0x60, 0x1f, 0xff, 0xfd, 0x0,
    0x1f, 0xfe, 0x91, 0x0,

    /* U+FE8C "ﺌ" */
    0x0, 0x1b, 0xfc, 0x0, 0x0, 0xae, 0x88, 0x0,
    0x0, 0xc8, 0x1, 0x30, 0x2, 0xbf, 0xef, 0xe0,
    0xb, 0xfd, 0x95, 0x20, 0x2, 0x10, 0x0, 0x0,
    0x0, 0x3, 0x66, 0x0, 0x0, 0xb, 0xfd, 0x0,
    0x0, 0x9, 0xff, 0x0, 0x0, 0x9, 0xff, 0x10,
    0x1d, 0xdf, 0xff, 0xf3, 0x1f, 0xff, 0xff, 0xf4,
    0x1f, 0xfc, 0x59, 0xe4,

    /* U+FE8D "ﺍ" */
    0x8f, 0xf0, 0x7f, 0xf1, 0x6f, 0xf1, 0x6f, 0xf2,
    0x5f, 0xf2, 0x4f, 0xf3, 0x4f, 0xf4, 0x3f, 0xf4,
    0x3f, 0xf5, 0x2f, 0xf6, 0x1f, 0xf6, 0x1f, 0xf7,
    0xf, 0xf7, 0xf, 0xf8,

    /* U+FE8E "ﺎ" */
    0xcf, 0xb0, 0xc, 0xfc, 0x0, 0xbf, 0xc0, 0xa,
    0xfd, 0x0, 0xaf, 0xd0, 0x9, 0xfe, 0x0, 0x9f,
    0xf0, 0x8, 0xff, 0x0, 0x7f, 0xf0, 0x7, 0xff,
    0x10, 0x5f, 0xf3, 0x2, 0xff, 0xfa, 0xb, 0xff,
    0xc0, 0x19, 0xec,

    /* U+FE8F "ﺏ" */
    0x0, 0x20, 0x0, 0x0, 0x0, 0x0, 0x0, 0x0,
    0x12, 0x0, 0x4f, 0xd3, 0x0, 0x0, 0x0, 0x0,
    0x0, 0xcf, 0xa0, 0x8, 0xff, 0x10, 0x0, 0x0,
    0x0, 0x0, 0xb, 0xfe, 0x0, 0xcf, 0xd0, 0x0,
    0x0, 0x0, 0x0, 0x0, 0x7f, 0xf2, 0xe, 0xf9,
    0x0, 0x0, 0x0, 0x0, 0x0, 0x3, 0xff, 0x40,
    0xef, 0xc1, 0x0, 0x0, 0x0, 0x0, 0x0, 0x7f,
    0xf4, 0xa, 0xff, 0xff, 0xed, 0xdd, 0xdd, 0xde,
    0xff, 0xff, 0x10, 0x1e, 0xff, 0xff, 0xff, 0xff,
    0xff, 0xff, 0xff, 0x60, 0x0, 0x18, 0xce, 0xff,
    0xff, 0xff, 0xff, 0xda, 0x30, 0x0, 0x0, 0x0,
    0x0, 0x0, 0x0, 0x0, 0x0, 0x0, 0x0, 0x0,
    0x0, 0x0, 0x0, 0xa, 0x20, 0x0, 0x0, 0x0,
    0x0, 0x0, 0x0, 0x0, 0xb, 0xfe, 0x20, 0x0,
    0x0, 0x0, 0x0, 0x0, 0x0, 0x0, 0x9f, 0xd1,
    0x0, 0x0, 0x0, 0x0, 0x0, 0x0, 0x0, 0x0,
    0x71, 0x0, 0x0, 0x0, 0x0,

    /* U+FE90 "ﺐ" */
    0x0, 0x20, 0x0, 0x0, 0x0, 0x0, 0x0, 0x0,
    0x0, 0x0, 0x4, 0xfd, 0x30, 0x0, 0x0, 0x0,
    0x0, 0x0, 0x0, 0x0, 0x8, 0xff, 0x10, 0x0,
    0x0, 0x0, 0x0, 0x1, 0x46, 0x10, 0xc, 0xfd,
    0x0, 0x0, 0x0, 0x0, 0x0, 0x5, 0xff, 0x30,
    0xe, 0xf9, 0x0, 0x0, 0x0, 0x0, 0x0, 0x4,
    0xff, 0x40, 0xe, 0xfc, 0x10, 0x0, 0x0, 0x0,
    0x0, 0x4, 0xff, 0x70, 0xa, 0xff, 0xff, 0xed,
    0xdd, 0xdd, 0xdd, 0xdf, 0xff, 0xf8, 0x1, 0xef,
    0xff, 0xff, 0xff, 0xff, 0xff, 0xff, 0xff, 0xfa,
    0x0, 0x18, 0xce, 0xff, 0xff, 0xff, 0xff, 0xfd,
    0x86, 0xd9, 0x0, 0x0, 0x0, 0x0, 0x0, 0x0,
    0x0, 0x0, 0x0, 0x0, 0x0, 0x0, 0x0, 0x0,
    0x7, 0x60, 0x0, 0x0, 0x0, 0x0, 0x0, 0x0,
    0x0, 0x0, 0x7f, 0xf5, 0x0, 0x0, 0x0, 0x0,
    0x0, 0x0, 0x0, 0x0, 0x5f, 0xf4, 0x0, 0x0,
    0x0, 0x0, 0x0, 0x0, 0x0, 0x0, 0x5, 0x40,
    0x0, 0x0, 0x0, 0x0,

    /* U+FE91 "ﺑ" */
    0x0, 0x0, 0x3, 0x0, 0x0, 0x8, 0xfe, 0x0,
    0x0, 0x7, 0xff, 0x20, 0x0, 0x2, 0xff, 0x70,
    0x0, 0x0, 0xff, 0xa0, 0x0, 0x1, 0xff, 0xa0,
    0x1d, 0xdf, 0xff, 0x70, 0x1f, 0xff, 0xfd, 0x0,
    0x1f, 0xfe, 0x91, 0x0, 0x0, 0x0, 0x0, 0x0,
    0x2, 0xa0, 0x0, 0x0, 0x2e, 0xfb, 0x0, 0x0,
    0x1d, 0xfa, 0x0, 0x0, 0x1, 0x80, 0x0, 0x0,

    /* U+FE92 "ﺒ" */
    0x0, 0x3, 0x55, 0x0, 0x0, 0xb, 0xfd, 0x0,
    0x0, 0x9, 0xff, 0x0, 0x0, 0x9, 0xff, 0x10,
    0x1d, 0xdf, 0xff, 0xf3, 0x1f, 0xff, 0xff, 0xf4,
    0x1f, 0xfc, 0x59, 0xe4, 0x0, 0x0, 0x0, 0x0,
    0x0, 0x9, 0x30, 0x0, 0x0, 0xaf, 0xf3, 0x0,
    0x0, 0x8f, 0xe2, 0x0, 0x0, 0x7, 0x20, 0x0,

    /* U+FE93 "ﺓ" */
    0xa, 0x20, 0xa, 0x20, 0xaf, 0xe1, 0xaf, 0xe1,
    0x3f, 0x80, 0x3f, 0x80, 0x2, 0x5, 0x2, 0x0,
    0x0, 0xaf, 0x70, 0x0, 0x3, 0xff, 0xf8, 0x0,
    0x7, 0xff, 0xff, 0x70, 0x4f, 0xfe, 0xff, 0xf3,
    0xbf, 0xf3, 0x4f, 0xfa, 0xff, 0x90, 0xb, 0xfd,
    0xff, 0xa0, 0xc, 0xfc, 0xaf, 0xfd, 0xef, 0xf8,
    0x2e, 0xff, 0xff, 0xd1, 0x2, 0xbf, 0xfa, 0x10,

    /* U+FE94 "ﺔ" */
    0x0, 0x3, 0x0, 0x3, 0x0, 0x0, 0x7, 0xf7,
    0x7, 0xf7, 0x0, 0x0, 0xcf, 0xc0, 0xcf, 0xc0,
    0x0, 0x0, 0x90, 0x0, 0x90, 0x0, 0x0, 0x0,
    0x0, 0x68, 0x50, 0x0, 0x0, 0x4, 0x9f, 0xfb,
    0x0, 0x0, 0x6e, 0xff, 0xff, 0xb0, 0x0, 0x4f,
    0xff, 0xff, 0xfb, 0x0, 0xc, 0xff, 0x82, 0xdf,
    0xb0, 0x0, 0xff, 0x90, 0xd, 0xfb, 0x0, 0xe,
    0xfe, 0x56, 0xef, 0xb0, 0x0, 0x7f, 0xff, 0xff,
    0xff, 0x30, 0x0, 0xaf, 0xff, 0xff, 0xff, 0xd0,
    0x0, 0x48, 0x74, 0xaf, 0xff, 0x0, 0x0, 0x0,
    0x0, 0x6d, 0xe0,

    /* U+FE95 "ﺕ" */
    0x0, 0x0, 0x0, 0x0, 0x0, 0x0, 0x0, 0x0,
    0x0, 0x0, 0x0, 0x0, 0x2, 0xe6, 0x2, 0xe6,
    0x0, 0x0, 0x0, 0x0, 0x20, 0x0, 0xbf, 0xf1,
    0xbf, 0xf1, 0x0, 0x12, 0x0, 0x4f, 0xd3, 0x1,
    0xc4, 0x1, 0xc4, 0x0, 0xcf, 0xa0, 0x8, 0xff,
    0x10, 0x0, 0x0, 0x0, 0x0, 0xb, 0xfe, 0x0,
    0xcf, 0xd0, 0x0, 0x0, 0x0, 0x0, 0x0, 0x7f,
    0xf2, 0xe, 0xf9, 0x0, 0x0, 0x0, 0x0, 0x0,
    0x3, 0xff, 0x40, 0xef, 0xc1, 0x0, 0x0, 0x0,
    0x0, 0x0, 0x7f, 0xf4, 0xa, 0xff, 0xff, 0xed,
    0xdd, 0xdd, 0xde, 0xff, 0xff, 0x10, 0x1e, 0xff,
    0xff, 0xff, 0xff, 0xff, 0xff, 0xff, 0x60, 0x0,
    0x18, 0xce, 0xff, 0xff, 0xff, 0xff, 0xda, 0x30,
    0x0,

    /* U+FE96 "ﺖ" */
    0x0, 0x0, 0x0, 0x0, 0x0, 0x0, 0x0, 0x0,
    0x0, 0x0, 0x0, 0x0, 0x0, 0x1d, 0x80, 0x1d,
    0x80, 0x0, 0x0, 0x0, 0x0, 0x20, 0x0, 0x9f,
    0xf2, 0x9f, 0xf2, 0x0, 0x0, 0x0, 0x4, 0xfd,
    0x30, 0xb, 0x50, 0xb, 0x50, 0x0, 0x0, 0x0,
    0x8, 0xff, 0x10, 0x0, 0x0, 0x0, 0x0, 0x1,
    0x46, 0x10, 0xc, 0xfd, 0x0, 0x0, 0x0, 0x0,
    0x0, 0x5, 0xff, 0x30, 0xe, 0xf9, 0x0, 0x0,
    0x0, 0x0, 0x0, 0x4, 0xff, 0x40, 0xe, 0xfc,
    0x10, 0x0, 0x0, 0x0, 0x0, 0x4, 0xff, 0x70,
    0xa, 0xff, 0xff, 0xed, 0xdd, 0xdd, 0xdd, 0xdf,
    0xff, 0xf8, 0x1, 0xef, 0xff, 0xff, 0xff, 0xff,
    0xff, 0xff, 0xff, 0xfa, 0x0, 0x18, 0xce, 0xff,
    0xff, 0xff, 0xff, 0xfd, 0x86, 0xd9,

    /* U+FE97 "ﺗ" */
    0x0, 0x2a, 0x0, 0x2a, 0x0, 0x0, 0xef, 0xb0,
    0xef, 0xb0, 0x0, 0x6f, 0x40, 0x6f, 0x40, 0x0,
    0x1, 0x0, 0x1, 0x0, 0x0, 0x0, 0x0, 0x21,
    0x0, 0x0, 0x0, 0x2d, 0xf5, 0x0, 0x0, 0x0,
    0xf, 0xfa, 0x0, 0x0, 0x0, 0xb, 0xfe, 0x0,
    0x0, 0x0, 0x7, 0xff, 0x10, 0x0, 0x0, 0x8,
    0xff, 0x20, 0x1d, 0xdd, 0xef, 0xfe, 0x0, 0x1f,
    0xff, 0xff, 0xf5, 0x0, 0x1f, 0xff, 0xfc, 0x40,
    0x0,

    /* U+FE98 "ﺘ" */
    0x0, 0x1, 0x0, 0x1, 0x0, 0x0, 0xad, 0x10,
    0xad, 0x10, 0x3, 0xff, 0x73, 0xff, 0x70, 0x0,
    0x58, 0x0, 0x58, 0x0, 0x0, 0x0, 0x0, 0x0,
    0x0, 0x0, 0x0, 0x1, 0x46, 0x0, 0x0, 0x0,
    0x7, 0xff, 0x10, 0x0, 0x0, 0x5, 0xff, 0x30,
    0x0, 0x0, 0x5, 0xff, 0x50, 0x1d, 0xdd, 0xdf,
    0xff, 0xf7, 0x1f, 0xff, 0xff, 0xff, 0xf8, 0x1f,
    0xff, 0xfd, 0x77, 0xd8,

    /* U+FE99 "ﺙ" */
    0x0, 0x0, 0x0, 0x0, 0x8, 0x20, 0x0, 0x0,
    0x0, 0x0, 0x0, 0x0, 0x0, 0x6, 0xfc, 0x0,
    0x0, 0x0, 0x0, 0x0, 0x0, 0x0, 0x0, 0x8,
    0x20, 0x0, 0x0, 0x0, 0x0, 0x0, 0x0, 0x2,
    0xe6, 0x2, 0xe6, 0x0, 0x0, 0x0, 0x0, 0x20,
    0x0, 0xaf, 0xf1, 0xbf, 0xf1, 0x0, 0x12, 0x0,
    0x4f, 0xd3, 0x0, 0xc4, 0x1, 0xc3, 0x0, 0xcf,
    0xa0, 0x8, 0xff, 0x10, 0x0, 0x0, 0x0, 0x0,
    0xb, 0xfe, 0x0, 0xcf, 0xd0, 0x0, 0x0, 0x0,
    0x0, 0x0, 0x7f, 0xf2, 0xe, 0xf9, 0x0, 0x0,
    0x0, 0x0, 0x0, 0x3, 0xff, 0x40, 0xef, 0xc1,
    0x0, 0x0, 0x0, 0x0, 0x0, 0x7f, 0xf4, 0xa,
    0xff, 0xff, 0xed, 0xdd, 0xdd, 0xde, 0xff, 0xff,
    0x10, 0x1e, 0xff, 0xff, 0xff, 0xff, 0xff, 0xff,
    0xff, 0x60, 0x0, 0x18, 0xce, 0xff, 0xff, 0xff,
    0xff, 0xda, 0x30, 0x0,

    /* U+FE9A "ﺚ" */
    0x0, 0x0, 0x0, 0x0, 0x9, 0x40, 0x0, 0x0,
    0x0, 0x0, 0x0, 0x0, 0x0, 0x0, 0x4f, 0xe0,
    0x0, 0x0, 0x0, 0x0, 0x0, 0x0, 0x0, 0x1,
    0x6, 0x21, 0x0, 0x0, 0x0, 0x0, 0x0, 0x20,
    0x0, 0x2e, 0xa0, 0x2e, 0xa0, 0x0, 0x0, 0x0,
    0x4, 0xfd, 0x30, 0x8f, 0xf3, 0x8f, 0xf2, 0x0,
    0x0, 0x0, 0x8, 0xff, 0x10, 0x9, 0x40, 0x9,
    0x40, 0x1, 0x46, 0x10, 0xc, 0xfd, 0x0, 0x0,
    0x0, 0x0, 0x0, 0x5, 0xff, 0x30, 0xe, 0xf9,
    0x0, 0x0, 0x0, 0x0, 0x0, 0x4, 0xff, 0x40,
    0xe, 0xfc, 0x10, 0x0, 0x0, 0x0, 0x0, 0x4,
    0xff, 0x70, 0xa, 0xff, 0xff, 0xed, 0xdd, 0xdd,
    0xdd, 0xdf, 0xff, 0xf8, 0x1, 0xef, 0xff, 0xff,
    0xff, 0xff, 0xff, 0xff, 0xff, 0xfa, 0x0, 0x18,
    0xce, 0xff, 0xff, 0xff, 0xff, 0xfd, 0x86, 0xd9,

    /* U+FE9B "ﺛ" */
    0x0, 0x0, 0x21, 0x0, 0x0, 0x0, 0x2f, 0xc0,
    0x0, 0x0, 0x0, 0xc8, 0x0, 0x0, 0x8, 0x40,
    0x8, 0x40, 0x7, 0xff, 0x37, 0xff, 0x30, 0x2e,
    0xb0, 0x2e, 0xa0, 0x0, 0x10, 0x0, 0x10, 0x0,
    0x0, 0x0, 0x2, 0x10, 0x0, 0x0, 0x2d, 0xf5,
    0x0, 0x0, 0x0, 0xff, 0xa0, 0x0, 0x0, 0xb,
    0xfe, 0x0, 0x0, 0x0, 0x7f, 0xf1, 0x0, 0x0,
    0x8, 0xff, 0x21, 0xdd, 0xde, 0xff, 0xe0, 0x1f,
    0xff, 0xff, 0xf5, 0x1, 0xff, 0xff, 0xc4, 0x0,

    /* U+FE9C "ﺜ" */
    0x0, 0x0, 0x66, 0x0, 0x0, 0x0, 0x2, 0xff,
    0x10, 0x0, 0x0, 0x0, 0x54, 0x0, 0x0, 0x0,
    0xcb, 0x0, 0xcb, 0x0, 0x5, 0xff, 0x56, 0xff,
    0x50, 0x0, 0x77, 0x0, 0x76, 0x0, 0x0, 0x0,
    0x0, 0x0, 0x0, 0x0, 0x0, 0x1, 0x46, 0x0,
    0x0, 0x0, 0x7, 0xff, 0x10, 0x0, 0x0, 0x5,
    0xff, 0x30, 0x0, 0x0, 0x5, 0xff, 0x50, 0x1d,
    0xdd, 0xdf, 0xff, 0xf7, 0x1f, 0xff, 0xff, 0xff,
    0xf8, 0x1f, 0xff, 0xfd, 0x77, 0xd8,

    /* U+FE9D "ﺝ" */
    0x0, 0x0, 0x15, 0x51, 0x0, 0x0, 0x0, 0x0,
    0x8, 0xff, 0xff, 0xa1, 0x0, 0x0, 0x0, 0x8f,
    0xff, 0xff, 0xff, 0x80, 0x0, 0x0, 0xff, 0xf9,
    0x8e, 0xff, 0xfe, 0x60, 0x0, 0x2c, 0x40, 0x0,
    0x7e, 0xff, 0xf5, 0x0, 0x0, 0x0, 0x0, 0x38,
    0xff, 0xf4, 0x0, 0x0, 0x16, 0xbf, 0xff, 0xff,
    0xf2, 0x0, 0x6, 0xef, 0xff, 0xff, 0xfd, 0x90,
    0x0, 0x8f, 0xff, 0xfe, 0xa6, 0x10, 0x0, 0x4,
    0xff, 0xf9, 0x30, 0x0, 0x0, 0x0, 0xb, 0xff,
    0x40, 0x4, 0x90, 0x0, 0x0, 0xe, 0xfa, 0x0,
    0x4f, 0xfa, 0x0, 0x0, 0xf, 0xf9, 0x0, 0x2e,
    0xf7, 0x0, 0x0, 0xd, 0xfd, 0x0, 0x2, 0x60,
    0x0, 0x20, 0x8, 0xff, 0x90, 0x0, 0x15, 0x9e,
    0xf0, 0x1, 0xff, 0xff, 0xcd, 0xff, 0xff, 0xf4,
    0x0, 0x4f, 0xff, 0xff, 0xff, 0xff, 0xc3, 0x0,
    0x2, 0xaf, 0xff, 0xd9, 0x50, 0x0, 0x0, 0x0,
    0x0, 0x10, 0x0, 0x0, 0x0,

    /* U+FE9E "ﺞ" */
    0x0, 0x0, 0x15, 0x51, 0x0, 0x0, 0x0, 0x0,
    0x0, 0x8f, 0xff, 0xfa, 0x10, 0x0, 0x0, 0x0,
    0x8f, 0xff, 0xff, 0xff, 0x80, 0x0, 0x0, 0xf,
    0xff, 0x98, 0xef, 0xff, 0xe6, 0x0, 0x0, 0x2c,
    0x40, 0x0, 0x7e, 0xff, 0xf5, 0x0, 0x0, 0x0,
    0x0, 0x3, 0x8f, 0xff, 0x40, 0x0, 0x0, 0x16,
    0xbf, 0xff, 0xff, 0xf2, 0x0, 0x0, 0x6e, 0xff,
    0xff, 0xff, 0xff, 0x10, 0x0, 0x8f, 0xff, 0xfe,
    0xa6, 0xaf, 0xff, 0xb0, 0x4f, 0xff, 0x93, 0x0,
    0x1, 0xef, 0xfe, 0xb, 0xff, 0x40, 0x4, 0x70,
    0x1, 0xae, 0xd0, 0xef, 0xa0, 0x4, 0xff, 0x80,
    0x0, 0x0, 0xf, 0xf9, 0x0, 0x3f, 0xf7, 0x0,
    0x0, 0x0, 0xdf, 0xd0, 0x0, 0x37, 0x0, 0x2,
    0x0, 0x8, 0xff, 0x90, 0x0, 0x15, 0x9e, 0xf0,
    0x0, 0x1f, 0xff, 0xfc, 0xdf, 0xff, 0xff, 0x40,
    0x0, 0x4f, 0xff, 0xff, 0xff, 0xff, 0xc3, 0x0,
    0x0, 0x2a, 0xff, 0xfd, 0x95, 0x0, 0x0, 0x0,
    0x0, 0x0, 0x10, 0x0, 0x0, 0x0, 0x0,

    /* U+FE9F "ﺟ" */
    0x0, 0x0, 0x0, 0x0, 0x0, 0x0, 0x0, 0x0,
    0x1, 0x9e, 0xfb, 0x40, 0x0, 0x0, 0x0, 0x1e,
    0xff, 0xff, 0xfb, 0x20, 0x0, 0x0, 0xaf, 0xff,
    0xff, 0xff, 0xf8, 0x0, 0x0, 0x7f, 0xc1, 0x4,
    0xcf, 0xff, 0xe3, 0x0, 0x1, 0x20, 0x0, 0x5,
    0xff, 0xf5, 0x0, 0x0, 0x1, 0x58, 0xcf, 0xff,
    0xf3, 0x1d, 0xde, 0xff, 0xff, 0xff, 0xff, 0xf1,
    0x1f, 0xff, 0xff, 0xff, 0xfc, 0x84, 0x0, 0x1f,
    0xfe, 0xdb, 0x95, 0x10, 0x0, 0x0, 0x0, 0x0,
    0x0, 0x0, 0x0, 0x0, 0x0, 0x0, 0x0, 0x0,
    0x3b, 0x10, 0x0, 0x0, 0x0, 0x0, 0x3, 0xff,
    0xc0, 0x0, 0x0, 0x0, 0x0, 0x0, 0xcf, 0x80,
    0x0, 0x0, 0x0, 0x0, 0x0, 0x6, 0x0, 0x0,
    0x0,

    /* U+FEA0 "ﺠ" */
    0x0, 0x0, 0x2, 0x20, 0x0, 0x0, 0x0, 0x0,
    0x0, 0x4d, 0xff, 0xe7, 0x0, 0x0, 0x0, 0x0,
    0x4f, 0xff, 0xff, 0xfe, 0x60, 0x0, 0x0, 0xe,
    0xff, 0xcb, 0xff, 0xff, 0xd5, 0x0, 0x0, 0x4d,
    0x80, 0x1, 0x8f, 0xff, 0xf4, 0x0, 0x0, 0x0,
    0x0, 0x2, 0x7f, 0xff, 0x30, 0x0, 0x0, 0x36,
    0xae, 0xff, 0xff, 0xf1, 0x1, 0xef, 0xff, 0xff,
    0xff, 0xff, 0xff, 0xda, 0x1f, 0xff, 0xff, 0xff,
    0xa6, 0x7f, 0xff, 0xc1, 0xfe, 0xdb, 0x73, 0x0,
    0x0, 0x5d, 0xfc, 0x0, 0x0, 0x0, 0x0, 0x0,
    0x0, 0x0, 0x0, 0x0, 0x0, 0x3, 0xb1, 0x0,
    0x0, 0x0, 0x0, 0x0, 0x3, 0xff, 0xc0, 0x0,
    0x0, 0x0, 0x0, 0x0, 0xc, 0xf8, 0x0, 0x0,
    0x0, 0x0, 0x0, 0x0, 0x6, 0x0, 0x0, 0x0,
    0x0,

    /* U+FEA1 "ﺡ" */
    0x0, 0x0, 0x15, 0x51, 0x0, 0x0, 0x0, 0x0,
    0x8, 0xff, 0xff, 0xa1, 0x0, 0x0, 0x0, 0x8f,
    0xff, 0xff, 0xff, 0x80, 0x0, 0x0, 0xff, 0xf9,
    0x8e, 0xff, 0xfe, 0x60, 0x0, 0x2c, 0x40, 0x0,
    0x7e, 0xff, 0xf5, 0x0, 0x0, 0x0, 0x0, 0x38,
    0xff, 0xf4, 0x0, 0x0, 0x16, 0xbf, 0xff, 0xff,
    0xf2, 0x0, 0x6, 0xef, 0xff, 0xff, 0xfd, 0x90,
    0x0, 0x8f, 0xff, 0xfe, 0xa6, 0x10, 0x0, 0x4,
    0xff, 0xf9, 0x30, 0x0, 0x0, 0x0, 0xb, 0xff,
    0x40, 0x0, 0x0, 0x0, 0x0, 0xe, 0xfa, 0x0,
    0x0, 0x0, 0x0, 0x0, 0xf, 0xf9, 0x0, 0x0,
    0x0, 0x0, 0x0, 0xd, 0xfd, 0x0, 0x0, 0x0,
    0x0, 0x20, 0x8, 0xff, 0x90, 0x0, 0x15, 0x9e,
    0xf0, 0x1, 0xff, 0xff, 0xcd, 0xff, 0xff, 0xf4,
    0x0, 0x4f, 0xff, 0xff, 0xff, 0xff, 0xc3, 0x0,
    0x2, 0xaf, 0xff, 0xd9, 0x50, 0x0, 0x0, 0x0,
    0x0, 0x10, 0x0, 0x0, 0x0,

    /* U+FEA2 "ﺢ" */
    0x0, 0x0, 0x15, 0x51, 0x0, 0x0, 0x0, 0x0,
    0x0, 0x8f, 0xff, 0xfa, 0x10, 0x0, 0x0, 0x0,
    0x8f, 0xff, 0xff, 0xff, 0x80, 0x0, 0x0, 0xf,
    0xff, 0x98, 0xef, 0xff, 0xe6, 0x0, 0x0, 0x2c,
    0x40, 0x0, 0x7e, 0xff, 0xf5, 0x0, 0x0, 0x0,
    0x0, 0x3, 0x8f, 0xff, 0x40, 0x0, 0x0, 0x16,
    0xbf, 0xff, 0xff, 0xf2, 0x0, 0x0, 0x6e, 0xff,
    0xff, 0xff, 0xff, 0x10, 0x0, 0x8f, 0xff, 0xfe,
    0xa6, 0xaf, 0xff, 0xb0, 0x4f, 0xff, 0x93, 0x0,
    0x1, 0xef, 0xfe, 0xb, 0xff, 0x40, 0x0, 0x0,
    0x1, 0xae, 0xd0, 0xef, 0xa0, 0x0, 0x0, 0x0,
    0x0, 0x0, 0xf, 0xf9, 0x0, 0x0, 0x0, 0x0,
    0x0, 0x0, 0xdf, 0xd0, 0x0, 0x0, 0x0, 0x2,
    0x0, 0x8, 0xff, 0x90, 0x0, 0x15, 0x9e, 0xf0,
    0x0, 0x1f, 0xff, 0xfc, 0xdf, 0xff, 0xff, 0x40,
    0x0, 0x4f, 0xff, 0xff, 0xff, 0xff, 0xc3, 0x0,
    0x0, 0x2a, 0xff, 0xfd, 0x95, 0x0, 0x0, 0x0,
    0x0, 0x0, 0x10, 0x0, 0x0, 0x0, 0x0,

    /* U+FEA3 "ﺣ" */
    0x0, 0x0, 0x0, 0x0, 0x0, 0x0, 0x0, 0x0,
    0x1, 0x9e, 0xfb, 0x40, 0x0, 0x0, 0x0, 0x1e,
    0xff, 0xff, 0xfb, 0x20, 0x0, 0x0, 0xaf, 0xff,
    0xff, 0xff, 0xf8, 0x0, 0x0, 0x7f, 0xc1, 0x4,
    0xcf, 0xff, 0xe3, 0x0, 0x1, 0x20, 0x0, 0x5,
    0xff, 0xf5, 0x0, 0x0, 0x1, 0x58, 0xcf, 0xff,
    0xf3, 0x1d, 0xde, 0xff, 0xff, 0xff, 0xff, 0xf1,
    0x1f, 0xff, 0xff, 0xff, 0xfc, 0x84, 0x0, 0x1f,
    0xfe, 0xdb, 0x95, 0x10, 0x0, 0x0,

    /* U+FEA4 "ﺤ" */
    0x0, 0x0, 0x2, 0x20, 0x0, 0x0, 0x0, 0x0,
    0x0, 0x4d, 0xff, 0xe7, 0x0, 0x0, 0x0, 0x0,
    0x4f, 0xff, 0xff, 0xfe, 0x60, 0x0, 0x0, 0xe,
    0xff, 0xcb, 0xff, 0xff, 0xd5, 0x0, 0x0, 0x4d,
    0x80, 0x1, 0x8f, 0xff, 0xf4, 0x0, 0x0, 0x0,
    0x0, 0x2, 0x7f, 0xff, 0x30, 0x0, 0x0, 0x36,
    0xae, 0xff, 0xff, 0xf1, 0x1, 0xef, 0xff, 0xff,
    0xff, 0xff, 0xff, 0xda, 0x1f, 0xff, 0xff, 0xff,
    0xa6, 0x7f, 0xff, 0xc1, 0xfe, 0xdb, 0x73, 0x0,
    0x0, 0x5d, 0xfc,

    /* U+FEA5 "ﺥ" */
    0x0, 0x0, 0x6, 0x70, 0x0, 0x0, 0x0, 0x0,
    0x0, 0x6f, 0xf7, 0x0, 0x0, 0x0, 0x0, 0x0,
    0x4f, 0xf4, 0x0, 0x0, 0x0, 0x0, 0x0, 0x4,
    0x40, 0x0, 0x0, 0x0, 0x0, 0x0, 0x15, 0x51,
    0x0, 0x0, 0x0, 0x0, 0x8, 0xff, 0xff, 0xa1,
    0x0, 0x0, 0x0, 0x8f, 0xff, 0xff, 0xff, 0x80,
    0x0, 0x0, 0xff, 0xf9, 0x8e, 0xff, 0xfe, 0x60,
    0x0, 0x2c, 0x40, 0x0, 0x7e, 0xff, 0xf5, 0x0,
    0x0, 0x0, 0x0, 0x38, 0xff, 0xf4, 0x0, 0x0,
    0x16, 0xbf, 0xff, 0xff, 0xf2, 0x0, 0x6, 0xef,
    0xff, 0xff, 0xfd, 0x90, 0x0, 0x8f, 0xff, 0xfe,
    0xa6, 0x10, 0x0, 0x4, 0xff, 0xf9, 0x30, 0x0,
    0x0, 0x0, 0xb, 0xff, 0x40, 0x0, 0x0, 0x0,
    0x0, 0xe, 0xfa, 0x0, 0x0, 0x0, 0x0, 0x0,
    0xf, 0xf9, 0x0, 0x0, 0x0, 0x0, 0x0, 0xd,
    0xfd, 0x0, 0x0, 0x0, 0x0, 0x20, 0x8, 0xff,
    0x90, 0x0, 0x15, 0x9e, 0xf0, 0x1, 0xff, 0xff,
    0xcd, 0xff, 0xff, 0xf4, 0x0, 0x4f, 0xff, 0xff,
    0xff, 0xff, 0xc3, 0x0, 0x2, 0xaf, 0xff, 0xd9,
    0x50, 0x0, 0x0, 0x0, 0x0, 0x10, 0x0, 0x0,
    0x0,

    /* U+FEA6 "ﺦ" */
    0x0, 0x0, 0x6, 0x70, 0x0, 0x0, 0x0, 0x0,
    0x0, 0x6, 0xff, 0x70, 0x0, 0x0, 0x0, 0x0,
    0x0, 0x4f, 0xf4, 0x0, 0x0, 0x0, 0x0, 0x0,
    0x0, 0x45, 0x0, 0x0, 0x0, 0x0, 0x0, 0x0,
    0x15, 0x51, 0x0, 0x0, 0x0, 0x0, 0x0, 0x8f,
    0xff, 0xfa, 0x10, 0x0, 0x0, 0x0, 0x8f, 0xff,
    0xff, 0xff, 0x80, 0x0, 0x0, 0xf, 0xff, 0x98,
    0xef, 0xff, 0xe6, 0x0, 0x0, 0x2c, 0x40, 0x0,
    0x7e, 0xff, 0xf5, 0x0, 0x0, 0x0, 0x0, 0x3,
    0x8f, 0xff, 0x40, 0x0, 0x0, 0x16, 0xbf, 0xff,
    0xff, 0xf2, 0x0, 0x0, 0x6e, 0xff, 0xff, 0xff,
    0xff, 0x10, 0x0, 0x8f, 0xff, 0xfe, 0xa6, 0xaf,
    0xff, 0xb0, 0x4f, 0xff, 0x93, 0x0, 0x1, 0xef,
    0xfe, 0xb, 0xff, 0x40, 0x0, 0x0, 0x1, 0xae,
    0xd0, 0xef, 0xa0, 0x0, 0x0, 0x0, 0x0, 0x0,
    0xf, 0xf9, 0x0, 0x0, 0x0, 0x0, 0x0, 0x0,
    0xdf, 0xd0, 0x0, 0x0, 0x0, 0x2, 0x0, 0x8,
    0xff, 0x90, 0x0, 0x15, 0x9e, 0xf0, 0x0, 0x1f,
    0xff, 0xfc, 0xdf, 0xff, 0xff, 0x40, 0x0, 0x4f,
    0xff, 0xff, 0xff, 0xff, 0xc3, 0x0, 0x0, 0x2a,
    0xff, 0xfd, 0x95, 0x0, 0x0, 0x0, 0x0, 0x0,
    0x10, 0x0, 0x0, 0x0, 0x0,

    /* U+FEA7 "ﺧ" */
    0x0, 0x0, 0x3, 0xa0, 0x0, 0x0, 0x0, 0x0,
    0x0, 0x3f, 0xfa, 0x0, 0x0, 0x0, 0x0, 0x0,
    0x2e, 0xf8, 0x0, 0x0, 0x0, 0x0, 0x0, 0x2,
    0x70, 0x0, 0x0, 0x0, 0x0, 0x0, 0x0, 0x0,
    0x0, 0x0, 0x0, 0x0, 0x1, 0x9e, 0xfb, 0x40,
    0x0, 0x0, 0x0, 0x1e, 0xff, 0xff, 0xfb, 0x20,
    0x0, 0x0, 0xaf, 0xff, 0xff, 0xff, 0xf8, 0x0,
    0x0, 0x7f, 0xc1, 0x4, 0xcf, 0xff, 0xe3, 0x0,
    0x1, 0x20, 0x0, 0x5, 0xff, 0xf5, 0x0, 0x0,
    0x1, 0x58, 0xcf, 0xff, 0xf3, 0x1d, 0xde, 0xff,
    0xff, 0xff, 0xff, 0xf1, 0x1f, 0xff, 0xff, 0xff,
    0xfc, 0x84, 0x0, 0x1f, 0xfe, 0xdb, 0x95, 0x10,
    0x0, 0x0,

    /* U+FEA8 "ﺨ" */
    0x0, 0x0, 0x4, 0x90, 0x0, 0x0, 0x0, 0x0,
    0x0, 0x3, 0xff, 0xa0, 0x0, 0x0, 0x0, 0x0,
    0x0, 0x2e, 0xf7, 0x0, 0x0, 0x0, 0x0, 0x0,
    0x0, 0x27, 0x0, 0x0, 0x0, 0x0, 0x0, 0x0,
    0x2, 0x20, 0x0, 0x0, 0x0, 0x0, 0x0, 0x4d,
    0xff, 0xe7, 0x0, 0x0, 0x0, 0x0, 0x4f, 0xff,
    0xff, 0xfe, 0x60, 0x0, 0x0, 0xe, 0xff, 0xcb,
    0xff, 0xff, 0xd5, 0x0, 0x0, 0x4d, 0x80, 0x1,
    0x8f, 0xff, 0xf4, 0x0, 0x0, 0x0, 0x0, 0x2,
    0x7f, 0xff, 0x30, 0x0, 0x0, 0x36, 0xae, 0xff,
    0xff, 0xf1, 0x1, 0xef, 0xff, 0xff, 0xff, 0xff,
    0xff, 0xda, 0x1f, 0xff, 0xff, 0xff, 0xa6, 0x7f,
    0xff, 0xc1, 0xfe, 0xdb, 0x73, 0x0, 0x0, 0x5d,
    0xfc,

    /* U+FEA9 "ﺩ" */
    0x0, 0x0, 0x2b, 0x0, 0x0, 0x0, 0x2, 0xef,
    0x90, 0x0, 0x0, 0x0, 0xdf, 0xf3, 0x0, 0x0,
    0x0, 0x4f, 0xfc, 0x0, 0x0, 0x0, 0xa, 0xff,
    0x40, 0x0, 0x0, 0x2, 0xff, 0xb0, 0x11, 0x0,
    0x0, 0x9f, 0xf1, 0xdf, 0x70, 0x0, 0x6f, 0xf2,
    0xcf, 0xfd, 0xdd, 0xff, 0xf1, 0x6f, 0xff, 0xff,
    0xff, 0x90, 0x5, 0xdf, 0xff, 0xd7, 0x0,

    /* U+FEAA "ﺪ" */
    0x0, 0x0, 0x0, 0x32, 0x0, 0x0, 0x0, 0x0,
    0xef, 0x90, 0x0, 0x0, 0x0, 0xc, 0xfd, 0x0,
    0x0, 0x0, 0x0, 0x8f, 0xf1, 0x0, 0x0, 0x0,
    0x4, 0xff, 0x60, 0x0, 0x0, 0x0, 0xf, 0xfa,
    0x0, 0x11, 0x0, 0x0, 0xcf, 0xe0, 0xd, 0xf7,
    0x0, 0x9, 0xff, 0x30, 0xcf, 0xfd, 0xdd, 0xff,
    0xff, 0xd6, 0xff, 0xff, 0xff, 0xff, 0xff, 0x5,
    0xdf, 0xfe, 0xb4, 0x8e, 0xf0,

    /* U+FEAB "ﺫ" */
    0x0, 0x0, 0x0, 0x0, 0x0, 0x0, 0x2, 0xd4,
    0x0, 0x0, 0x0, 0x1e, 0xff, 0x20, 0x0, 0x0,
    0x7, 0xf9, 0x0, 0x0, 0x0, 0x0, 0x40, 0x0,
    0x0, 0x0, 0x0, 0x2b, 0x0, 0x0, 0x0, 0x2,
    0xef, 0x90, 0x0, 0x0, 0x0, 0xdf, 0xf3, 0x0,
    0x0, 0x0, 0x4f, 0xfc, 0x0, 0x0, 0x0, 0xa,
    0xff, 0x40, 0x0, 0x0, 0x2, 0xff, 0xb0, 0x11,
    0x0, 0x0, 0x9f, 0xf1, 0xdf, 0x70, 0x0, 0x6f,
    0xf2, 0xcf, 0xfd, 0xdd, 0xff, 0xf1, 0x6f, 0xff,
    0xff, 0xff, 0x90, 0x5, 0xdf, 0xff, 0xd7, 0x0,

    /* U+FEAC "ﺬ" */
    0x0, 0x0, 0x0, 0x0, 0x0, 0x0, 0x0, 0x0,
    0x7b, 0x0, 0x0, 0x0, 0x0, 0x6f, 0xfa, 0x0,
    0x0, 0x0, 0x1, 0xdf, 0x30, 0x0, 0x0, 0x0,
    0x1, 0x30, 0x0, 0x0, 0x0, 0x0, 0x3, 0x20,
    0x0, 0x0, 0x0, 0xe, 0xf9, 0x0, 0x0, 0x0,
    0x0, 0xcf, 0xd0, 0x0, 0x0, 0x0, 0x8, 0xff,
    0x10, 0x0, 0x0, 0x0, 0x4f, 0xf6, 0x0, 0x0,
    0x0, 0x0, 0xff, 0xa0, 0x1, 0x10, 0x0, 0xc,
    0xfe, 0x0, 0xdf, 0x70, 0x0, 0x9f, 0xf3, 0xc,
    0xff, 0xdd, 0xdf, 0xff, 0xfd, 0x6f, 0xff, 0xff,
    0xff, 0xff, 0xf0, 0x5d, 0xff, 0xeb, 0x48, 0xef,

    /* U+FEAD "ﺭ" */
    0x0, 0x4, 0x64, 0x0, 0x0, 0xff, 0x90, 0x0,
    0xc, 0xfb, 0x0, 0x0, 0xaf, 0xe0, 0x0, 0x8,
    0xff, 0x0, 0x0, 0x6f, 0xf2, 0x0, 0x4, 0xff,
    0x40, 0x0, 0x5f, 0xf4, 0x1, 0x6e, 0xff, 0x2b,
    0xff, 0xff, 0xa0, 0xbf, 0xff, 0x80, 0x7, 0xd8,
    0x10, 0x0, 0x0, 0x0, 0x0, 0x0,

    /* U+FEAE "ﺮ" */
    0x0, 0x4, 0x64, 0x0, 0x0, 0xff, 0x90, 0x0,
    0xc, 0xfc, 0x0, 0x0, 0xaf, 0xf0, 0x0, 0x8,
    0xff, 0xd0, 0x0, 0x6f, 0xfe, 0x0, 0x4, 0xff,
    0xe0, 0x0, 0x5f, 0xf4, 0x1, 0x6e, 0xff, 0x2b,
    0xff, 0xff, 0xa0, 0xbf, 0xff, 0x90, 0x7, 0xd8,
    0x20, 0x0, 0x0, 0x0, 0x0, 0x0,

    /* U+FEAF "ﺯ" */
    0x0, 0x4, 0x50, 0x0, 0x4, 0xff, 0x50, 0x0,
    0x6f, 0xf7, 0x0, 0x0, 0x67, 0x0, 0x0, 0x0,
    0x0, 0x0, 0x0, 0x46, 0x40, 0x0, 0xf, 0xf9,
    0x0, 0x0, 0xcf, 0xb0, 0x0, 0xa, 0xfe, 0x0,
    0x0, 0x8f, 0xf0, 0x0, 0x6, 0xff, 0x20, 0x0,
    0x4f, 0xf4, 0x0, 0x5, 0xff, 0x40, 0x16, 0xef,
    0xf2, 0xbf, 0xff, 0xfa, 0xb, 0xff, 0xf8, 0x0,
    0x7d, 0x81, 0x0, 0x0, 0x0, 0x0, 0x0,

    /* U+FEB0 "ﺰ" */
    0x0, 0x4, 0x50, 0x0, 0x4, 0xff, 0x50, 0x0,
    0x6f, 0xf7, 0x0, 0x0, 0x67, 0x0, 0x0, 0x0,
    0x0, 0x0, 0x0, 0x46, 0x40, 0x0, 0xf, 0xf9,
    0x0, 0x0, 0xcf, 0xc0, 0x0, 0xa, 0xff, 0x0,
    0x0, 0x8f, 0xfd, 0x0, 0x6, 0xff, 0xe0, 0x0,
    0x4f, 0xfe, 0x0, 0x5, 0xff, 0x40, 0x16, 0xef,
    0xf2, 0xbf, 0xff, 0xfa, 0xb, 0xff, 0xf9, 0x0,
    0x7d, 0x82, 0x0, 0x0, 0x0, 0x0, 0x0,

    /* U+FEB1 "ﺱ" */
    0x0, 0x0, 0x0, 0x0, 0x0, 0x0, 0x0, 0x0,
    0x0, 0x0, 0x3, 0x30, 0x0, 0x0, 0x0, 0x0,
    0x0, 0x0, 0x0, 0x0, 0x0, 0x0, 0xcf, 0xb0,
    0x0, 0x0, 0x0, 0x0, 0x0, 0x58, 0x60, 0x0,
    0x78, 0x30, 0x9f, 0xf0, 0x1, 0x10, 0x0, 0x0,
    0x0, 0xcf, 0xc0, 0x0, 0xef, 0x70, 0x5f, 0xf4,
    0x7, 0xfb, 0x0, 0x0, 0x0, 0xaf, 0xe0, 0x0,
    0xef, 0x70, 0x2f, 0xf7, 0xb, 0xfe, 0x0, 0x0,
    0x0, 0x8f, 0xf5, 0x0, 0xff, 0x80, 0x2f, 0xf7,
    0xe, 0xfa, 0x0, 0x0, 0x0, 0x5f, 0xff, 0xef,
    0xff, 0xfe, 0xff, 0xf4, 0xf, 0xf8, 0x0, 0x0,
    0x0, 0x3f, 0xff, 0xff, 0xff, 0xff, 0xff, 0xb0,
    0xf, 0xf9, 0x0, 0x0, 0x0, 0x1f, 0xfe, 0xfe,
    0x84, 0xcf, 0xe9, 0x0, 0xd, 0xfd, 0x0, 0x0,
    0x0, 0x4f, 0xf6, 0x0, 0x0, 0x0, 0x0, 0x0,
    0x8, 0xff, 0x91, 0x1, 0x59, 0xff, 0xf3, 0x0,
    0x0, 0x0, 0x0, 0x0, 0x1, 0xff, 0xff, 0xff,
    0xff, 0xff, 0xa0, 0x0, 0x0, 0x0, 0x0, 0x0,
    0x0, 0x5f, 0xff, 0xff, 0xff, 0xf7, 0x0, 0x0,
    0x0, 0x0, 0x0, 0x0, 0x0, 0x2, 0xad, 0xec,
    0xa5, 0x0, 0x0, 0x0, 0x0, 0x0, 0x0, 0x0,
    0x0, 0x0, 0x0, 0x0, 0x0, 0x0, 0x0, 0x0,
    0x0, 0x0, 0x0, 0x0,

    /* U+FEB2 "ﺲ" */
    0x0, 0x0, 0x0, 0x0, 0x0, 0x0, 0x0, 0x0,
    0x0, 0x0, 0x0, 0x0, 0x0, 0x0, 0x0, 0x0,
    0x0, 0x0, 0x58, 0x60, 0x0, 0x78, 0x30, 0x5c,
    0xc0, 0x0, 0x1, 0x10, 0x0, 0x0, 0x0, 0xcf,
    0xc0, 0x0, 0xef, 0x70, 0x6f, 0xf1, 0x0, 0x7,
    0xfb, 0x0, 0x0, 0x0, 0xaf, 0xe0, 0x0, 0xef,
    0x70, 0x2f, 0xf5, 0x0, 0xb, 0xfe, 0x0, 0x0,
    0x0, 0x8f, 0xf5, 0x0, 0xff, 0xa0, 0x1f, 0xfd,
    0x10, 0xe, 0xfa, 0x0, 0x0, 0x0, 0x5f, 0xff,
    0xef, 0xff, 0xff, 0xff, 0xff, 0xf5, 0xf, 0xf8,
    0x0, 0x0, 0x0, 0x3f, 0xff, 0xff, 0xff, 0xff,
    0xff, 0xff, 0xf5, 0xf, 0xf9, 0x0, 0x0, 0x0,
    0x1f, 0xfd, 0xfe, 0x93, 0xbf, 0xea, 0x18, 0xe5,
    0xd, 0xfd, 0x0, 0x0, 0x0, 0x4f, 0xf6, 0x0,
    0x0, 0x0, 0x0, 0x0, 0x0, 0x8, 0xff, 0x91,
    0x1, 0x59, 0xff, 0xf3, 0x0, 0x0, 0x0, 0x0,
    0x0, 0x0, 0x1, 0xff, 0xff, 0xff, 0xff, 0xff,
    0xa0, 0x0, 0x0, 0x0, 0x0, 0x0, 0x0, 0x0,
    0x5f, 0xff, 0xff, 0xff, 0xf7, 0x0, 0x0, 0x0,
    0x0, 0x0, 0x0, 0x0, 0x0, 0x2, 0xad, 0xec,
    0xa5, 0x0, 0x0, 0x0, 0x0, 0x0, 0x0, 0x0,
    0x0, 0x0, 0x0, 0x0, 0x0, 0x0, 0x0, 0x0,
    0x0, 0x0, 0x0, 0x0, 0x0, 0x0,

    /* U+FEB3 "ﺳ" */
    0x0, 0x0, 0x0, 0x0, 0x0, 0x0, 0x3, 0x30,
    0x0, 0x0, 0x0, 0x0, 0x0, 0x0, 0xef, 0xa0,
    0x0, 0x6, 0x84, 0x0, 0x88, 0x30, 0xbf, 0xe0,
    0x0, 0xd, 0xf8, 0x0, 0xff, 0x60, 0x7f, 0xf2,
    0x0, 0xd, 0xf8, 0x0, 0xff, 0x60, 0x3f, 0xf5,
    0x0, 0xe, 0xfa, 0x1, 0xff, 0x70, 0x3f, 0xf5,
    0x1d, 0xef, 0xff, 0xef, 0xff, 0xfd, 0xff, 0xf2,
    0x1f, 0xff, 0xff, 0xff, 0xff, 0xff, 0xff, 0xa0,
    0x1f, 0xe9, 0x3b, 0xfd, 0x74, 0xcf, 0xe8, 0x0,

    /* U+FEB4 "ﺴ" */
    0x0, 0x0, 0x0, 0x0, 0x0, 0x0, 0x0, 0x0,
    0x0, 0x1, 0x88, 0x10, 0x28, 0x80, 0x9, 0xe5,
    0x0, 0x0, 0x3f, 0xf2, 0x5, 0xff, 0x0, 0xdf,
    0x90, 0x0, 0x3, 0xff, 0x20, 0x5f, 0xf0, 0x9,
    0xfd, 0x0, 0x0, 0x5f, 0xf4, 0x7, 0xff, 0x20,
    0x8f, 0xf7, 0x1, 0xdf, 0xff, 0xfd, 0xff, 0xff,
    0xef, 0xff, 0xfd, 0x1f, 0xff, 0xff, 0xff, 0xff,
    0xff, 0xff, 0xff, 0xe1, 0xfd, 0x55, 0xdf, 0xd4,
    0x6d, 0xfd, 0x53, 0xbd,

    /* U+FEB5 "ﺵ" */
    0x0, 0x0, 0x0, 0x0, 0x0, 0x0, 0x0, 0x0,
    0x1, 0x0, 0x0, 0x0, 0x0, 0x0, 0x0, 0x0,
    0x0, 0x0, 0x0, 0x0, 0xad, 0x10, 0x0, 0x0,
    0x0, 0x0, 0x0, 0x0, 0x0, 0x0, 0x0, 0x0,
    0xbd, 0x10, 0x0, 0x0, 0x0, 0x0, 0x0, 0x0,
    0x0, 0x0, 0x0, 0x25, 0x1, 0x35, 0x0, 0x0,
    0x0, 0x0, 0x0, 0x0, 0x0, 0x0, 0x2, 0xef,
    0x53, 0xef, 0x50, 0x0, 0x0, 0x0, 0x0, 0x0,
    0x0, 0x0, 0x1, 0xdf, 0x31, 0xdf, 0x30, 0x0,
    0x0, 0x0, 0x0, 0x0, 0x0, 0x0, 0x0, 0x13,
    0x0, 0x13, 0x3, 0x30, 0x0, 0x0, 0x0, 0x0,
    0x0, 0x0, 0x0, 0x0, 0x0, 0x0, 0xcf, 0xb0,
    0x0, 0x0, 0x0, 0x0, 0x0, 0x58, 0x60, 0x0,
    0x78, 0x30, 0x9f, 0xf0, 0x1, 0x10, 0x0, 0x0,
    0x0, 0xcf, 0xc0, 0x0, 0xef, 0x70, 0x5f, 0xf4,
    0x7, 0xfb, 0x0, 0x0, 0x0, 0xaf, 0xe0, 0x0,
    0xef, 0x70, 0x2f, 0xf7, 0xb, 0xfe, 0x0, 0x0,
    0x0, 0x8f, 0xf5, 0x0, 0xff, 0x80, 0x2f, 0xf7,
    0xe, 0xfa, 0x0, 0x0, 0x0, 0x5f, 0xff, 0xef,
    0xff, 0xfe, 0xff, 0xf4, 0xf, 0xf8, 0x0, 0x0,
    0x0, 0x3f, 0xff, 0xff, 0xff, 0xff, 0xff, 0xb0,
    0xf, 0xf9, 0x0, 0x0, 0x0, 0x1f, 0xfe, 0xfe,
    0x84, 0xcf, 0xe9, 0x0, 0xd, 0xfd, 0x0, 0x0,
    0x0, 0x4f, 0xf6, 0x0, 0x0, 0x0, 0x0, 0x0,
    0x8, 0xff, 0x91, 0x1, 0x59, 0xff, 0xf3, 0x0,
    0x0, 0x0, 0x0, 0x0, 0x1, 0xff, 0xff, 0xff,
    0xff, 0xff, 0xa0, 0x0, 0x0, 0x0, 0x0, 0x0,
    0x0, 0x5f, 0xff, 0xff, 0xff, 0xf7, 0x0, 0x0,
    0x0, 0x0, 0x0, 0x0, 0x0, 0x2, 0xad, 0xec,
    0xa5, 0x0, 0x0, 0x0, 0x0, 0x0, 0x0, 0x0,
    0x0, 0x0, 0x0, 0x0, 0x0, 0x0, 0x0, 0x0,
    0x0, 0x0, 0x0, 0x0,

    /* U+FEB6 "ﺶ" */
    0x0, 0x0, 0x0, 0x0, 0x0, 0x0, 0x0, 0x0,
    0x0, 0x0, 0x0, 0x0, 0x0, 0x0, 0x0, 0x0,
    0x0, 0x0, 0x0, 0x0, 0x0, 0x6e, 0x20, 0x0,
    0x0, 0x0, 0x0, 0x0, 0x0, 0x0, 0x0, 0x0,
    0x0, 0x0, 0x9f, 0x40, 0x0, 0x0, 0x0, 0x0,
    0x0, 0x0, 0x0, 0x0, 0x0, 0x0, 0x5, 0x3,
    0x5, 0x0, 0x0, 0x0, 0x0, 0x0, 0x0, 0x0,
    0x0, 0x0, 0x0, 0xcf, 0x70, 0xcf, 0x70, 0x0,
    0x0, 0x0, 0x0, 0x0, 0x0, 0x0, 0x0, 0x0,
    0xcf, 0x70, 0xcf, 0x70, 0x0, 0x0, 0x0, 0x0,
    0x0, 0x0, 0x0, 0x0, 0x0, 0x5, 0x0, 0x5,
    0x0, 0x0, 0x0, 0x0, 0x0, 0x0, 0x0, 0x0,
    0x0, 0x0, 0x0, 0x0, 0x0, 0x0, 0x0, 0x0,
    0x0, 0x0, 0x0, 0x0, 0x0, 0x58, 0x60, 0x0,
    0x78, 0x30, 0x5c, 0xc0, 0x0, 0x1, 0x10, 0x0,
    0x0, 0x0, 0xcf, 0xc0, 0x0, 0xef, 0x70, 0x6f,
    0xf1, 0x0, 0x7, 0xfb, 0x0, 0x0, 0x0, 0xaf,
    0xe0, 0x0, 0xef, 0x70, 0x2f, 0xf5, 0x0, 0xb,
    0xfe, 0x0, 0x0, 0x0, 0x8f, 0xf5, 0x0, 0xff,
    0xa0, 0x1f, 0xfd, 0x10, 0xe, 0xfa, 0x0, 0x0,
    0x0, 0x5f, 0xff, 0xef, 0xff, 0xff, 0xff, 0xff,
    0xf5, 0xf, 0xf8, 0x0, 0x0, 0x0, 0x3f, 0xff,
    0xff, 0xff, 0xff, 0xff, 0xff, 0xf5, 0xf, 0xf9,
    0x0, 0x0, 0x0, 0x1f, 0xfd, 0xfe, 0x93, 0xbf,
    0xea, 0x18, 0xe5, 0xd, 0xfd, 0x0, 0x0, 0x0,
    0x4f, 0xf6, 0x0, 0x0, 0x0, 0x0, 0x0, 0x0,
    0x8, 0xff, 0x91, 0x1, 0x59, 0xff, 0xf3, 0x0,
    0x0, 0x0, 0x0, 0x0, 0x0, 0x1, 0xff, 0xff,
    0xff, 0xff, 0xff, 0xa0, 0x0, 0x0, 0x0, 0x0,
    0x0, 0x0, 0x0, 0x5f, 0xff, 0xff, 0xff, 0xf7,
    0x0, 0x0, 0x0, 0x0, 0x0, 0x0, 0x0, 0x0,
    0x2, 0xad, 0xec, 0xa5, 0x0, 0x0, 0x0, 0x0,
    0x0, 0x0, 0x0, 0x0, 0x0, 0x0, 0x0, 0x0,
    0x0, 0x0, 0x0, 0x0, 0x0, 0x0, 0x0, 0x0,
    0x0,

    /* U+FEB7 "ﺷ" */
    0x0, 0x0, 0x0, 0x0, 0x1, 0x0, 0x0, 0x0,
    0x0, 0x0, 0x0, 0x0, 0xad, 0x10, 0x0, 0x0,
    0x0, 0x0, 0x0, 0x0, 0xbe, 0x10, 0x0, 0x0,
    0x0, 0x0, 0x0, 0x25, 0x1, 0x25, 0x0, 0x0,
    0x0, 0x0, 0x2, 0xef, 0x52, 0xef, 0x50, 0x0,
    0x0, 0x0, 0x1, 0xdf, 0x41, 0xdf, 0x30, 0x0,
    0x0, 0x0, 0x0, 0x13, 0x0, 0x13, 0x3, 0x30,
    0x0, 0x0, 0x0, 0x0, 0x0, 0x0, 0xef, 0xa0,
    0x0, 0x6, 0x84, 0x0, 0x88, 0x30, 0xbf, 0xe0,
    0x0, 0xd, 0xf8, 0x0, 0xff, 0x60, 0x7f, 0xf2,
    0x0, 0xd, 0xf8, 0x0, 0xff, 0x60, 0x3f, 0xf5,
    0x0, 0xe, 0xfa, 0x1, 0xff, 0x70, 0x3f, 0xf5,
    0x1d, 0xef, 0xff, 0xef, 0xff, 0xfd, 0xff, 0xf2,
    0x1f, 0xff, 0xff, 0xff, 0xff, 0xff, 0xff, 0xa0,
    0x1f, 0xe9, 0x3b, 0xfd, 0x74, 0xcf, 0xe8, 0x0,

    /* U+FEB8 "ﺸ" */
    0x0, 0x0, 0x0, 0x0, 0x64, 0x0, 0x0, 0x0,
    0x0, 0x0, 0x0, 0x0, 0x2f, 0xf1, 0x0, 0x0,
    0x0, 0x0, 0x0, 0x0, 0x0, 0x65, 0x0, 0x0,
    0x0, 0x0, 0x0, 0x0, 0xb, 0xa0, 0xb, 0xa0,
    0x0, 0x0, 0x0, 0x0, 0x6, 0xff, 0x57, 0xff,
    0x50, 0x0, 0x0, 0x0, 0x0, 0x9, 0x80, 0x9,
    0x70, 0x0, 0x0, 0x0, 0x0, 0x0, 0x0, 0x0,
    0x0, 0x0, 0x0, 0x0, 0x1, 0x88, 0x10, 0x28,
    0x80, 0x9, 0xe5, 0x0, 0x0, 0x3f, 0xf2, 0x5,
    0xff, 0x0, 0xdf, 0x90, 0x0, 0x3, 0xff, 0x20,
    0x5f, 0xf0, 0x9, 0xfd, 0x0, 0x0, 0x5f, 0xf4,
    0x7, 0xff, 0x20, 0x8f, 0xf7, 0x1, 0xdf, 0xff,
    0xfd, 0xff, 0xff, 0xef, 0xff, 0xfd, 0x1f, 0xff,
    0xff, 0xff, 0xff, 0xff, 0xff, 0xff, 0xe1, 0xfd,
    0x55, 0xdf, 0xd4, 0x6d, 0xfd, 0x53, 0xbd,

    /* U+FEB9 "ﺹ" */
    0x0, 0x0, 0x0, 0x0, 0x0, 0x0, 0x0, 0x0,
    0x0, 0x8, 0xcc, 0x70, 0x0, 0x0, 0x0, 0x0,
    0x0, 0x0, 0x0, 0x0, 0x0, 0x1, 0xdf, 0xff,
    0xfc, 0x0, 0x0, 0x0, 0x0, 0x0, 0x0, 0x7a,
    0x80, 0x0, 0xc, 0xff, 0xff, 0xff, 0x80, 0x2,
    0x30, 0x0, 0x0, 0x0, 0xcf, 0xc0, 0x0, 0x9f,
    0xfb, 0x12, 0xef, 0xe0, 0x7, 0xfc, 0x10, 0x0,
    0x0, 0xaf, 0xe0, 0x4, 0xff, 0xe1, 0x0, 0x8f,
    0xf0, 0xb, 0xfe, 0x0, 0x0, 0x0, 0x7f, 0xf3,
    0x1e, 0xff, 0x40, 0x0, 0xcf, 0xf0, 0xe, 0xfa,
    0x0, 0x0, 0x0, 0x5f, 0xff, 0xef, 0xff, 0xdd,
    0xdf, 0xff, 0xa0, 0xf, 0xf8, 0x0, 0x0, 0x0,
    0x3f, 0xff, 0xff, 0xff, 0xff, 0xff, 0xfe, 0x10,
    0xf, 0xf9, 0x0, 0x0, 0x0, 0x1f, 0xff, 0xff,
    0xff, 0xff, 0xfe, 0xa1, 0x0, 0xd, 0xfd, 0x0,
    0x0, 0x0, 0x4f, 0xf6, 0x0, 0x0, 0x0, 0x0,
    0x0, 0x0, 0x8, 0xff, 0xa2, 0x2, 0x6a, 0xff,
    0xf3, 0x0, 0x0, 0x0, 0x0, 0x0, 0x0, 0x1,
    0xff, 0xff, 0xff, 0xff, 0xff, 0xa0, 0x0, 0x0,
    0x0, 0x0, 0x0, 0x0, 0x0, 0x5f, 0xff, 0xff,
    0xff, 0xf7, 0x0, 0x0, 0x0, 0x0, 0x0, 0x0,
    0x0, 0x0, 0x2, 0xad, 0xec, 0xa5, 0x0, 0x0,
    0x0, 0x0, 0x0, 0x0, 0x0, 0x0, 0x0, 0x0,
    0x0, 0x0, 0x0, 0x0, 0x0, 0x0, 0x0, 0x0,
    0x0, 0x0, 0x0,

    /* U+FEBA "ﺺ" */
    0x0, 0x0, 0x0, 0x0, 0x0, 0x0, 0x0, 0x0,
    0x0, 0x18, 0xcc, 0x70, 0x0, 0x0, 0x0, 0x0,
    0x0, 0x0, 0x0, 0x0, 0x0, 0x0, 0x1d, 0xff,
    0xff, 0xc0, 0x0, 0x0, 0x0, 0x0, 0x0, 0x0,
    0x7a, 0x80, 0x0, 0xc, 0xff, 0xff, 0xff, 0x80,
    0x0, 0x23, 0x0, 0x0, 0x0, 0xc, 0xfc, 0x0,
    0x9, 0xff, 0xc1, 0x2e, 0xfe, 0x0, 0x7, 0xfc,
    0x10, 0x0, 0x0, 0xaf, 0xe0, 0x4, 0xff, 0xe1,
    0x0, 0x8f, 0xf0, 0x0, 0xbf, 0xe0, 0x0, 0x0,
    0x7, 0xff, 0x31, 0xef, 0xf4, 0x0, 0xc, 0xff,
    0x0, 0xe, 0xfa, 0x0, 0x0, 0x0, 0x5f, 0xff,
    0xef, 0xff, 0xdd, 0xdf, 0xff, 0xff, 0x60, 0xff,
    0x80, 0x0, 0x0, 0x3, 0xff, 0xff, 0xff, 0xff,
    0xff, 0xff, 0xff, 0xf7, 0xf, 0xf9, 0x0, 0x0,
    0x0, 0x1f, 0xff, 0xff, 0xff, 0xff, 0xfe, 0x92,
    0x9e, 0x70, 0xdf, 0xd0, 0x0, 0x0, 0x4, 0xff,
    0x60, 0x0, 0x0, 0x0, 0x0, 0x0, 0x0, 0x8,
    0xff, 0xa2, 0x2, 0x6a, 0xff, 0xf3, 0x0, 0x0,
    0x0, 0x0, 0x0, 0x0, 0x0, 0x1f, 0xff, 0xff,
    0xff, 0xff, 0xfa, 0x0, 0x0, 0x0, 0x0, 0x0,
    0x0, 0x0, 0x0, 0x5f, 0xff, 0xff, 0xff, 0xf7,
    0x0, 0x0, 0x0, 0x0, 0x0, 0x0, 0x0, 0x0,
    0x0, 0x2a, 0xde, 0xca, 0x50, 0x0, 0x0, 0x0,
    0x0, 0x0, 0x0, 0x0, 0x0, 0x0, 0x0, 0x0,
    0x0, 0x0, 0x0, 0x0, 0x0, 0x0, 0x0, 0x0,
    0x0, 0x0, 0x0,

    /* U+FEBB "ﺻ" */
    0x0, 0x0, 0x0, 0x0, 0x0, 0x7c, 0xc8, 0x10,
    0x0, 0x0, 0x0, 0x0, 0x0, 0xcf, 0xff, 0xfd,
    0x10, 0x0, 0x2a, 0x82, 0x0, 0xbf, 0xff, 0xff,
    0xf9, 0x0, 0x4, 0xff, 0x40, 0x7f, 0xfc, 0x22,
    0xdf, 0xf0, 0x0, 0x5f, 0xf2, 0x3f, 0xfe, 0x10,
    0x7, 0xff, 0x10, 0x9, 0xff, 0x3d, 0xff, 0x50,
    0x0, 0xbf, 0xf0, 0x1e, 0xff, 0xff, 0xff, 0xfd,
    0xdd, 0xff, 0xfb, 0x1, 0xff, 0xff, 0xff, 0xff,
    0xff, 0xff, 0xfe, 0x20, 0x1e, 0xb5, 0xbf, 0xff,
    0xff, 0xff, 0xfa, 0x20, 0x0,

    /* U+FEBC "ﺼ" */
    0x0, 0x0, 0x0, 0x0, 0x0, 0x7c, 0xc8, 0x0,
    0x0, 0x0, 0x0, 0x0, 0x0, 0xc, 0xff, 0xff,
    0xd1, 0x0, 0x0, 0x2a, 0x82, 0x0, 0xbf, 0xff,
    0xff, 0xf9, 0x0, 0x0, 0x4f, 0xf4, 0x7, 0xff,
    0xc2, 0x2d, 0xff, 0x0, 0x0, 0x5f, 0xf2, 0x3f,
    0xfe, 0x10, 0x7, 0xff, 0x10, 0x0, 0x9f, 0xf3,
    0xdf, 0xf5, 0x0, 0xb, 0xff, 0x20, 0x1e, 0xff,
    0xff, 0xff, 0xfd, 0xdd, 0xff, 0xff, 0xf7, 0x1f,
    0xff, 0xff, 0xff, 0xff, 0xff, 0xff, 0xff, 0xf9,
    0x1e, 0xb5, 0xbf, 0xff, 0xff, 0xff, 0xea, 0x38,
    0xd8,

    /* U+FEBD "ﺽ" */
    0x0, 0x0, 0x0, 0x0, 0x0, 0x0, 0x0, 0x0,
    0x0, 0x0, 0xb4, 0x0, 0x0, 0x0, 0x0, 0x0,
    0x0, 0x0, 0x0, 0x0, 0x0, 0x0, 0xb, 0xff,
    0x30, 0x0, 0x0, 0x0, 0x0, 0x0, 0x0, 0x0,
    0x0, 0x0, 0x0, 0x7, 0xfd, 0x10, 0x0, 0x0,
    0x0, 0x0, 0x0, 0x0, 0x0, 0x0, 0x0, 0x0,
    0x0, 0x61, 0x0, 0x0, 0x0, 0x0, 0x0, 0x0,
    0x0, 0x0, 0x0, 0x0, 0x0, 0x0, 0x0, 0x0,
    0x0, 0x0, 0x0, 0x0, 0x0, 0x0, 0x0, 0x0,
    0x0, 0x0, 0x8, 0xcc, 0x70, 0x0, 0x0, 0x0,
    0x0, 0x0, 0x0, 0x0, 0x0, 0x0, 0x1, 0xdf,
    0xff, 0xfc, 0x0, 0x0, 0x0, 0x0, 0x0, 0x0,
    0x7a, 0x80, 0x0, 0xc, 0xff, 0xff, 0xff, 0x80,
    0x2, 0x30, 0x0, 0x0, 0x0, 0xcf, 0xc0, 0x0,
    0x9f, 0xfb, 0x12, 0xef, 0xe0, 0x7, 0xfc, 0x10,
    0x0, 0x0, 0xaf, 0xe0, 0x4, 0xff, 0xe1, 0x0,
    0x8f, 0xf0, 0xb, 0xfe, 0x0, 0x0, 0x0, 0x7f,
    0xf3, 0x1e, 0xff, 0x40, 0x0, 0xcf, 0xf0, 0xe,
    0xfa, 0x0, 0x0, 0x0, 0x5f, 0xff, 0xef, 0xff,
    0xdd, 0xdf, 0xff, 0xa0, 0xf, 0xf8, 0x0, 0x0,
    0x0, 0x3f, 0xff, 0xff, 0xff, 0xff, 0xff, 0xfe,
    0x10, 0xf, 0xf9, 0x0, 0x0, 0x0, 0x1f, 0xff,
    0xff, 0xff, 0xff, 0xfe, 0xa1, 0x0, 0xd, 0xfd,
    0x0, 0x0, 0x0, 0x4f, 0xf6, 0x0, 0x0, 0x0,
    0x0, 0x0, 0x0, 0x8, 0xff, 0xa2, 0x2, 0x6a,
    0xff, 0xf3, 0x0, 0x0, 0x0, 0x0, 0x0, 0x0,
    0x1, 0xff, 0xff, 0xff, 0xff, 0xff, 0xa0, 0x0,
    0x0, 0x0, 0x0, 0x0, 0x0, 0x0, 0x5f, 0xff,
    0xff, 0xff, 0xf7, 0x0, 0x0, 0x0, 0x0, 0x0,
    0x0, 0x0, 0x0, 0x2, 0xad, 0xec, 0xa5, 0x0,
    0x0, 0x0, 0x0, 0x0, 0x0, 0x0, 0x0, 0x0,
    0x0, 0x0, 0x0, 0x0, 0x0, 0x0, 0x0, 0x0,
    0x0, 0x0, 0x0, 0x0,

    /* U+FEBE "ﺾ" */
    0x0, 0x0, 0x0, 0x0, 0x0, 0x0, 0x0, 0x0,
    0x0, 0x1, 0xb2, 0x0, 0x0, 0x0, 0x0, 0x0,
    0x0, 0x0, 0x0, 0x0, 0x0, 0x0, 0x1, 0xdf,
    0xe1, 0x0, 0x0, 0x0, 0x0, 0x0, 0x0, 0x0,
    0x0, 0x0, 0x0, 0x0, 0x9, 0xfb, 0x0, 0x0,
    0x0, 0x0, 0x0, 0x0, 0x0, 0x0, 0x0, 0x0,
    0x0, 0x0, 0x6, 0x0, 0x0, 0x0, 0x0, 0x0,
    0x0, 0x0, 0x0, 0x0, 0x0, 0x0, 0x0, 0x0,
    0x0, 0x0, 0x0, 0x0, 0x0, 0x0, 0x0, 0x0,
    0x0, 0x0, 0x0, 0x0, 0x1, 0x8c, 0xc7, 0x0,
    0x0, 0x0, 0x0, 0x0, 0x0, 0x0, 0x0, 0x0,
    0x0, 0x1, 0xdf, 0xff, 0xfc, 0x0, 0x0, 0x0,
    0x0, 0x0, 0x0, 0x7, 0xa8, 0x0, 0x0, 0xcf,
    0xff, 0xff, 0xf8, 0x0, 0x2, 0x30, 0x0, 0x0,
    0x0, 0xcf, 0xc0, 0x0, 0x9f, 0xfc, 0x12, 0xef,
    0xe0, 0x0, 0x7f, 0xc1, 0x0, 0x0, 0xa, 0xfe,
    0x0, 0x4f, 0xfe, 0x10, 0x8, 0xff, 0x0, 0xb,
    0xfe, 0x0, 0x0, 0x0, 0x7f, 0xf3, 0x1e, 0xff,
    0x40, 0x0, 0xcf, 0xf0, 0x0, 0xef, 0xa0, 0x0,
    0x0, 0x5, 0xff, 0xfe, 0xff, 0xfd, 0xdd, 0xff,
    0xff, 0xf6, 0xf, 0xf8, 0x0, 0x0, 0x0, 0x3f,
    0xff, 0xff, 0xff, 0xff, 0xff, 0xff, 0xff, 0x70,
    0xff, 0x90, 0x0, 0x0, 0x1, 0xff, 0xff, 0xff,
    0xff, 0xff, 0xe9, 0x29, 0xe7, 0xd, 0xfd, 0x0,
    0x0, 0x0, 0x4f, 0xf6, 0x0, 0x0, 0x0, 0x0,
    0x0, 0x0, 0x0, 0x8f, 0xfa, 0x20, 0x26, 0xaf,
    0xff, 0x30, 0x0, 0x0, 0x0, 0x0, 0x0, 0x0,
    0x1, 0xff, 0xff, 0xff, 0xff, 0xff, 0xa0, 0x0,
    0x0, 0x0, 0x0, 0x0, 0x0, 0x0, 0x5, 0xff,
    0xff, 0xff, 0xff, 0x70, 0x0, 0x0, 0x0, 0x0,
    0x0, 0x0, 0x0, 0x0, 0x2, 0xad, 0xec, 0xa5,
    0x0, 0x0, 0x0, 0x0, 0x0, 0x0, 0x0, 0x0,
    0x0, 0x0, 0x0, 0x0, 0x0, 0x0, 0x0, 0x0,
    0x0, 0x0, 0x0, 0x0, 0x0, 0x0,

    /* U+FEBF "ﺿ" */
    0x0, 0x0, 0x0, 0x0, 0x0, 0x3, 0x0, 0x0,
    0x0, 0x0, 0x0, 0x0, 0x0, 0x6, 0xfa, 0x0,
    0x0, 0x0, 0x0, 0x0, 0x0, 0x0, 0xef, 0xf3,
    0x0, 0x0, 0x0, 0x0, 0x0, 0x0, 0x2, 0xe5,
    0x0, 0x0, 0x0, 0x0, 0x0, 0x0, 0x0, 0x0,
    0x0, 0x0, 0x0, 0x0, 0x0, 0x0, 0x0, 0x7,
    0xcc, 0x81, 0x0, 0x0, 0x0, 0x0, 0x0, 0xc,
    0xff, 0xff, 0xd1, 0x0, 0x2, 0xa8, 0x20, 0xb,
    0xff, 0xff, 0xff, 0x90, 0x0, 0x4f, 0xf4, 0x7,
    0xff, 0xc2, 0x2d, 0xff, 0x0, 0x5, 0xff, 0x23,
    0xff, 0xe1, 0x0, 0x7f, 0xf1, 0x0, 0x9f, 0xf3,
    0xdf, 0xf5, 0x0, 0xb, 0xff, 0x1, 0xef, 0xff,
    0xff, 0xff, 0xdd, 0xdf, 0xff, 0xb0, 0x1f, 0xff,
    0xff, 0xff, 0xff, 0xff, 0xff, 0xe2, 0x1, 0xeb,
    0x5b, 0xff, 0xff, 0xff, 0xff, 0xa2, 0x0,

    /* U+FEC0 "ﻀ" */
    0x0, 0x0, 0x0, 0x0, 0x0, 0x7, 0x0, 0x0,
    0x0, 0x0, 0x0, 0x0, 0x0, 0x0, 0xaf, 0xb0,
    0x0, 0x0, 0x0, 0x0, 0x0, 0x0, 0x1, 0xdf,
    0xd1, 0x0, 0x0, 0x0, 0x0, 0x0, 0x0, 0x0,
    0x1b, 0x10, 0x0, 0x0, 0x0, 0x0, 0x0, 0x0,
    0x0, 0x0, 0x0, 0x0, 0x0, 0x0, 0x0, 0x0,
    0x0, 0x0, 0x7c, 0xc8, 0x0, 0x0, 0x0, 0x0,
    0x0, 0x0, 0xc, 0xff, 0xff, 0xd1, 0x0, 0x0,
    0x2a, 0x82, 0x0, 0xbf, 0xff, 0xff, 0xf9, 0x0,
    0x0, 0x4f, 0xf4, 0x7, 0xff, 0xc2, 0x2d, 0xff,
    0x0, 0x0, 0x5f, 0xf2, 0x3f, 0xfe, 0x10, 0x7,
    0xff, 0x10, 0x0, 0x9f, 0xf3, 0xdf, 0xf5, 0x0,
    0xb, 0xff, 0x20, 0x1e, 0xff, 0xff, 0xff, 0xfd,
    0xdd, 0xff, 0xff, 0xf7, 0x1f, 0xff, 0xff, 0xff,
    0xff, 0xff, 0xff, 0xff, 0xf9, 0x1e, 0xb5, 0xbf,
    0xff, 0xff, 0xff, 0xea, 0x38, 0xd8,

    /* U+FEC1 "ﻁ" */
    0x0, 0xff, 0x90, 0x0, 0x0, 0x0, 0x0, 0xe,
    0xf9, 0x0, 0x0, 0x0, 0x0, 0x0, 0xef, 0xa0,
    0x0, 0x0, 0x0, 0x0, 0xd, 0xfb, 0x0, 0x0,
    0x0, 0x0, 0x0, 0xcf, 0xb0, 0x0, 0x0, 0x0,
    0x0, 0xc, 0xfc, 0x6, 0xbc, 0x91, 0x0, 0x0,
    0xbf, 0xda, 0xff, 0xff, 0xe2, 0x0, 0xb, 0xff,
    0xff, 0xff, 0xff, 0xc0, 0x0, 0xaf, 0xff, 0xe3,
    0x1b, 0xff, 0x20, 0x9, 0xff, 0xf3, 0x0, 0x4f,
    0xf4, 0x0, 0xbf, 0xf8, 0x0, 0x9, 0xff, 0x3d,
    0xdf, 0xff, 0xdd, 0xde, 0xff, 0xe0, 0xff, 0xff,
    0xff, 0xff, 0xff, 0xf4, 0xf, 0xff, 0xff, 0xff,
    0xff, 0xc3, 0x0,

    /* U+FEC2 "ﻂ" */
    0x0, 0xff, 0x90, 0x0, 0x0, 0x0, 0x0, 0x0,
    0xef, 0x90, 0x0, 0x0, 0x0, 0x0, 0x0, 0xef,
    0xa0, 0x0, 0x0, 0x0, 0x0, 0x0, 0xdf, 0xb0,
    0x0, 0x0, 0x0, 0x0, 0x0, 0xcf, 0xb0, 0x0,
    0x0, 0x0, 0x0, 0x0, 0xcf, 0xc0, 0x6b, 0xc9,
    0x10, 0x0, 0x0, 0xbf, 0xda, 0xff, 0xff, 0xe2,
    0x0, 0x0, 0xbf, 0xff, 0xff, 0xff, 0xfc, 0x0,
    0x0, 0xaf, 0xff, 0xe3, 0x1b, 0xff, 0x20, 0x0,
    0x9f, 0xff, 0x30, 0x4, 0xff, 0x40, 0x0, 0xbf,
    0xf8, 0x0, 0x9, 0xff, 0x30, 0xdd, 0xff, 0xfd,
    0xdd, 0xef, 0xff, 0xe2, 0xff, 0xff, 0xff, 0xff,
    0xff, 0xff, 0xf2, 0xff, 0xff, 0xff, 0xff, 0xfb,
    0x6b, 0xf2,

    /* U+FEC3 "ﻃ" */
    0x0, 0x1f, 0xf7, 0x0, 0x0, 0x0, 0x0, 0x0,
    0xf, 0xf8, 0x0, 0x0, 0x0, 0x0, 0x0, 0xf,
    0xf8, 0x0, 0x0, 0x0, 0x0, 0x0, 0xf, 0xf9,
    0x0, 0x0, 0x0, 0x0, 0x0, 0xe, 0xfa, 0x0,
    0x0, 0x0, 0x0, 0x0, 0xd, 0xfa, 0x7, 0xcc,
    0x81, 0x0, 0x0, 0xd, 0xfc, 0xcf, 0xff, 0xfe,
    0x10, 0x0, 0xc, 0xff, 0xff, 0xff, 0xff, 0xb0,
    0x0, 0xc, 0xff, 0xfd, 0x21, 0xcf, 0xf1, 0x0,
    0xb, 0xff, 0xf2, 0x0, 0x5f, 0xf3, 0x0, 0xd,
    0xff, 0x70, 0x0, 0xaf, 0xf2, 0x1d, 0xdf, 0xff,
    0xdd, 0xde, 0xff, 0xc0, 0x1f, 0xff, 0xff, 0xff,
    0xff, 0xff, 0x30, 0x1f, 0xff, 0xff, 0xff, 0xff,
    0xb2, 0x0,

    /* U+FEC4 "ﻄ" */
    0x0, 0x1f, 0xf7, 0x0, 0x0, 0x0, 0x0, 0x0,
    0x0, 0xff, 0x80, 0x0, 0x0, 0x0, 0x0, 0x0,
    0xf, 0xf8, 0x0, 0x0, 0x0, 0x0, 0x0, 0x0,
    0xff, 0x90, 0x0, 0x0, 0x0, 0x0, 0x0, 0xe,
    0xfa, 0x0, 0x0, 0x0, 0x0, 0x0, 0x0, 0xdf,
    0xa0, 0x7c, 0xc8, 0x10, 0x0, 0x0, 0xd, 0xfc,
    0xcf, 0xff, 0xfe, 0x10, 0x0, 0x0, 0xcf, 0xff,
    0xff, 0xff, 0xfa, 0x0, 0x0, 0xc, 0xff, 0xfd,
    0x21, 0xcf, 0xf1, 0x0, 0x0, 0xbf, 0xff, 0x20,
    0x5, 0xff, 0x30, 0x0, 0xd, 0xff, 0x70, 0x0,
    0xaf, 0xf3, 0x1, 0xdd, 0xff, 0xfd, 0xdd, 0xef,
    0xff, 0xf8, 0x1f, 0xff, 0xff, 0xff, 0xff, 0xff,
    0xff, 0xa1, 0xff, 0xff, 0xff, 0xff, 0xeb, 0x37,
    0xda,

    /* U+FEC5 "ﻅ" */
    0x0, 0x0, 0x0, 0x0, 0x0, 0x0, 0x0, 0xf,
    0xf9, 0x0, 0x2d, 0x30, 0x0, 0x0, 0xef, 0x90,
    0x1e, 0xfe, 0x20, 0x0, 0xe, 0xfa, 0x0, 0x8f,
    0x90, 0x0, 0x0, 0xdf, 0xb0, 0x0, 0x50, 0x0,
    0x0, 0xc, 0xfb, 0x0, 0x0, 0x0, 0x0, 0x0,
    0xcf, 0xc0, 0x6b, 0xc9, 0x10, 0x0, 0xb, 0xfd,
    0xaf, 0xff, 0xfe, 0x20, 0x0, 0xbf, 0xff, 0xff,
    0xff, 0xfc, 0x0, 0xa, 0xff, 0xfe, 0x31, 0xbf,
    0xf2, 0x0, 0x9f, 0xff, 0x30, 0x4, 0xff, 0x40,
    0xb, 0xff, 0x80, 0x0, 0x9f, 0xf3, 0xdd, 0xff,
    0xfd, 0xdd, 0xef, 0xfe, 0xf, 0xff, 0xff, 0xff,
    0xff, 0xff, 0x40, 0xff, 0xff, 0xff, 0xff, 0xfc,
    0x30, 0x0,

    /* U+FEC6 "ﻆ" */
    0x0, 0x0, 0x0, 0x0, 0x0, 0x0, 0x0, 0x0,
    0xff, 0x90, 0x2, 0xd3, 0x0, 0x0, 0x0, 0xef,
    0x90, 0x1e, 0xfe, 0x20, 0x0, 0x0, 0xef, 0xa0,
    0x8, 0xf9, 0x0, 0x0, 0x0, 0xdf, 0xb0, 0x0,
    0x50, 0x0, 0x0, 0x0, 0xcf, 0xb0, 0x0, 0x0,
    0x0, 0x0, 0x0, 0xcf, 0xc0, 0x6b, 0xc9, 0x10,
    0x0, 0x0, 0xbf, 0xda, 0xff, 0xff, 0xe2, 0x0,
    0x0, 0xbf, 0xff, 0xff, 0xff, 0xfc, 0x0, 0x0,
    0xaf, 0xff, 0xe3, 0x1b, 0xff, 0x20, 0x0, 0x9f,
    0xff, 0x30, 0x4, 0xff, 0x40, 0x0, 0xbf, 0xf8,
    0x0, 0x9, 0xff, 0x30, 0xdd, 0xff, 0xfd, 0xdd,
    0xef, 0xff, 0xe2, 0xff, 0xff, 0xff, 0xff, 0xff,
    0xff, 0xf2, 0xff, 0xff, 0xff, 0xff, 0xfb, 0x6b,
    0xf2,

    /* U+FEC7 "ﻇ" */
    0x0, 0x0, 0x0, 0x0, 0x0, 0x0, 0x0, 0x0,
    0x1f, 0xf7, 0x0, 0x6b, 0x0, 0x0, 0x0, 0xf,
    0xf8, 0x6, 0xff, 0xb0, 0x0, 0x0, 0xf, 0xf8,
    0x1, 0xdf, 0x40, 0x0, 0x0, 0xf, 0xf9, 0x0,
    0x13, 0x0, 0x0, 0x0, 0xe, 0xfa, 0x0, 0x0,
    0x0, 0x0, 0x0, 0xd, 0xfa, 0x7, 0xcc, 0x81,
    0x0, 0x0, 0xd, 0xfc, 0xcf, 0xff, 0xfe, 0x10,
    0x0, 0xc, 0xff, 0xff, 0xff, 0xff, 0xb0, 0x0,
    0xc, 0xff, 0xfd, 0x21, 0xcf, 0xf1, 0x0, 0xb,
    0xff, 0xf2, 0x0, 0x5f, 0xf3, 0x0, 0xd, 0xff,
    0x70, 0x0, 0xaf, 0xf2, 0x1d, 0xdf, 0xff, 0xdd,
    0xde, 0xff, 0xc0, 0x1f, 0xff, 0xff, 0xff, 0xff,
    0xff, 0x30, 0x1f, 0xff, 0xff, 0xff, 0xff, 0xb2,
    0x0,

    /* U+FEC8 "ﻈ" */
    0x0, 0x0, 0x0, 0x0, 0x0, 0x0, 0x0, 0x0,
    0x1, 0xff, 0x70, 0x8, 0xa0, 0x0, 0x0, 0x0,
    0xf, 0xf8, 0x7, 0xff, 0x90, 0x0, 0x0, 0x0,
    0xff, 0x80, 0x2e, 0xf3, 0x0, 0x0, 0x0, 0xf,
    0xf9, 0x0, 0x23, 0x0, 0x0, 0x0, 0x0, 0xef,
    0xa0, 0x0, 0x0, 0x0, 0x0, 0x0, 0xd, 0xfa,
    0x7, 0xcc, 0x81, 0x0, 0x0, 0x0, 0xdf, 0xcc,
    0xff, 0xff, 0xe1, 0x0, 0x0, 0xc, 0xff, 0xff,
    0xff, 0xff, 0xa0, 0x0, 0x0, 0xcf, 0xff, 0xd2,
    0x1c, 0xff, 0x10, 0x0, 0xb, 0xff, 0xf2, 0x0,
    0x5f, 0xf3, 0x0, 0x0, 0xdf, 0xf7, 0x0, 0xa,
    0xff, 0x30, 0x1d, 0xdf, 0xff, 0xdd, 0xde, 0xff,
    0xff, 0x81, 0xff, 0xff, 0xff, 0xff, 0xff, 0xff,
    0xfa, 0x1f, 0xff, 0xff, 0xff, 0xfe, 0xb3, 0x7d,
    0xa0,

    /* U+FEC9 "ﻉ" */
    0x0, 0x0, 0x6, 0xba, 0x84, 0x0, 0x0, 0x0,
    0xcf, 0xff, 0xfa, 0x0, 0x0, 0x8, 0xff, 0xff,
    0xf6, 0x0, 0x0, 0xe, 0xfd, 0x32, 0x51, 0x0,
    0x0, 0xf, 0xf8, 0x0, 0x0, 0x0, 0x0, 0xe,
    0xfe, 0x32, 0x58, 0x80, 0x0, 0x8, 0xff, 0xff,
    0xff, 0xe0, 0x0, 0x4e, 0xff, 0xff, 0xff, 0xf1,
    0x2, 0xff, 0xff, 0xeb, 0x85, 0x20, 0x9, 0xff,
    0x92, 0x0, 0x0, 0x0, 0xe, 0xfc, 0x0, 0x0,
    0x0, 0x0, 0xf, 0xf9, 0x0, 0x0, 0x0, 0x0,
    0xd, 0xfd, 0x0, 0x0, 0x0, 0x0, 0x8, 0xff,
    0xd7, 0x67, 0x9b, 0xc9, 0x1, 0xef, 0xff, 0xff,
    0xff, 0xfc, 0x0, 0x2c, 0xff, 0xff, 0xff, 0xfc,
    0x0, 0x0, 0x37, 0x75, 0x42, 0x0,

    /* U+FECA "ﻊ" */
    0x0, 0x1, 0x36, 0x8b, 0xc7, 0x0, 0x0, 0x2,
    0xff, 0xff, 0xff, 0xf9, 0x0, 0x0, 0x7f, 0xff,
    0xfe, 0xcf, 0xf2, 0x0, 0x7, 0xff, 0xc0, 0x0,
    0xff, 0x40, 0x0, 0xb, 0xff, 0x70, 0x9f, 0xf1,
    0x0, 0x0, 0x1e, 0xff, 0xdf, 0xf8, 0x0, 0x0,
    0x6, 0xef, 0xff, 0xf8, 0x0, 0x0, 0xa, 0xff,
    0xff, 0xff, 0xed, 0xd7, 0x8, 0xff, 0xd4, 0xaf,
    0xff, 0xff, 0x80, 0xef, 0xe1, 0x0, 0x7d, 0xef,
    0xf8, 0xf, 0xf9, 0x0, 0x0, 0x0, 0x0, 0x0,
    0xef, 0xc0, 0x0, 0x0, 0x0, 0x0, 0x9, 0xff,
    0xb6, 0x67, 0x9a, 0xba, 0x0, 0x1e, 0xff, 0xff,
    0xff, 0xff, 0xe0, 0x0, 0x3d, 0xff, 0xff, 0xff,
    0xff, 0x0, 0x0, 0x4, 0x77, 0x54, 0x31, 0x0,

    /* U+FECB "ﻋ" */
    0x0, 0x0, 0x3, 0x53, 0x0, 0x0, 0x0, 0x2c,
    0xff, 0xff, 0x30, 0x0, 0xd, 0xff, 0xff, 0xf0,
    0x0, 0x5, 0xff, 0xc8, 0x99, 0x0, 0x0, 0x8f,
    0xf1, 0x0, 0x0, 0x0, 0x7, 0xff, 0x50, 0x14,
    0x72, 0x1c, 0xdf, 0xff, 0xff, 0xff, 0x61, 0xff,
    0xff, 0xff, 0xff, 0xf9, 0x1f, 0xff, 0xff, 0xfd,
    0x96, 0x20,

    /* U+FECC "ﻌ" */
    0x0, 0x0, 0x14, 0x68, 0x60, 0x0, 0x0, 0x9f,
    0xff, 0xff, 0xfd, 0x10, 0x0, 0xff, 0xff, 0xff,
    0xff, 0x80, 0x2, 0xff, 0xf6, 0x20, 0x9f, 0xb0,
    0x0, 0x7f, 0xfc, 0x2, 0xef, 0x90, 0x0, 0xb,
    0xff, 0xbe, 0xff, 0x20, 0x1d, 0xde, 0xff, 0xff,
    0xff, 0xd7, 0x1f, 0xff, 0xff, 0xff, 0xff, 0xf8,
    0x1f, 0xec, 0x84, 0x8c, 0xef, 0xf8,

    /* U+FECD "ﻍ" */
    0x0, 0x0, 0x0, 0x20, 0x0, 0x0, 0x0, 0x0,
    0x3, 0xf9, 0x0, 0x0, 0x0, 0x0, 0xd, 0xff,
    0x40, 0x0, 0x0, 0x0, 0x2, 0xe7, 0x0, 0x0,
    0x0, 0x0, 0x0, 0x10, 0x0, 0x0, 0x0, 0x0,
    0x6, 0xba, 0x84, 0x0, 0x0, 0x0, 0xcf, 0xff,
    0xfa, 0x0, 0x0, 0x8, 0xff, 0xff, 0xf6, 0x0,
    0x0, 0xe, 0xfd, 0x32, 0x51, 0x0, 0x0, 0xf,
    0xf8, 0x0, 0x0, 0x0, 0x0, 0xe, 0xfe, 0x32,
    0x58, 0x80, 0x0, 0x8, 0xff, 0xff, 0xff, 0xe0,
    0x0, 0x4e, 0xff, 0xff, 0xff, 0xf1, 0x2, 0xff,
    0xff, 0xeb, 0x85, 0x20, 0x9, 0xff, 0x92, 0x0,
    0x0, 0x0, 0xe, 0xfc, 0x0, 0x0, 0x0, 0x0,
    0xf, 0xf9, 0x0, 0x0, 0x0, 0x0, 0xd, 0xfd,
    0x0, 0x0, 0x0, 0x0, 0x8, 0xff, 0xd7, 0x67,
    0x9b, 0xc9, 0x1, 0xef, 0xff, 0xff, 0xff, 0xfc,
    0x0, 0x2c, 0xff, 0xff, 0xff, 0xfc, 0x0, 0x0,
    0x37, 0x75, 0x42, 0x0,

    /* U+FECE "ﻎ" */
    0x0, 0x0, 0x0, 0x0, 0x0, 0x0, 0x0, 0x0,
    0x0, 0x1d, 0x80, 0x0, 0x0, 0x0, 0x0, 0xc,
    0xff, 0x60, 0x0, 0x0, 0x0, 0x0, 0x3e, 0xb0,
    0x0, 0x0, 0x0, 0x0, 0x0, 0x20, 0x0, 0x0,
    0x0, 0x0, 0x13, 0x68, 0xbc, 0x70, 0x0, 0x0,
    0x2f, 0xff, 0xff, 0xff, 0x90, 0x0, 0x7, 0xff,
    0xff, 0xec, 0xff, 0x20, 0x0, 0x7f, 0xfc, 0x0,
    0xf, 0xf4, 0x0, 0x0, 0xbf, 0xf7, 0x9, 0xff,
    0x10, 0x0, 0x1, 0xef, 0xfd, 0xff, 0x80, 0x0,
    0x0, 0x6e, 0xff, 0xff, 0x80, 0x0, 0x0, 0xaf,
    0xff, 0xff, 0xfe, 0xdd, 0x70, 0x8f, 0xfd, 0x4a,
    0xff, 0xff, 0xf8, 0xe, 0xfe, 0x10, 0x7, 0xde,
    0xff, 0x80, 0xff, 0x90, 0x0, 0x0, 0x0, 0x0,
    0xe, 0xfc, 0x0, 0x0, 0x0, 0x0, 0x0, 0x9f,
    0xfb, 0x66, 0x79, 0xab, 0xa0, 0x1, 0xef, 0xff,
    0xff, 0xff, 0xfe, 0x0, 0x3, 0xdf, 0xff, 0xff,
    0xff, 0xf0, 0x0, 0x0, 0x47, 0x75, 0x43, 0x10,
    0x0,

    /* U+FECF "ﻏ" */
    0x0, 0x0, 0x8, 0x60, 0x0, 0x0, 0x0, 0x7,
    0xff, 0x60, 0x0, 0x0, 0x0, 0x4f, 0xf3, 0x0,
    0x0, 0x0, 0x0, 0x43, 0x0, 0x0, 0x0, 0x0,
    0x3, 0x53, 0x0, 0x0, 0x0, 0x2c, 0xff, 0xff,
    0x30, 0x0, 0xd, 0xff, 0xff, 0xf0, 0x0, 0x5,
    0xff, 0xc8, 0x99, 0x0, 0x0, 0x8f, 0xf1, 0x0,
    0x0, 0x0, 0x7, 0xff, 0x50, 0x14, 0x72, 0x1c,
    0xdf, 0xff, 0xff, 0xff, 0x61, 0xff, 0xff, 0xff,
    0xff, 0xf9, 0x1f, 0xff, 0xff, 0xfd, 0x96, 0x20,

    /* U+FED0 "ﻐ" */
    0x0, 0x0, 0x0, 0x50, 0x0, 0x0, 0x0, 0x0,
    0x9, 0xf8, 0x0, 0x0, 0x0, 0x0, 0x2f, 0xfe,
    0x10, 0x0, 0x0, 0x0, 0x3, 0xd2, 0x0, 0x0,
    0x0, 0x0, 0x0, 0x0, 0x0, 0x0, 0x0, 0x0,
    0x14, 0x68, 0x60, 0x0, 0x0, 0x9f, 0xff, 0xff,
    0xfd, 0x10, 0x0, 0xff, 0xff, 0xff, 0xff, 0x80,
    0x2, 0xff, 0xf6, 0x20, 0x9f, 0xb0, 0x0, 0x7f,
    0xfc, 0x2, 0xef, 0x90, 0x0, 0xb, 0xff, 0xbe,
    0xff, 0x20, 0x1d, 0xde, 0xff, 0xff, 0xff, 0xd7,
    0x1f, 0xff, 0xff, 0xff, 0xff, 0xf8, 0x1f, 0xec,
    0x84, 0x8c, 0xef, 0xf8,

    /* U+FED1 "ﻑ" */
    0x0, 0x0, 0x0, 0x0, 0x0, 0x0, 0x4, 0xb0,
    0x0, 0x0, 0x0, 0x0, 0x0, 0x0, 0x0, 0x3,
    0xff, 0xb0, 0x0, 0x0, 0x0, 0x0, 0x0, 0x0,
    0x0, 0x1d, 0xf7, 0x0, 0x0, 0x0, 0x0, 0x0,
    0x0, 0x0, 0x0, 0x16, 0x0, 0x0, 0x0, 0x0,
    0x0, 0x0, 0x0, 0x0, 0x0, 0x0, 0x0, 0x0,
    0x0, 0x0, 0x0, 0x0, 0x0, 0x1a, 0xff, 0xc4,
    0x0, 0x0, 0x0, 0x0, 0x0, 0x0, 0xc, 0xff,
    0xff, 0xf3, 0x0, 0x0, 0x0, 0x0, 0x0, 0x3,
    0xff, 0xb9, 0xff, 0xc0, 0x0, 0x50, 0x0, 0x0,
    0x0, 0x7f, 0xd0, 0x8, 0xff, 0x10, 0x4f, 0xf4,
    0x0, 0x0, 0x8, 0xfc, 0x0, 0x3f, 0xf3, 0x8,
    0xff, 0x10, 0x0, 0x0, 0x6f, 0xfb, 0x9b, 0xff,
    0x40, 0xcf, 0xd0, 0x0, 0x0, 0x0, 0xef, 0xff,
    0xff, 0xf6, 0xe, 0xf9, 0x0, 0x0, 0x0, 0x2,
    0xae, 0xff, 0xff, 0x70, 0xef, 0xc1, 0x0, 0x0,
    0x0, 0x0, 0x0, 0x1f, 0xf7, 0xa, 0xff, 0xff,
    0xed, 0xdd, 0xdd, 0xdd, 0xdf, 0xff, 0x50, 0x1e,
    0xff, 0xff, 0xff, 0xff, 0xff, 0xff, 0xff, 0xd0,
    0x0, 0x8, 0xce, 0xff, 0xff, 0xff, 0xff, 0xfd,
    0x81, 0x0,

    /* U+FED2 "ﻒ" */
    0x0, 0x0, 0x0, 0x0, 0x0, 0x0, 0x0, 0x36,
    0x0, 0x0, 0x0, 0x0, 0x0, 0x0, 0x0, 0x0,
    0x3, 0xff, 0x60, 0x0, 0x0, 0x0, 0x0, 0x0,
    0x0, 0x0, 0x4, 0xff, 0x80, 0x0, 0x0, 0x0,
    0x0, 0x0, 0x0, 0x0, 0x0, 0x58, 0x0, 0x0,
    0x0, 0x0, 0x0, 0x0, 0x0, 0x0, 0x1, 0x32,
    0x0, 0x0, 0x0, 0x20, 0x0, 0x0, 0x0, 0x0,
    0x7f, 0xff, 0xd2, 0x0, 0x4, 0xfd, 0x30, 0x0,
    0x0, 0x7, 0xff, 0xff, 0xfd, 0x0, 0x8, 0xff,
    0x10, 0x0, 0x0, 0xe, 0xff, 0x9d, 0xff, 0x60,
    0xc, 0xfd, 0x0, 0x0, 0x0, 0x2f, 0xf7, 0x0,
    0xff, 0x90, 0xe, 0xf9, 0x0, 0x0, 0x0, 0x3f,
    0xf5, 0x0, 0xef, 0x90, 0xe, 0xfc, 0x10, 0x0,
    0x0, 0x1f, 0xff, 0x9d, 0xff, 0x60, 0xa, 0xff,
    0xff, 0xed, 0xdd, 0xdf, 0xff, 0xff, 0xff, 0xd8,
    0x1, 0xef, 0xff, 0xff, 0xff, 0xff, 0xff, 0xff,
    0xff, 0xf9, 0x0, 0x18, 0xce, 0xff, 0xff, 0xfe,
    0xd9, 0x58, 0xce, 0xf9,

    /* U+FED3 "ﻓ" */
    0x0, 0x0, 0x0, 0x0, 0x0, 0x0, 0x0, 0x3e,
    0x30, 0x0, 0x0, 0x2, 0xff, 0xe1, 0x0, 0x0,
    0x0, 0x8f, 0x80, 0x0, 0x0, 0x0, 0x4, 0x0,
    0x0, 0x0, 0x0, 0x0, 0x0, 0x0, 0x0, 0x7,
    0xef, 0xe7, 0x0, 0x0, 0x7f, 0xff, 0xff, 0x80,
    0x0, 0xef, 0xd8, 0xef, 0xf1, 0x2, 0xff, 0x20,
    0x3f, 0xf6, 0x3, 0xff, 0x10, 0xf, 0xf8, 0x1,
    0xff, 0xd9, 0xaf, 0xf9, 0x0, 0xaf, 0xff, 0xff,
    0xfa, 0x0, 0x8, 0xdf, 0xff, 0xfc, 0x0, 0x0,
    0x0, 0xc, 0xfc, 0x1d, 0xdd, 0xdd, 0xff, 0xfa,
    0x1f, 0xff, 0xff, 0xff, 0xf3, 0x1f, 0xff, 0xff,
    0xda, 0x30,

    /* U+FED4 "ﻔ" */
    0x0, 0x0, 0x0, 0x10, 0x0, 0x0, 0x0, 0x0,
    0x8e, 0x20, 0x0, 0x0, 0x0, 0x5f, 0xfd, 0x0,
    0x0, 0x0, 0x0, 0x9e, 0x30, 0x0, 0x0, 0x0,
    0x0, 0x20, 0x0, 0x0, 0x0, 0x0, 0x33, 0x0,
    0x0, 0x0, 0x4, 0xef, 0xfe, 0x50, 0x0, 0x3,
    0xff, 0xff, 0xff, 0x30, 0x0, 0xaf, 0xfb, 0xbf,
    0xfb, 0x0, 0xd, 0xfb, 0x0, 0xbf, 0xe0, 0x0,
    0xef, 0xa0, 0xa, 0xfe, 0x0, 0xb, 0xff, 0xab,
    0xff, 0xb0, 0x1d, 0xef, 0xff, 0xff, 0xfe, 0xc1,
    0xff, 0xff, 0xff, 0xff, 0xfe, 0x1f, 0xfd, 0xa6,
    0x6b, 0xef, 0xe0,

    /* U+FED5 "ﻕ" */
    0x0, 0x0, 0x0, 0x0, 0x0, 0x0, 0x0, 0x0,
    0x0, 0x0, 0x4, 0xc0, 0x4, 0xc0, 0x0, 0x0,
    0x0, 0x1, 0xff, 0xa2, 0xff, 0xa0, 0x0, 0x0,
    0x0, 0x6, 0xd1, 0x7, 0xd1, 0x0, 0x0, 0x0,
    0x0, 0x0, 0x0, 0x0, 0x0, 0x0, 0x0, 0x0,
    0x0, 0x4b, 0xc9, 0x20, 0x0, 0x0, 0x0, 0x0,
    0x5f, 0xff, 0xff, 0x30, 0x0, 0x0, 0x0, 0xe,
    0xff, 0xff, 0xfd, 0x0, 0x1, 0x10, 0x5, 0xff,
    0x80, 0x9f, 0xf5, 0x0, 0x7f, 0x90, 0x7f, 0xf1,
    0x0, 0xff, 0x90, 0xb, 0xff, 0x6, 0xff, 0x30,
    0xd, 0xfb, 0x0, 0xef, 0xb0, 0x2f, 0xff, 0xde,
    0xff, 0xd0, 0xf, 0xf9, 0x0, 0x9f, 0xff, 0xff,
    0xff, 0x0, 0xff, 0x80, 0x0, 0x8e, 0xfe, 0xff,
    0xf0, 0xd, 0xfc, 0x0, 0x0, 0x0, 0xa, 0xff,
    0x0, 0x8f, 0xf5, 0x0, 0x1, 0x5a, 0xff, 0xc0,
    0x1, 0xff, 0xfd, 0xbd, 0xff, 0xff, 0xf3, 0x0,
    0x4, 0xff, 0xff, 0xff, 0xff, 0xa2, 0x0, 0x0,
    0x2, 0x9d, 0xdc, 0x95, 0x10, 0x0, 0x0, 0x0,
    0x0, 0x0, 0x0, 0x0, 0x0, 0x0,

    /* U+FED6 "ﻖ" */
    0x0, 0x0, 0x0, 0x18, 0x0, 0x18, 0x0, 0x0,
    0x0, 0x0, 0xd, 0xfa, 0x1d, 0xf9, 0x0, 0x0,
    0x0, 0x0, 0x9f, 0x50, 0x9f, 0x50, 0x0, 0x0,
    0x0, 0x0, 0x30, 0x0, 0x30, 0x0, 0x0, 0x0,
    0x0, 0x5, 0xbc, 0xa2, 0x0, 0x0, 0x0, 0x0,
    0x6, 0xff, 0xff, 0xf3, 0x0, 0x0, 0x0, 0x1,
    0xff, 0xff, 0xff, 0xd0, 0x0, 0x23, 0x0, 0x5f,
    0xf7, 0x9, 0xff, 0x40, 0x7, 0xfc, 0x18, 0xff,
    0x0, 0xf, 0xf8, 0x0, 0xbf, 0xe0, 0x6f, 0xf2,
    0x0, 0xdf, 0xb0, 0xe, 0xfa, 0x2, 0xff, 0xfd,
    0xdf, 0xff, 0xc0, 0xff, 0x80, 0xa, 0xff, 0xff,
    0xff, 0xfe, 0xf, 0xf9, 0x0, 0x8, 0xef, 0xff,
    0xff, 0xe0, 0xdf, 0xd0, 0x0, 0x0, 0x0, 0xbf,
    0xf0, 0x8, 0xff, 0x80, 0x0, 0x48, 0xdf, 0xfc,
    0x0, 0x1f, 0xff, 0xfe, 0xff, 0xff, 0xff, 0x30,
    0x0, 0x5f, 0xff, 0xff, 0xff, 0xfb, 0x20, 0x0,
    0x0, 0x2a, 0xde, 0xca, 0x61, 0x0, 0x0, 0x0,
    0x0, 0x0, 0x0, 0x0, 0x0, 0x0, 0x0,

    /* U+FED7 "ﻗ" */
    0x0, 0x3, 0x0, 0x3, 0x0, 0x0, 0x7f, 0x70,
    0x7f, 0x70, 0x0, 0xcf, 0xb0, 0xcf, 0xb0, 0x0,
    0x8, 0x0, 0x8, 0x0, 0x0, 0x0, 0x0, 0x0,
    0x0, 0x0, 0x7, 0xef, 0xe7, 0x0, 0x0, 0x7f,
    0xff, 0xff, 0x80, 0x0, 0xef, 0xd8, 0xef, 0xf1,
    0x2, 0xff, 0x20, 0x3f, 0xf6, 0x3, 0xff, 0x10,
    0xf, 0xf8, 0x1, 0xff, 0xd9, 0xaf, 0xf9, 0x0,
    0xaf, 0xff, 0xff, 0xfa, 0x0, 0x8, 0xdf, 0xff,
    0xfc, 0x0, 0x0, 0x0, 0xc, 0xfc, 0x1d, 0xdd,
    0xdd, 0xff, 0xfa, 0x1f, 0xff, 0xff, 0xff, 0xf3,
    0x1f, 0xff, 0xff, 0xda, 0x30,

    /* U+FED8 "ﻘ" */
    0x0, 0x0, 0x0, 0x0, 0x0, 0x0, 0x0, 0x7d,
    0x10, 0x7d, 0x10, 0x0, 0x2f, 0xf9, 0x2f, 0xf9,
    0x0, 0x0, 0x5b, 0x0, 0x5b, 0x0, 0x0, 0x0,
    0x0, 0x0, 0x0, 0x0, 0x0, 0x0, 0x33, 0x0,
    0x0, 0x0, 0x4, 0xef, 0xfe, 0x50, 0x0, 0x3,
    0xff, 0xff, 0xff, 0x30, 0x0, 0xaf, 0xfb, 0xbf,
    0xfb, 0x0, 0xd, 0xfb, 0x0, 0xbf, 0xe0, 0x0,
    0xef, 0xa0, 0xa, 0xfe, 0x0, 0xb, 0xff, 0xab,
    0xff, 0xb0, 0x1d, 0xef, 0xff, 0xff, 0xfe, 0xc1,
    0xff, 0xff, 0xff, 0xff, 0xfe, 0x1f, 0xfd, 0xa6,
    0x6b, 0xef, 0xe0,

    /* U+FED9 "ﻙ" */
    0x0, 0x0, 0x0, 0x0, 0x0, 0x0, 0x0, 0x0,
    0x0, 0x0, 0x0, 0x0, 0x0, 0x0, 0x0, 0x0,
    0x0, 0x27, 0xd2, 0x0, 0x0, 0x0, 0x0, 0x0,
    0x0, 0x6, 0xcf, 0xff, 0x80, 0x0, 0x0, 0x0,
    0x0, 0x1, 0xaf, 0xff, 0xff, 0xfa, 0x0, 0x0,
    0x0, 0x0, 0x0, 0x7f, 0xff, 0xfd, 0x71, 0x0,
    0x0, 0x0, 0x0, 0x0, 0xb, 0xff, 0xb3, 0x0,
    0x0, 0x0, 0x0, 0x0, 0x0, 0x0, 0x4f, 0xfe,
    0x0, 0x0, 0x0, 0x2, 0x0, 0x0, 0x0, 0x0,
    0x9f, 0xf9, 0x0, 0x0, 0x4, 0xfd, 0x30, 0x0,
    0x0, 0x0, 0xdf, 0xf4, 0x0, 0x0, 0x8f, 0xf1,
    0x0, 0x0, 0x0, 0x3, 0xff, 0xe1, 0x0, 0xc,
    0xfd, 0x0, 0x0, 0x0, 0x0, 0x7, 0xff, 0x90,
    0x0, 0xef, 0x90, 0x0, 0x0, 0x0, 0x0, 0xc,
    0xff, 0x10, 0xe, 0xfc, 0x10, 0x0, 0x0, 0x0,
    0x0, 0x5f, 0xf4, 0x0, 0xaf, 0xff, 0xfe, 0xdd,
    0xdd, 0xdd, 0xdf, 0xff, 0x40, 0x1, 0xef, 0xff,
    0xff, 0xff, 0xff, 0xff, 0xff, 0xd0, 0x0, 0x1,
    0x8c, 0xef, 0xff, 0xff, 0xff, 0xff, 0xb2, 0x0,

    /* U+FEDA "ﻚ" */
    0x0, 0x0, 0x0, 0x0, 0x0, 0x0, 0x0, 0x0,
    0x0, 0x0, 0x0, 0x0, 0x0, 0x0, 0x0, 0x0,
    0x0, 0x0, 0x17, 0xd3, 0x0, 0x0, 0x0, 0x0,
    0x0, 0x0, 0x0, 0x6, 0xbf, 0xff, 0x80, 0x0,
    0x0, 0x0, 0x0, 0x0, 0x1, 0xaf, 0xff, 0xff,
    0xfa, 0x0, 0x0, 0x0, 0x0, 0x0, 0x0, 0x7f,
    0xff, 0xfd, 0x71, 0x0, 0x0, 0x0, 0x0, 0x0,
    0x0, 0xa, 0xff, 0xb3, 0x0, 0x0, 0x0, 0x0,
    0x0, 0x0, 0x0, 0x0, 0x4f, 0xfe, 0x10, 0x0,
    0x0, 0x0, 0x2, 0x0, 0x0, 0x0, 0x0, 0x8f,
    0xfa, 0x0, 0x0, 0x0, 0x4, 0xfd, 0x30, 0x0,
    0x0, 0x0, 0xdf, 0xf5, 0x0, 0x0, 0x0, 0x8f,
    0xf1, 0x0, 0x0, 0x0, 0x2, 0xff, 0xe1, 0x0,
    0x0, 0xc, 0xfd, 0x0, 0x0, 0x0, 0x0, 0x6,
    0xff, 0xa0, 0x0, 0x0, 0xef, 0x90, 0x0, 0x0,
    0x0, 0x0, 0xb, 0xff, 0x50, 0x0, 0xe, 0xfc,
    0x10, 0x0, 0x0, 0x0, 0x0, 0x4f, 0xff, 0x30,
    0x0, 0xaf, 0xff, 0xfe, 0xdd, 0xdd, 0xdd, 0xdf,
    0xff, 0xff, 0xe0, 0x1, 0xef, 0xff, 0xff, 0xff,
    0xff, 0xff, 0xff, 0xef, 0xff, 0x0, 0x1, 0x8c,
    0xef, 0xff, 0xff, 0xff, 0xff, 0xb2, 0x4c, 0xf0,

    /* U+FEDB "ﻛ" */
    0x0, 0x0, 0x0, 0x0, 0x0, 0x0, 0x0, 0x0,
    0x0, 0x6b, 0x70, 0x0, 0x0, 0x4a, 0xff, 0xfd,
    0x0, 0x8, 0xef, 0xff, 0xff, 0xd1, 0x2, 0xff,
    0xff, 0xe9, 0x30, 0x0, 0x6f, 0xfe, 0x50, 0x0,
    0x0, 0x1, 0xef, 0xf4, 0x0, 0x0, 0x0, 0x4,
    0xff, 0xe0, 0x0, 0x0, 0x0, 0x8, 0xff, 0x90,
    0x0, 0x0, 0x0, 0xd, 0xff, 0x40, 0x0, 0x0,
    0x0, 0x2f, 0xfe, 0x0, 0x0, 0x0, 0x0, 0x6f,
    0xf6, 0x0, 0x0, 0x0, 0x0, 0xff, 0x90, 0x1,
    0xdd, 0xdd, 0xef, 0xf9, 0x0, 0x1f, 0xff, 0xff,
    0xff, 0x30, 0x1, 0xff, 0xff, 0xfc, 0x40, 0x0,

    /* U+FEDC "ﻜ" */
    0x0, 0x0, 0x0, 0x0, 0x0, 0x0, 0x0, 0x0,
    0x0, 0x6, 0xb7, 0x0, 0x0, 0x0, 0x4a, 0xff,
    0xfd, 0x0, 0x0, 0x8e, 0xff, 0xff, 0xfd, 0x10,
    0x2, 0xff, 0xff, 0xe9, 0x30, 0x0, 0x6, 0xff,
    0xe5, 0x0, 0x0, 0x0, 0x1, 0xef, 0xf4, 0x0,
    0x0, 0x0, 0x0, 0x4f, 0xfe, 0x0, 0x0, 0x0,
    0x0, 0x8, 0xff, 0x90, 0x0, 0x0, 0x0, 0x0,
    0xdf, 0xf4, 0x0, 0x0, 0x0, 0x0, 0x2f, 0xfe,
    0x0, 0x0, 0x0, 0x0, 0x6, 0xff, 0x90, 0x0,
    0x0, 0x0, 0x0, 0xff, 0xf7, 0x0, 0x1d, 0xdd,
    0xde, 0xff, 0xff, 0xe4, 0x1f, 0xff, 0xff, 0xff,
    0xef, 0xf5, 0x1f, 0xff, 0xff, 0xc4, 0x1a, 0xf5,

    /* U+FEDD "ﻝ" */
    0x0, 0x0, 0x0, 0x0, 0x0, 0xaf, 0xe0, 0x0,
    0x0, 0x0, 0x0, 0x0, 0x9f, 0xf0, 0x0, 0x0,
    0x0, 0x0, 0x0, 0x8f, 0xf0, 0x0, 0x0, 0x0,
    0x0, 0x0, 0x8f, 0xf0, 0x0, 0x0, 0x0, 0x0,
    0x0, 0x7f, 0xf1, 0x0, 0x0, 0x0, 0x0, 0x0,
    0x6f, 0xf1, 0x0, 0x0, 0x0, 0x0, 0x0, 0x6f,
    0xf2, 0x0, 0x0, 0x0, 0x0, 0x0, 0x5f, 0xf3,
    0x2, 0x20, 0x0, 0x0, 0x0, 0x5f, 0xf3, 0x8,
    0xfc, 0x0, 0x0, 0x0, 0x4f, 0xf4, 0xc, 0xfd,
    0x0, 0x0, 0x0, 0x3f, 0xf5, 0xf, 0xfa, 0x0,
    0x0, 0x0, 0x3f, 0xf5, 0xf, 0xf8, 0x0, 0x0,
    0x0, 0x2f, 0xf6, 0xe, 0xf9, 0x0, 0x0, 0x0,
    0x2f, 0xf6, 0xc, 0xfd, 0x0, 0x0, 0x0, 0x7f,
    0xf4, 0x7, 0xff, 0xa2, 0x3, 0x7c, 0xff, 0xf0,
    0x1, 0xef, 0xff, 0xff, 0xff, 0xff, 0x50, 0x0,
    0x3e, 0xff, 0xff, 0xff, 0xc3, 0x0, 0x0, 0x0,
    0x7b, 0xba, 0x62, 0x0, 0x0, 0x0, 0x0, 0x0,
    0x0, 0x0, 0x0, 0x0,

    /* U+FEDE "ﻞ" */
    0x0, 0x0, 0x0, 0x0, 0x0, 0xaf, 0xe0, 0x0,
    0x0, 0x0, 0x0, 0x0, 0x9, 0xff, 0x0, 0x0,
    0x0, 0x0, 0x0, 0x0, 0x8f, 0xf0, 0x0, 0x0,
    0x0, 0x0, 0x0, 0x8, 0xff, 0x0, 0x0, 0x0,
    0x0, 0x0, 0x0, 0x7f, 0xf1, 0x0, 0x0, 0x0,
    0x0, 0x0, 0x6, 0xff, 0x10, 0x0, 0x0, 0x0,
    0x0, 0x0, 0x6f, 0xf2, 0x0, 0x0, 0x0, 0x0,
    0x0, 0x5, 0xff, 0x30, 0x1, 0x10, 0x0, 0x0,
    0x0, 0x5f, 0xf3, 0x0, 0x7f, 0x90, 0x0, 0x0,
    0x4, 0xff, 0x40, 0xc, 0xfe, 0x0, 0x0, 0x0,
    0x3f, 0xf6, 0x0, 0xef, 0xa0, 0x0, 0x0, 0x3,
    0xff, 0xfd, 0xf, 0xf8, 0x0, 0x0, 0x0, 0x2f,
    0xff, 0xf0, 0xff, 0x80, 0x0, 0x0, 0x2, 0xff,
    0xee, 0xc, 0xfc, 0x0, 0x0, 0x0, 0x6f, 0xf5,
    0x0, 0x8f, 0xf7, 0x0, 0x4, 0x9f, 0xff, 0x10,
    0x2, 0xff, 0xff, 0xef, 0xff, 0xff, 0x80, 0x0,
    0x5, 0xff, 0xff, 0xff, 0xfe, 0x60, 0x0, 0x0,
    0x2, 0xae, 0xfd, 0xa5, 0x0, 0x0, 0x0, 0x0,
    0x0, 0x0, 0x0, 0x0, 0x0, 0x0,

    /* U+FEDF "ﻟ" */
    0x0, 0xbf, 0xd0, 0x0, 0xaf, 0xd0, 0x0, 0xaf,
    0xe0, 0x0, 0x9f, 0xe0, 0x0, 0x8f, 0xf0, 0x0,
    0x8f, 0xf0, 0x0, 0x7f, 0xf0, 0x0, 0x7f, 0xf1,
    0x0, 0x6f, 0xf2, 0x0, 0x5f, 0xf2, 0x0, 0x7f,
    0xf2, 0x1d, 0xff, 0xf0, 0x2f, 0xff, 0x70, 0x2f,
    0xd6, 0x0,

    /* U+FEE0 "ﻠ" */
    0x0, 0xbf, 0xd0, 0x0, 0xa, 0xfd, 0x0, 0x0,
    0xaf, 0xe0, 0x0, 0x9, 0xfe, 0x0, 0x0, 0x8f,
    0xf0, 0x0, 0x8, 0xff, 0x0, 0x0, 0x7f, 0xf0,
    0x0, 0x7, 0xff, 0x10, 0x0, 0x6f, 0xf2, 0x0,
    0x5, 0xff, 0x20, 0x0, 0x7f, 0xf5, 0x1, 0xdf,
    0xff, 0xfc, 0x2f, 0xff, 0xff, 0xe2, 0xfd, 0x66,
    0xdd,

    /* U+FEE1 "ﻡ" */
    0x0, 0x0, 0x3, 0x41, 0x0, 0x0, 0x0, 0x1c,
    0xff, 0xf6, 0x0, 0x0, 0xa, 0xff, 0xff, 0xf3,
    0x0, 0x3, 0xff, 0xc7, 0xef, 0x90, 0x4e, 0xef,
    0xf1, 0x7, 0xfb, 0xf, 0xff, 0xfd, 0x20, 0x9f,
    0xb0, 0xff, 0xff, 0xff, 0xae, 0xf8, 0xe, 0xfc,
    0xdf, 0xff, 0xff, 0x10, 0xdf, 0x90, 0x5d, 0xfe,
    0x50, 0xd, 0xf9, 0x0, 0x1, 0x0, 0x0, 0xcf,
    0xa0, 0x0, 0x0, 0x0, 0xc, 0xfb, 0x0, 0x0,
    0x0, 0x0, 0xbf, 0xc0, 0x0, 0x0, 0x0, 0xa,
    0xfd, 0x0, 0x0, 0x0, 0x0, 0xaf, 0xe0, 0x0,
    0x0, 0x0, 0x0,

    /* U+FEE2 "ﻢ" */
    0x0, 0x0, 0x4, 0x51, 0x0, 0x0, 0x0, 0x1,
    0xdf, 0xff, 0x60, 0x0, 0x0, 0xb, 0xff, 0xff,
    0xf3, 0x0, 0x0, 0x4f, 0xfb, 0x6e, 0xf9, 0x0,
    0x5e, 0xff, 0xe1, 0x7, 0xfb, 0x0, 0xff, 0xff,
    0xd3, 0x9, 0xfe, 0x10, 0xff, 0xff, 0xff, 0xbe,
    0xff, 0xf3, 0xef, 0xbc, 0xff, 0xff, 0xff, 0xf3,
    0xdf, 0x90, 0x4c, 0xfe, 0x58, 0xd3, 0xdf, 0xa0,
    0x0, 0x0, 0x0, 0x0, 0xcf, 0xa0, 0x0, 0x0,
    0x0, 0x0, 0xcf, 0xb0, 0x0, 0x0, 0x0, 0x0,
    0xbf, 0xc0, 0x0, 0x0, 0x0, 0x0, 0xaf, 0xd0,
    0x0, 0x0, 0x0, 0x0, 0xaf, 0xe0, 0x0, 0x0,
    0x0, 0x0,

    /* U+FEE3 "ﻣ" */
    0x0, 0x0, 0x0, 0x45, 0x10, 0x0, 0x0, 0x2,
    0xdf, 0xff, 0x50, 0x0, 0x0, 0xdf, 0xff, 0xff,
    0x10, 0x0, 0x6f, 0xfa, 0x7f, 0xf7, 0x0, 0xe,
    0xfd, 0x0, 0xaf, 0x90, 0x8, 0xff, 0xc2, 0xb,
    0xf9, 0x1e, 0xff, 0xff, 0xfa, 0xff, 0x51, 0xff,
    0xfd, 0xff, 0xff, 0xe0, 0x1f, 0xb3, 0x6, 0xdf,
    0xd3, 0x0, 0x0, 0x0, 0x0, 0x0, 0x0,

    /* U+FEE4 "ﻤ" */
    0x0, 0x0, 0x0, 0x45, 0x10, 0x0, 0x0, 0x0,
    0x2, 0xdf, 0xff, 0x40, 0x0, 0x0, 0x0, 0xdf,
    0xff, 0xff, 0x10, 0x0, 0x0, 0x6f, 0xfa, 0x7f,
    0xf7, 0x0, 0x0, 0xe, 0xfd, 0x0, 0xaf, 0x90,
    0x0, 0x8, 0xff, 0xc2, 0xb, 0xfd, 0x0, 0x1e,
    0xff, 0xff, 0xfa, 0xff, 0xff, 0x11, 0xff, 0xfd,
    0xff, 0xff, 0xff, 0xf2, 0x1f, 0xb3, 0x6, 0xdf,
    0xd4, 0x9e, 0x10, 0x0, 0x0, 0x0, 0x0, 0x0,
    0x0,

    /* U+FEE5 "ﻥ" */
    0x0, 0x0, 0x0, 0x21, 0x0, 0x0, 0x0, 0x0,
    0x0, 0x2, 0xed, 0x10, 0x0, 0x0, 0x0, 0x0,
    0xa, 0xff, 0x80, 0x36, 0x50, 0x1, 0x0, 0x0,
    0xb9, 0x0, 0xdf, 0xb0, 0x7, 0xfa, 0x0, 0x0,
    0x0, 0xaf, 0xe0, 0xb, 0xfe, 0x0, 0x0, 0x0,
    0x8f, 0xf0, 0xd, 0xfb, 0x0, 0x0, 0x0, 0x5f,
    0xf2, 0xf, 0xf8, 0x0, 0x0, 0x0, 0x3f, 0xf5,
    0xf, 0xf9, 0x0, 0x0, 0x0, 0x1f, 0xf6, 0xd,
    0xfd, 0x0, 0x0, 0x0, 0x3f, 0xf6, 0x8, 0xff,
    0x80, 0x0, 0x48, 0xef, 0xf3, 0x1, 0xff, 0xff,
    0xef, 0xff, 0xff, 0xa0, 0x0, 0x5f, 0xff, 0xff,
    0xff, 0xf7, 0x0, 0x0, 0x2, 0xad, 0xec, 0xa5,
    0x0, 0x0, 0x0, 0x0, 0x0, 0x0, 0x0, 0x0,
    0x0,

    /* U+FEE6 "ﻦ" */
    0x0, 0x0, 0x0, 0x21, 0x0, 0x0, 0x0, 0x0,
    0x0, 0x0, 0x2e, 0xd1, 0x0, 0x0, 0x0, 0x0,
    0x0, 0xa, 0xff, 0x80, 0x36, 0x50, 0x0, 0x10,
    0x0, 0xb, 0xa0, 0xd, 0xfb, 0x0, 0x7, 0xfa,
    0x0, 0x0, 0x0, 0xaf, 0xe0, 0x0, 0xbf, 0xe0,
    0x0, 0x0, 0x8, 0xff, 0x30, 0xd, 0xfb, 0x0,
    0x0, 0x0, 0x5f, 0xff, 0x90, 0xff, 0x80, 0x0,
    0x0, 0x3, 0xff, 0xfb, 0xf, 0xf9, 0x0, 0x0,
    0x0, 0x1f, 0xff, 0xa0, 0xdf, 0xd0, 0x0, 0x0,
    0x3, 0xff, 0x60, 0x8, 0xff, 0x80, 0x0, 0x48,
    0xef, 0xf3, 0x0, 0x1f, 0xff, 0xfe, 0xff, 0xff,
    0xfa, 0x0, 0x0, 0x5f, 0xff, 0xff, 0xff, 0xf7,
    0x0, 0x0, 0x0, 0x2a, 0xde, 0xca, 0x50, 0x0,
    0x0, 0x0, 0x0, 0x0, 0x0, 0x0, 0x0, 0x0,
    0x0,

    /* U+FEE7 "ﻧ" */
    0x0, 0x0, 0x0, 0x0, 0x0, 0x2e, 0x30, 0x0,
    0x1, 0xef, 0xf2, 0x0, 0x0, 0x8f, 0x90, 0x0,
    0x0, 0x4, 0x0, 0x0, 0x0, 0x0, 0x3, 0x0,
    0x0, 0x8, 0xfe, 0x0, 0x0, 0x7, 0xff, 0x20,
    0x0, 0x2, 0xff, 0x70, 0x0, 0x0, 0xff, 0xa0,
    0x0, 0x1, 0xff, 0xa0, 0x1d, 0xdf, 0xff, 0x70,
    0x1f, 0xff, 0xfd, 0x0, 0x1f, 0xfe, 0x91, 0x0,

    /* U+FEE8 "ﻨ" */
    0x0, 0x4, 0x0, 0x0, 0x0, 0x6f, 0xb0, 0x0,
    0x0, 0xdf, 0xf3, 0x0, 0x0, 0x1d, 0x50, 0x0,
    0x0, 0x0, 0x0, 0x0, 0x0, 0x3, 0x55, 0x0,
    0x0, 0xb, 0xfd, 0x0, 0x0, 0x9, 0xff, 0x0,
    0x0, 0x9, 0xff, 0x10, 0x1d, 0xdf, 0xff, 0xf3,
    0x1f, 0xff, 0xff, 0xf4, 0x1f, 0xfc, 0x59, 0xe4,

    /* U+FEE9 "ﻩ" */
    0x0, 0x5, 0x0, 0x0, 0x0, 0xaf, 0x70, 0x0,
    0x3, 0xff, 0xf8, 0x0, 0x7, 0xff, 0xff, 0x70,
    0x4f, 0xfe, 0xff, 0xf3, 0xbf, 0xf3, 0x4f, 0xfa,
    0xff, 0x90, 0xb, 0xfd, 0xff, 0xa0, 0xc, 0xfc,
    0xaf, 0xfd, 0xef, 0xf8, 0x2e, 0xff, 0xff, 0xd1,
    0x2, 0xbf, 0xfa, 0x10,

    /* U+FEEA "ﻪ" */
    0x0, 0x0, 0x0, 0x68, 0x50, 0x0, 0x0, 0x4,
    0x9f, 0xfb, 0x0, 0x0, 0x6e, 0xff, 0xff, 0xb0,
    0x0, 0x4f, 0xff, 0xff, 0xfb, 0x0, 0xc, 0xff,
    0x82, 0xdf, 0xb0, 0x0, 0xff, 0x90, 0xd, 0xfb,
    0x0, 0xe, 0xfe, 0x56, 0xef, 0xb0, 0x0, 0x7f,
    0xff, 0xff, 0xff, 0x30, 0x0, 0xaf, 0xff, 0xff,
    0xff, 0xd0, 0x0, 0x48, 0x74, 0xaf, 0xff, 0x0,
    0x0, 0x0, 0x0, 0x6d, 0xe0,

    /* U+FEEB "ﻫ" */
    0x0, 0x0, 0x50, 0x0, 0x0, 0x0, 0x0, 0x0,
    0x2, 0xfe, 0x60, 0x0, 0x0, 0x0, 0x0, 0x1c,
    0xff, 0xfd, 0x50, 0x0, 0x0, 0x0, 0xbf, 0xff,
    0xff, 0xfd, 0x50, 0x0, 0x2, 0xff, 0xd6, 0xcf,
    0xff, 0xfb, 0x10, 0x4, 0xff, 0x50, 0x3f, 0xff,
    0xff, 0xc0, 0x3, 0xff, 0xc2, 0x7f, 0xf7, 0xcf,
    0xf4, 0x0, 0xdf, 0xff, 0xff, 0xe0, 0x1f, 0xf7,
    0x1d, 0xef, 0xff, 0xff, 0xc3, 0x6f, 0xf5, 0x1f,
    0xff, 0xff, 0xff, 0xff, 0xff, 0xe1, 0x1f, 0xfd,
    0xa5, 0x5d, 0xff, 0xfe, 0x30, 0x0, 0x0, 0x0,
    0x0, 0x37, 0x61, 0x0,

    /* U+FEEC "ﻬ" */
    0x0, 0x0, 0x5, 0x51, 0x0, 0x0, 0x0, 0xb,
    0xff, 0xf6, 0x0, 0x0, 0x2, 0xff, 0xff, 0xf2,
    0x0, 0x0, 0x7f, 0xfa, 0xff, 0x70, 0x0, 0xc,
    0xfd, 0xd, 0xfa, 0x0, 0x1, 0xff, 0x71, 0xff,
    0x80, 0x0, 0x6f, 0xf7, 0xdf, 0xf3, 0x1, 0xde,
    0xff, 0xff, 0xff, 0xcb, 0x1f, 0xff, 0xff, 0xff,
    0xff, 0xe1, 0xff, 0xff, 0x76, 0xff, 0xfe, 0x0,
    0x9f, 0xf0, 0x8f, 0xf1, 0x0, 0x3, 0xff, 0x99,
    0xfe, 0x0, 0x0, 0xb, 0xff, 0xff, 0xe0, 0x0,
    0x0, 0x1c, 0xff, 0xfd, 0x0, 0x0, 0x0, 0x7,
    0xde, 0x20, 0x0,

    /* U+FEED "ﻭ" */
    0x0, 0x8, 0xcc, 0x70, 0x0, 0x0, 0xbf, 0xff,
    0xfc, 0x0, 0x6, 0xff, 0xff, 0xff, 0x80, 0xb,
    0xff, 0x32, 0xdf, 0xe0, 0xd, 0xfb, 0x0, 0x6f,
    0xf2, 0xc, 0xfd, 0x0, 0x3f, 0xf5, 0x8, 0xff,
    0xee, 0xff, 0xf7, 0x1, 0xef, 0xff, 0xff, 0xf8,
    0x0, 0x2b, 0xff, 0xef, 0xfa, 0x0, 0x0, 0x0,
    0xf, 0xf9, 0x0, 0x0, 0x26, 0xdf, 0xf6, 0x0,
    0x9e, 0xff, 0xff, 0xd0, 0x0, 0xaf, 0xff, 0xfa,
    0x10, 0x0, 0x7e, 0xb6, 0x10, 0x0, 0x0, 0x0,
    0x0, 0x0, 0x0,

    /* U+FEEE "ﻮ" */
    0x0, 0x8, 0xcc, 0x70, 0x0, 0x0, 0xb, 0xff,
    0xff, 0xc0, 0x0, 0x6, 0xff, 0xff, 0xff, 0x70,
    0x0, 0xbf, 0xf3, 0x2d, 0xfe, 0x0, 0xd, 0xfb,
    0x0, 0x6f, 0xf2, 0x0, 0xcf, 0xc0, 0x3, 0xff,
    0x50, 0x8, 0xff, 0xed, 0xdf, 0xfe, 0x70, 0x1e,
    0xff, 0xff, 0xff, 0xf8, 0x0, 0x2b, 0xff, 0xff,
    0xff, 0x80, 0x0, 0x0, 0x0, 0xff, 0x90, 0x0,
    0x0, 0x26, 0xdf, 0xf7, 0x0, 0x9, 0xef, 0xff,
    0xfe, 0x10, 0x0, 0xaf, 0xff, 0xfa, 0x10, 0x0,
    0x7, 0xeb, 0x61, 0x0, 0x0, 0x0, 0x0, 0x0,
    0x0, 0x0, 0x0,

    /* U+FEEF "ﻯ" */
    0x0, 0x0, 0x0, 0x0, 0x5, 0x88, 0x40, 0x0,
    0x0, 0x0, 0x0, 0xcf, 0xff, 0xf4, 0x0, 0x0,
    0x0, 0xc, 0xff, 0xff, 0xf0, 0x1, 0x0, 0x0,
    0x5f, 0xfd, 0x45, 0x70, 0x7, 0xfa, 0x0, 0xbf,
    0xe1, 0x0, 0x0, 0xb, 0xfe, 0x0, 0xff, 0xa0,
    0x0, 0x0, 0xd, 0xfb, 0x0, 0xff, 0xfa, 0x40,
    0x0, 0xf, 0xf8, 0x0, 0x9f, 0xff, 0xff, 0x70,
    0xf, 0xf9, 0x0, 0x7, 0xef, 0xff, 0xf5, 0xd,
    0xfd, 0x0, 0x0, 0x4, 0x9f, 0xf9, 0x8, 0xff,
    0x80, 0x0, 0x48, 0xdf, 0xf6, 0x1, 0xff, 0xff,
    0xef, 0xff, 0xff, 0xc0, 0x0, 0x5f, 0xff, 0xff,
    0xff, 0xf8, 0x0, 0x0, 0x2, 0xad, 0xec, 0xa5,
    0x0, 0x0, 0x0, 0x0, 0x0, 0x0, 0x0, 0x0,
    0x0,

    /* U+FEF0 "ﻰ" */
    0x1, 0x0, 0x0, 0x0, 0x0, 0x0, 0x0, 0x0,
    0x7f, 0xa0, 0x0, 0x0, 0x0, 0x0, 0x0, 0xb,
    0xfe, 0x0, 0x0, 0x4e, 0x95, 0x10, 0x0, 0xdf,
    0xb0, 0x0, 0x8, 0xff, 0xff, 0xf4, 0xf, 0xf8,
    0x0, 0x0, 0xaf, 0xff, 0xff, 0x50, 0xff, 0x90,
    0x0, 0x0, 0x18, 0xff, 0xf5, 0xd, 0xfd, 0x0,
    0x0, 0x0, 0x4f, 0xf6, 0x0, 0x8f, 0xf8, 0x0,
    0x4, 0x9f, 0xff, 0x20, 0x1, 0xff, 0xff, 0xef,
    0xff, 0xff, 0xa0, 0x0, 0x5, 0xff, 0xff, 0xff,
    0xff, 0x70, 0x0, 0x0, 0x2, 0xad, 0xec, 0xa5,
    0x0, 0x0, 0x0, 0x0, 0x0, 0x0, 0x0, 0x0,
    0x0, 0x0,

    /* U+FEF1 "ﻱ" */
    0x0, 0x0, 0x0, 0x0, 0x5, 0x88, 0x40, 0x0,
    0x0, 0x0, 0x0, 0xcf, 0xff, 0xf4, 0x0, 0x0,
    0x0, 0xc, 0xff, 0xff, 0xf0, 0x1, 0x0, 0x0,
    0x5f, 0xfd, 0x45, 0x70, 0x7, 0xfa, 0x0, 0xbf,
    0xe1, 0x0, 0x0, 0xb, 0xfe, 0x0, 0xff, 0xa0,
    0x0, 0x0, 0xd, 0xfb, 0x0, 0xff, 0xfa, 0x40,
    0x0, 0xf, 0xf8, 0x0, 0x9f, 0xff, 0xff, 0x70,
    0xf, 0xf9, 0x0, 0x7, 0xef, 0xff, 0xf5, 0xd,
    0xfd, 0x0, 0x0, 0x4, 0x9f, 0xf9, 0x8, 0xff,
    0x80, 0x0, 0x48, 0xdf, 0xf6, 0x1, 0xff, 0xff,
    0xef, 0xff, 0xff, 0xc0, 0x0, 0x5f, 0xff, 0xff,
    0xff, 0xf8, 0x0, 0x0, 0x2, 0xad, 0xec, 0xa5,
    0x0, 0x0, 0x0, 0x0, 0x0, 0x0, 0x0, 0x0,
    0x0,

    /* U+FEF2 "ﻲ" */
    0x1, 0x0, 0x0, 0x0, 0x0, 0x0, 0x0, 0x0,
    0x7f, 0xa0, 0x0, 0x0, 0x0, 0x0, 0x0, 0xb,
    0xfe, 0x0, 0x0, 0x4e, 0x95, 0x10, 0x0, 0xdf,
    0xb0, 0x0, 0x8, 0xff, 0xff, 0xf4, 0xf, 0xf8,
    0x0, 0x0, 0xaf, 0xff, 0xff, 0x50, 0xff, 0x90,
    0x0, 0x0, 0x18, 0xff, 0xf5, 0xd, 0xfd, 0x0,
    0x0, 0x0, 0x4f, 0xf6, 0x0, 0x8f, 0xf8, 0x0,
    0x4, 0x9f, 0xff, 0x20, 0x1, 0xff, 0xff, 0xef,
    0xff, 0xff, 0xa0, 0x0, 0x5, 0xff, 0xff, 0xff,
    0xff, 0x70, 0x0, 0x0, 0x2, 0xad, 0xec, 0xa5,
    0x0, 0x0, 0x0, 0x0, 0x0, 0x0, 0x0, 0x0,
    0x0, 0x0,

    /* U+FEF3 "ﻳ" */
    0x0, 0x0, 0x0, 0x2, 0x10, 0x0, 0x0, 0x2,
    0xdf, 0x50, 0x0, 0x0, 0x0, 0xff, 0xa0, 0x0,
    0x0, 0x0, 0xbf, 0xe0, 0x0, 0x0, 0x0, 0x7f,
    0xf1, 0x0, 0x0, 0x0, 0x8f, 0xf2, 0x1, 0xdd,
    0xde, 0xff, 0xe0, 0x1, 0xff, 0xff, 0xff, 0x50,
    0x1, 0xff, 0xff, 0xc4, 0x0, 0x0, 0x0, 0x0,
    0x0, 0x0, 0x2, 0x40, 0x2, 0x40, 0x0, 0x2e,
    0xf4, 0x2e, 0xf4, 0x0, 0x1d, 0xf3, 0x2e, 0xf3,
    0x0, 0x1, 0x30, 0x2, 0x30, 0x0,

    /* U+FEF4 "ﻴ" */
    0x0, 0x0, 0x1, 0x46, 0x0, 0x0, 0x0, 0x7,
    0xff, 0x10, 0x0, 0x0, 0x5, 0xff, 0x30, 0x0,
    0x0, 0x5, 0xff, 0x50, 0x1d, 0xdd, 0xdf, 0xff,
    0xf7, 0x1f, 0xff, 0xff, 0xff, 0xf8, 0x1f, 0xff,
    0xfd, 0x77, 0xd8, 0x0, 0x0, 0x0, 0x0, 0x0,
    0x0, 0x51, 0x0, 0x51, 0x0, 0x6, 0xfc, 0x16,
    0xfc, 0x10, 0x6, 0xfc, 0x16, 0xfc, 0x10, 0x0,
    0x51, 0x0, 0x51, 0x0,

    /* U+FEF5 "ﻵ" */
    0x1, 0x31, 0x3, 0x50, 0x0, 0x3, 0xff, 0xfe,
    0xfa, 0x0, 0x0, 0x8e, 0x7a, 0xcb, 0x20, 0x0,
    0x0, 0x0, 0x10, 0x0, 0xf, 0xf7, 0xc, 0xf9,
    0x0, 0x0, 0xff, 0x80, 0xcf, 0xc0, 0x0, 0xf,
    0xf8, 0x9, 0xff, 0x0, 0x0, 0xef, 0x90, 0x6f,
    0xf2, 0x0, 0xe, 0xfa, 0x3, 0xff, 0x50, 0x0,
    0xdf, 0xa0, 0xf, 0xf8, 0x0, 0xd, 0xfb, 0x0,
    0xdf, 0xb0, 0x0, 0xcf, 0xb0, 0xa, 0xfe, 0x0,
    0xc, 0xfc, 0x0, 0x7f, 0xd0, 0x0, 0xbf, 0xd0,
    0x1, 0x0, 0x0, 0xc, 0xfd, 0x0, 0xcd, 0xdd,
    0xde, 0xff, 0xa0, 0xf, 0xff, 0xff, 0xff, 0xf2,
    0x0, 0xff, 0xff, 0xff, 0xb3, 0x0,

    /* U+FEF6 "ﻶ" */
    0x0, 0x10, 0x2, 0x40, 0x0, 0x0, 0x2, 0xef,
    0xfc, 0xec, 0x0, 0x0, 0x0, 0x7f, 0x9c, 0xfe,
    0x40, 0x0, 0x0, 0x1, 0x10, 0x10, 0x0, 0xf,
    0xf7, 0x0, 0xc, 0xf9, 0x0, 0x0, 0xff, 0x80,
    0x0, 0xcf, 0xc0, 0x0, 0xf, 0xf8, 0x0, 0x9,
    0xff, 0x0, 0x0, 0xef, 0x90, 0x0, 0x6f, 0xf2,
    0x0, 0xe, 0xfa, 0x0, 0x3, 0xff, 0x50, 0x0,
    0xdf, 0xa0, 0x0, 0xf, 0xf8, 0x0, 0xd, 0xfb,
    0x0, 0x0, 0xdf, 0xb0, 0x0, 0xcf, 0xb0, 0x0,
    0xa, 0xfe, 0x0, 0xc, 0xfc, 0x0, 0x0, 0x7f,
    0xd0, 0x0, 0xbf, 0xd0, 0x0, 0x1, 0x0, 0x0,
    0xc, 0xff, 0x0, 0x0, 0xcd, 0xdd, 0xde, 0xff,
    0xff, 0x70, 0xf, 0xff, 0xff, 0xff, 0xff, 0xf8,
    0x0, 0xff, 0xff, 0xfe, 0xb4, 0x9e, 0x80,

    /* U+FEF7 "ﻷ" */
    0x0, 0x5, 0x73, 0x0, 0x0, 0x0, 0x0, 0xbf,
    0xd9, 0x0, 0x0, 0x0, 0x0, 0xf4, 0x0, 0x0,
    0x0, 0x0, 0x2, 0xed, 0xbf, 0x90, 0x0, 0x0,
    0xf, 0xfc, 0x95, 0x10, 0x0, 0x0, 0x3, 0x0,
    0x10, 0x0, 0xf, 0xf7, 0x0, 0xcf, 0x90, 0x0,
    0xf, 0xf8, 0x0, 0xcf, 0xc0, 0x0, 0xf, 0xf8,
    0x0, 0x9f, 0xf0, 0x0, 0xe, 0xf9, 0x0, 0x6f,
    0xf2, 0x0, 0xe, 0xfa, 0x0, 0x3f, 0xf5, 0x0,
    0xd, 0xfa, 0x0, 0xf, 0xf8, 0x0, 0xd, 0xfb,
    0x0, 0xd, 0xfb, 0x0, 0xc, 0xfb, 0x0, 0xa,
    0xfe, 0x0, 0xc, 0xfc, 0x0, 0x7, 0xfd, 0x0,
    0xb, 0xfd, 0x0, 0x1, 0x0, 0x0, 0xc, 0xfd,
    0x0, 0xc, 0xdd, 0xdd, 0xef, 0xfa, 0x0, 0xf,
    0xff, 0xff, 0xff, 0xf2, 0x0, 0xf, 0xff, 0xff,
    0xfb, 0x30,

    /* U+FEF8 "ﻸ" */
    0x0, 0x5, 0x73, 0x0, 0x0, 0x0, 0x0, 0x0,
    0xaf, 0xea, 0x0, 0x0, 0x0, 0x0, 0x0, 0xf4,
    0x0, 0x0, 0x0, 0x0, 0x0, 0x0, 0xec, 0x9d,
    0x80, 0x0, 0x0, 0x0, 0xf, 0xfe, 0xb8, 0x30,
    0x0, 0x0, 0x0, 0x4, 0x21, 0x10, 0x0, 0xf,
    0xf7, 0x0, 0x0, 0xcf, 0x90, 0x0, 0xf, 0xf8,
    0x0, 0x0, 0xcf, 0xc0, 0x0, 0xf, 0xf8, 0x0,
    0x0, 0x9f, 0xf0, 0x0, 0xe, 0xf9, 0x0, 0x0,
    0x6f, 0xf2, 0x0, 0xe, 0xfa, 0x0, 0x0, 0x3f,
    0xf5, 0x0, 0xd, 0xfa, 0x0, 0x0, 0xf, 0xf8,
    0x0, 0xd, 0xfb, 0x0, 0x0, 0xd, 0xfb, 0x0,
    0xc, 0xfb, 0x0, 0x0, 0xa, 0xfe, 0x0, 0xc,
    0xfc, 0x0, 0x0, 0x7, 0xfd, 0x0, 0xb, 0xfd,
    0x0, 0x0, 0x1, 0x0, 0x0, 0xc, 0xff, 0x0,
    0x0, 0xc, 0xdd, 0xdd, 0xef, 0xff, 0xf7, 0x0,
    0xf, 0xff, 0xff, 0xff, 0xff, 0xf8, 0x0, 0xf,
    0xff, 0xff, 0xeb, 0x49, 0xe8,

    /* U+FEF9 "ﻹ" */
    0x0, 0x1, 0x0, 0x0, 0xff, 0x70, 0xcf, 0x90,
    0x0, 0xf, 0xf8, 0xc, 0xfc, 0x0, 0x0, 0xff,
    0x80, 0x9f, 0xf0, 0x0, 0xe, 0xf9, 0x6, 0xff,
    0x20, 0x0, 0xef, 0xa0, 0x3f, 0xf5, 0x0, 0xd,
    0xfa, 0x0, 0xff, 0x80, 0x0, 0xdf, 0xb0, 0xd,
    0xfb, 0x0, 0xc, 0xfb, 0x0, 0xaf, 0xe0, 0x0,
    0xcf, 0xc0, 0x7, 0xfd, 0x0, 0xb, 0xfd, 0x0,
    0x10, 0x0, 0x0, 0xcf, 0xd0, 0xc, 0xdd, 0xdd,
    0xef, 0xfa, 0x0, 0xff, 0xff, 0xff, 0xff, 0x20,
    0xf, 0xff, 0xff, 0xfb, 0x30, 0x0, 0x5, 0x73,
    0x0, 0x0, 0x0, 0xb, 0xff, 0x90, 0x0, 0x0,
    0x1, 0xf3, 0x0, 0x0, 0x0, 0x0, 0xe, 0xc9,
    0xd7, 0x0, 0x0, 0xe, 0xff, 0xd9, 0x40, 0x0,
    0x0, 0x85, 0x10, 0x0, 0x0, 0x0,

    /* U+FEFA "ﻺ" */
    0x0, 0x1, 0x0, 0x0, 0xff, 0x70, 0x0, 0xcf,
    0x90, 0x0, 0xf, 0xf8, 0x0, 0xc, 0xfc, 0x0,
    0x0, 0xff, 0x80, 0x0, 0x9f, 0xf0, 0x0, 0xe,
    0xf9, 0x0, 0x6, 0xff, 0x20, 0x0, 0xef, 0xa0,
    0x0, 0x3f, 0xf5, 0x0, 0xd, 0xfa, 0x0, 0x0,
    0xff, 0x80, 0x0, 0xdf, 0xb0, 0x0, 0xd, 0xfb,
    0x0, 0xc, 0xfb, 0x0, 0x0, 0xaf, 0xe0, 0x0,
    0xcf, 0xc0, 0x0, 0x7, 0xfd, 0x0, 0xb, 0xfd,
    0x0, 0x0, 0x10, 0x0, 0x0, 0xcf, 0xf0, 0x0,
    0xc, 0xdd, 0xdd, 0xef, 0xff, 0xf7, 0x0, 0xff,
    0xff, 0xff, 0xff, 0xff, 0x80, 0xf, 0xff, 0xff,
    0xeb, 0x49, 0xe8, 0x0, 0x5, 0x73, 0x0, 0x0,
    0x0, 0x0, 0xa, 0xff, 0xa0, 0x0, 0x0, 0x0,
    0x0, 0xf5, 0x0, 0x0, 0x0, 0x0, 0x0, 0xd,
    0xc9, 0xc8, 0x0, 0x0, 0x0, 0xd, 0xff, 0xda,
    0x40, 0x0, 0x0, 0x0, 0x75, 0x10, 0x0, 0x0,
    0x0, 0x0,

    /* U+FEFB "ﻻ" */
    0x0, 0x10, 0x0, 0xf, 0xf7, 0xcf, 0x90, 0x0,
    0xf, 0xf8, 0xcf, 0xc0, 0x0, 0xf, 0xf8, 0x9f,
    0xf0, 0x0, 0xe, 0xf9, 0x6f, 0xf2, 0x0, 0xe,
    0xfa, 0x3f, 0xf5, 0x0, 0xd, 0xfa, 0xf, 0xf8,
    0x0, 0xd, 0xfb, 0xd, 0xfb, 0x0, 0xc, 0xfb,
    0xa, 0xfe, 0x0, 0xc, 0xfc, 0x7, 0xfd, 0x0,
    0xb, 0xfd, 0x1, 0x0, 0x0, 0xc, 0xfd, 0xc,
    0xdd, 0xdd, 0xef, 0xfa, 0xf, 0xff, 0xff, 0xff,
    0xf2, 0xf, 0xff, 0xff, 0xfb, 0x30,

    /* U+FEFC "ﻼ" */
    0x0, 0x10, 0x0, 0xf, 0xf7, 0x0, 0xcf, 0x90,
    0x0, 0xf, 0xf8, 0x0, 0xcf, 0xc0, 0x0, 0xf,
    0xf8, 0x0, 0x9f, 0xf0, 0x0, 0xe, 0xf9, 0x0,
    0x6f, 0xf2, 0x0, 0xe, 0xfa, 0x0, 0x3f, 0xf5,
    0x0, 0xd, 0xfa, 0x0, 0xf, 0xf8, 0x0, 0xd,
    0xfb, 0x0, 0xd, 0xfb, 0x0, 0xc, 0xfb, 0x0,
    0xa, 0xfe, 0x0, 0xc, 0xfc, 0x0, 0x7, 0xfd,
    0x0, 0xb, 0xfd, 0x0, 0x1, 0x0, 0x0, 0xc,
    0xff, 0x0, 0xc, 0xdd, 0xdd, 0xef, 0xff, 0xf7,
    0xf, 0xff, 0xff, 0xff, 0xff, 0xf8, 0xf, 0xff,
    0xff, 0xeb, 0x49, 0xe8,

    /* U+FEFF "﻿" */

};


/*---------------------
 *  GLYPH DESCRIPTION
 *--------------------*/

static const lv_font_fmt_txt_glyph_dsc_t glyph_dsc[] = {
    {.bitmap_index = 0, .adv_w = 0, .box_w = 0, .box_h = 0, .ofs_x = 0, .ofs_y = 0} /* id = 0 reserved */,
    {.bitmap_index = 0, .adv_w = 71, .box_w = 0, .box_h = 0, .ofs_x = 0, .ofs_y = 0},
    {.bitmap_index = 0, .adv_w = 91, .box_w = 4, .box_h = 13, .ofs_x = 1, .ofs_y = 0},
    {.bitmap_index = 26, .adv_w = 126, .box_w = 8, .box_h = 5, .ofs_x = 0, .ofs_y = 8},
    {.bitmap_index = 46, .adv_w = 217, .box_w = 13, .box_h = 13, .ofs_x = 0, .ofs_y = 0},
    {.bitmap_index = 131, .adv_w = 190, .box_w = 11, .box_h = 17, .ofs_x = 1, .ofs_y = -2},
    {.bitmap_index = 225, .adv_w = 244, .box_w = 15, .box_h = 14, .ofs_x = 0, .ofs_y = 0},
    {.bitmap_index = 330, .adv_w = 225, .box_w = 14, .box_h = 13, .ofs_x = 0, .ofs_y = 0},
    {.bitmap_index = 421, .adv_w = 64, .box_w = 4, .box_h = 5, .ofs_x = 0, .ofs_y = 8},
    {.bitmap_index = 431, .adv_w = 124, .box_w = 6, .box_h = 20, .ofs_x = 1, .ofs_y = -5},
    {.bitmap_index = 491, .adv_w = 124, .box_w = 6, .box_h = 20, .ofs_x = 1, .ofs_y = -5},
    {.bitmap_index = 551, .adv_w = 166, .box_w = 9, .box_h = 8, .ofs_x = 1, .ofs_y = 4},
    {.bitmap_index = 587, .adv_w = 138, .box_w = 9, .box_h = 8, .ofs_x = 0, .ofs_y = 2},
    {.bitmap_index = 623, .adv_w = 68, .box_w = 4, .box_h = 5, .ofs_x = 0, .ofs_y = -2},
    {.bitmap_index = 633, .adv_w = 107, .box_w = 7, .box_h = 3, .ofs_x = 0, .ofs_y = 5},
    {.bitmap_index = 644, .adv_w = 110, .box_w = 5, .box_h = 4, .ofs_x = 1, .ofs_y = 0},
    {.bitmap_index = 654, .adv_w = 134, .box_w = 8, .box_h = 13, .ofs_x = 0, .ofs_y = 0},
    {.bitmap_index = 706, .adv_w = 180, .box_w = 8, .box_h = 8, .ofs_x = 2, .ofs_y = 1},
    {.bitmap_index = 738, .adv_w = 115, .box_w = 4, .box_h = 14, .ofs_x = 2, .ofs_y = -1},
    {.bitmap_index = 766, .adv_w = 195, .box_w = 9, .box_h = 14, .ofs_x = 2, .ofs_y = 0},
    {.bitmap_index = 829, .adv_w = 269, .box_w = 14, .box_h = 14, .ofs_x = 2, .ofs_y = 0},
    {.bitmap_index = 927, .adv_w = 239, .box_w = 12, .box_h = 15, .ofs_x = 2, .ofs_y = -1},
    {.bitmap_index = 1017, .adv_w = 254, .box_w = 13, .box_h = 15, .ofs_x = 2, .ofs_y = 0},
    {.bitmap_index = 1115, .adv_w = 209, .box_w = 11, .box_h = 15, .ofs_x = 1, .ofs_y = -1},
    {.bitmap_index = 1198, .adv_w = 233, .box_w = 12, .box_h = 14, .ofs_x = 1, .ofs_y = 0},
    {.bitmap_index = 1282, .adv_w = 233, .box_w = 12, .box_h = 14, .ofs_x = 1, .ofs_y = -1},
    {.bitmap_index = 1366, .adv_w = 206, .box_w = 10, .box_h = 14, .ofs_x = 2, .ofs_y = -1},
    {.bitmap_index = 1436, .adv_w = 110, .box_w = 5, .box_h = 9, .ofs_x = 1, .ofs_y = 0},
    {.bitmap_index = 1459, .adv_w = 115, .box_w = 4, .box_h = 11, .ofs_x = 2, .ofs_y = -2},
    {.bitmap_index = 1481, .adv_w = 136, .box_w = 9, .box_h = 6, .ofs_x = 0, .ofs_y = 3},
    {.bitmap_index = 1508, .adv_w = 166, .box_w = 9, .box_h = 13, .ofs_x = 1, .ofs_y = 0},
    {.bitmap_index = 1567, .adv_w = 265, .box_w = 17, .box_h = 15, .ofs_x = 0, .ofs_y = -2},
    {.bitmap_index = 1695, .adv_w = 212, .box_w = 13, .box_h = 13, .ofs_x = 0, .ofs_y = 0},
    {.bitmap_index = 1780, .adv_w = 199, .box_w = 11, .box_h = 13, .ofs_x = 1, .ofs_y = 0},
    {.bitmap_index = 1852, .adv_w = 205, .box_w = 11, .box_h = 13, .ofs_x = 1, .ofs_y = 0},
    {.bitmap_index = 1924, .adv_w = 199, .box_w = 11, .box_h = 13, .ofs_x = 1, .ofs_y = 0},
    {.bitmap_index = 1996, .adv_w = 189, .box_w = 10, .box_h = 13, .ofs_x = 1, .ofs_y = 0},
    {.bitmap_index = 2061, .adv_w = 172, .box_w = 10, .box_h = 13, .ofs_x = 1, .ofs_y = 0},
    {.bitmap_index = 2126, .adv_w = 200, .box_w = 11, .box_h = 13, .ofs_x = 1, .ofs_y = 0},
    {.bitmap_index = 2198, .adv_w = 205, .box_w = 11, .box_h = 13, .ofs_x = 1, .ofs_y = 0},
    {.bitmap_index = 2270, .adv_w = 88, .box_w = 4, .box_h = 13, .ofs_x = 1, .ofs_y = 0},
    {.bitmap_index = 2296, .adv_w = 193, .box_w = 11, .box_h = 13, .ofs_x = 0, .ofs_y = 0},
    {.bitmap_index = 2368, .adv_w = 206, .box_w = 12, .box_h = 13, .ofs_x = 1, .ofs_y = 0},
    {.bitmap_index = 2446, .adv_w = 181, .box_w = 10, .box_h = 13, .ofs_x = 1, .ofs_y = 0},
    {.bitmap_index = 2511, .adv_w = 229, .box_w = 13, .box_h = 13, .ofs_x = 1, .ofs_y = 0},
    {.bitmap_index = 2596, .adv_w = 213, .box_w = 12, .box_h = 13, .ofs_x = 1, .ofs_y = 0},
    {.bitmap_index = 2674, .adv_w = 208, .box_w = 11, .box_h = 13, .ofs_x = 1, .ofs_y = 0},
    {.bitmap_index = 2746, .adv_w = 190, .box_w = 11, .box_h = 13, .ofs_x = 1, .ofs_y = 0},
    {.bitmap_index = 2818, .adv_w = 208, .box_w = 11, .box_h = 14, .ofs_x = 1, .ofs_y = -1},
    {.bitmap_index = 2895, .adv_w = 196, .box_w = 11, .box_h = 13, .ofs_x = 1, .ofs_y = 0},
    {.bitmap_index = 2967, .adv_w = 201, .box_w = 11, .box_h = 13, .ofs_x = 1, .ofs_y = 0},
    {.bitmap_index = 3039, .adv_w = 183, .box_w = 12, .box_h = 13, .ofs_x = 0, .ofs_y = 0},
    {.bitmap_index = 3117, .adv_w = 209, .box_w = 11, .box_h = 13, .ofs_x = 1, .ofs_y = 0},
    {.bitmap_index = 3189, .adv_w = 195, .box_w = 12, .box_h = 13, .ofs_x = 0, .ofs_y = 0},
    {.bitmap_index = 3267, .adv_w = 327, .box_w = 21, .box_h = 13, .ofs_x = 0, .ofs_y = 0},
    {.bitmap_index = 3404, .adv_w = 204, .box_w = 13, .box_h = 13, .ofs_x = 0, .ofs_y = 0},
    {.bitmap_index = 3489, .adv_w = 194, .box_w = 12, .box_h = 13, .ofs_x = 0, .ofs_y = 0},
    {.bitmap_index = 3567, .adv_w = 179, .box_w = 11, .box_h = 13, .ofs_x = 0, .ofs_y = 0},
    {.bitmap_index = 3639, .adv_w = 100, .box_w = 6, .box_h = 18, .ofs_x = 0, .ofs_y = -3},
    {.bitmap_index = 3693, .adv_w = 135, .box_w = 9, .box_h = 13, .ofs_x = 0, .ofs_y = 0},
    {.bitmap_index = 3752, .adv_w = 92, .box_w = 6, .box_h = 18, .ofs_x = 0, .ofs_y = -3},
    {.bitmap_index = 3806, .adv_w = 136, .box_w = 9, .box_h = 3, .ofs_x = 0, .ofs_y = 0},
    {.bitmap_index = 3820, .adv_w = 184, .box_w = 10, .box_h = 10, .ofs_x = 1, .ofs_y = 0},
    {.bitmap_index = 3870, .adv_w = 177, .box_w = 9, .box_h = 13, .ofs_x = 1, .ofs_y = 0},
    {.bitmap_index = 3929, .adv_w = 182, .box_w = 10, .box_h = 10, .ofs_x = 1, .ofs_y = 0},
    {.bitmap_index = 3979, .adv_w = 181, .box_w = 10, .box_h = 13, .ofs_x = 1, .ofs_y = 0},
    {.bitmap_index = 4044, .adv_w = 182, .box_w = 10, .box_h = 10, .ofs_x = 1, .ofs_y = 0},
    {.bitmap_index = 4094, .adv_w = 118, .box_w = 7, .box_h = 13, .ofs_x = 0, .ofs_y = 0},
    {.bitmap_index = 4140, .adv_w = 177, .box_w = 9, .box_h = 14, .ofs_x = 1, .ofs_y = -4},
    {.bitmap_index = 4203, .adv_w = 177, .box_w = 9, .box_h = 13, .ofs_x = 1, .ofs_y = 0},
    {.bitmap_index = 4262, .adv_w = 103, .box_w = 4, .box_h = 14, .ofs_x = 1, .ofs_y = 0},
    {.bitmap_index = 4290, .adv_w = 103, .box_w = 7, .box_h = 18, .ofs_x = -1, .ofs_y = -4},
    {.bitmap_index = 4353, .adv_w = 174, .box_w = 10, .box_h = 13, .ofs_x = 1, .ofs_y = 0},
    {.bitmap_index = 4418, .adv_w = 96, .box_w = 5, .box_h = 13, .ofs_x = 1, .ofs_y = 0},
    {.bitmap_index = 4451, .adv_w = 267, .box_w = 15, .box_h = 10, .ofs_x = 1, .ofs_y = 0},
    {.bitmap_index = 4526, .adv_w = 177, .box_w = 9, .box_h = 10, .ofs_x = 1, .ofs_y = 0},
    {.bitmap_index = 4571, .adv_w = 183, .box_w = 10, .box_h = 10, .ofs_x = 1, .ofs_y = 0},
    {.bitmap_index = 4621, .adv_w = 177, .box_w = 9, .box_h = 14, .ofs_x = 1, .ofs_y = -4},
    {.bitmap_index = 4684, .adv_w = 177, .box_w = 9, .box_h = 14, .ofs_x = 1, .ofs_y = -4},
    {.bitmap_index = 4747, .adv_w = 134, .box_w = 8, .box_h = 10, .ofs_x = 1, .ofs_y = 0},
    {.bitmap_index = 4787, .adv_w = 177, .box_w = 9, .box_h = 10, .ofs_x = 1, .ofs_y = 0},
    {.bitmap_index = 4832, .adv_w = 119, .box_w = 7, .box_h = 13, .ofs_x = 0, .ofs_y = 0},
    {.bitmap_index = 4878, .adv_w = 177, .box_w = 9, .box_h = 10, .ofs_x = 1, .ofs_y = 0},
    {.bitmap_index = 4923, .adv_w = 169, .box_w = 11, .box_h = 10, .ofs_x = 0, .ofs_y = 0},
    {.bitmap_index = 4978, .adv_w = 263, .box_w = 16, .box_h = 10, .ofs_x = 0, .ofs_y = 0},
    {.bitmap_index = 5058, .adv_w = 177, .box_w = 11, .box_h = 10, .ofs_x = 0, .ofs_y = 0},
    {.bitmap_index = 5113, .adv_w = 167, .box_w = 10, .box_h = 14, .ofs_x = 0, .ofs_y = -4},
    {.bitmap_index = 5183, .adv_w = 164, .box_w = 9, .box_h = 10, .ofs_x = 1, .ofs_y = 0},
    {.bitmap_index = 5228, .adv_w = 121, .box_w = 7, .box_h = 18, .ofs_x = 0, .ofs_y = -3},
    {.bitmap_index = 5291, .adv_w = 107, .box_w = 3, .box_h = 16, .ofs_x = 2, .ofs_y = -3},
    {.bitmap_index = 5315, .adv_w = 121, .box_w = 6, .box_h = 18, .ofs_x = 1, .ofs_y = -3},
    {.bitmap_index = 5369, .adv_w = 108, .box_w = 5, .box_h = 6, .ofs_x = 1, .ofs_y = 0},
    {.bitmap_index = 5384, .adv_w = 108, .box_w = 5, .box_h = 12, .ofs_x = 1, .ofs_y = 0},
    {.bitmap_index = 5414, .adv_w = 175, .box_w = 9, .box_h = 15, .ofs_x = 1, .ofs_y = -1},
    {.bitmap_index = 5482, .adv_w = 156, .box_w = 8, .box_h = 9, .ofs_x = 1, .ofs_y = -1},
    {.bitmap_index = 5518, .adv_w = 102, .box_w = 7, .box_h = 15, .ofs_x = 0, .ofs_y = 0},
    {.bitmap_index = 5571, .adv_w = 102, .box_w = 6, .box_h = 18, .ofs_x = 0, .ofs_y = 0},
    {.bitmap_index = 5625, .adv_w = 171, .box_w = 10, .box_h = 21, .ofs_x = 0, .ofs_y = -6},
    {.bitmap_index = 5730, .adv_w = 95, .box_w = 7, .box_h = 21, .ofs_x = 0, .ofs_y = -7},
    {.bitmap_index = 5804, .adv_w = 236, .box_w = 14, .box_h = 18, .ofs_x = 0, .ofs_y = -6},
    {.bitmap_index = 5930, .adv_w = 95, .box_w = 4, .box_h = 14, .ofs_x = 1, .ofs_y = 0},
    {.bitmap_index = 5958, .adv_w = 310, .box_w = 19, .box_h = 14, .ofs_x = 0, .ofs_y = -5},
    {.bitmap_index = 6091, .adv_w = 158, .box_w = 8, .box_h = 14, .ofs_x = 1, .ofs_y = 0},
    {.bitmap_index = 6147, .adv_w = 310, .box_w = 19, .box_h = 11, .ofs_x = 0, .ofs_y = 0},
    {.bitmap_index = 6252, .adv_w = 310, .box_w = 19, .box_h = 13, .ofs_x = 0, .ofs_y = 0},
    {.bitmap_index = 6376, .adv_w = 234, .box_w = 14, .box_h = 19, .ofs_x = 0, .ofs_y = -8},
    {.bitmap_index = 6509, .adv_w = 234, .box_w = 14, .box_h = 19, .ofs_x = 0, .ofs_y = -8},
    {.bitmap_index = 6642, .adv_w = 234, .box_w = 14, .box_h = 23, .ofs_x = 0, .ofs_y = -8},
    {.bitmap_index = 6803, .adv_w = 180, .box_w = 10, .box_h = 11, .ofs_x = 1, .ofs_y = 0},
    {.bitmap_index = 6858, .adv_w = 180, .box_w = 10, .box_h = 16, .ofs_x = 1, .ofs_y = 0},
    {.bitmap_index = 6938, .adv_w = 117, .box_w = 7, .box_h = 13, .ofs_x = 0, .ofs_y = -6},
    {.bitmap_index = 6984, .adv_w = 117, .box_w = 7, .box_h = 18, .ofs_x = 0, .ofs_y = -6},
    {.bitmap_index = 7047, .adv_w = 392, .box_w = 24, .box_h = 15, .ofs_x = 0, .ofs_y = -6},
    {.bitmap_index = 7227, .adv_w = 392, .box_w = 24, .box_h = 21, .ofs_x = 0, .ofs_y = -6},
    {.bitmap_index = 7479, .adv_w = 417, .box_w = 26, .box_h = 15, .ofs_x = 0, .ofs_y = -6},
    {.bitmap_index = 7674, .adv_w = 417, .box_w = 26, .box_h = 20, .ofs_x = 0, .ofs_y = -6},
    {.bitmap_index = 7934, .adv_w = 229, .box_w = 13, .box_h = 14, .ofs_x = 1, .ofs_y = 0},
    {.bitmap_index = 8025, .adv_w = 229, .box_w = 13, .box_h = 15, .ofs_x = 1, .ofs_y = 0},
    {.bitmap_index = 8123, .adv_w = 206, .box_w = 12, .box_h = 17, .ofs_x = 0, .ofs_y = -6},
    {.bitmap_index = 8225, .adv_w = 206, .box_w = 12, .box_h = 22, .ofs_x = 0, .ofs_y = -6},
    {.bitmap_index = 8357, .adv_w = 96, .box_w = 8, .box_h = 3, .ofs_x = -1, .ofs_y = 0},
    {.bitmap_index = 8369, .adv_w = 312, .box_w = 19, .box_h = 17, .ofs_x = 0, .ofs_y = 0},
    {.bitmap_index = 8531, .adv_w = 241, .box_w = 15, .box_h = 20, .ofs_x = 0, .ofs_y = -6},
    {.bitmap_index = 8681, .adv_w = 310, .box_w = 19, .box_h = 16, .ofs_x = 0, .ofs_y = 0},
    {.bitmap_index = 8833, .adv_w = 230, .box_w = 14, .box_h = 20, .ofs_x = 0, .ofs_y = -6},
    {.bitmap_index = 8973, .adv_w = 188, .box_w = 11, .box_h = 15, .ofs_x = 1, .ofs_y = -6},
    {.bitmap_index = 9056, .adv_w = 231, .box_w = 14, .box_h = 15, .ofs_x = 0, .ofs_y = -6},
    {.bitmap_index = 9161, .adv_w = 158, .box_w = 8, .box_h = 11, .ofs_x = 1, .ofs_y = 0},
    {.bitmap_index = 9205, .adv_w = 171, .box_w = 10, .box_h = 15, .ofs_x = 0, .ofs_y = -6},
    {.bitmap_index = 9280, .adv_w = 236, .box_w = 14, .box_h = 15, .ofs_x = 0, .ofs_y = -6},
    {.bitmap_index = 9385, .adv_w = 236, .box_w = 14, .box_h = 15, .ofs_x = 0, .ofs_y = -6},
    {.bitmap_index = 9490, .adv_w = 0, .box_w = 6, .box_h = 6, .ofs_x = 0, .ofs_y = 8},
    {.bitmap_index = 9508, .adv_w = 0, .box_w = 8, .box_h = 6, .ofs_x = 0, .ofs_y = 10},
    {.bitmap_index = 9532, .adv_w = 0, .box_w = 6, .box_h = 6, .ofs_x = 0, .ofs_y = -10},
    {.bitmap_index = 9550, .adv_w = 0, .box_w = 6, .box_h = 3, .ofs_x = 0, .ofs_y = 10},
    {.bitmap_index = 9559, .adv_w = 0, .box_w = 7, .box_h = 6, .ofs_x = 0, .ofs_y = 10},
    {.bitmap_index = 9580, .adv_w = 0, .box_w = 6, .box_h = 3, .ofs_x = 0, .ofs_y = -8},
    {.bitmap_index = 9589, .adv_w = 0, .box_w = 8, .box_h = 5, .ofs_x = -1, .ofs_y = 9},
    {.bitmap_index = 9609, .adv_w = 0, .box_w = 6, .box_h = 7, .ofs_x = 0, .ofs_y = 9},
    {.bitmap_index = 9630, .adv_w = 0, .box_w = 7, .box_h = 4, .ofs_x = 0, .ofs_y = 11},
    {.bitmap_index = 9644, .adv_w = 0, .box_w = 6, .box_h = 6, .ofs_x = 0, .ofs_y = 9},
    {.bitmap_index = 9662, .adv_w = 0, .box_w = 6, .box_h = 6, .ofs_x = 0, .ofs_y = -9},
    {.bitmap_index = 9680, .adv_w = 0, .box_w = 2, .box_h = 4, .ofs_x = 0, .ofs_y = -8},
    {.bitmap_index = 9684, .adv_w = 180, .box_w = 8, .box_h = 8, .ofs_x = 2, .ofs_y = 1},
    {.bitmap_index = 9716, .adv_w = 115, .box_w = 4, .box_h = 15, .ofs_x = 2, .ofs_y = -1},
    {.bitmap_index = 9746, .adv_w = 195, .box_w = 9, .box_h = 15, .ofs_x = 2, .ofs_y = -1},
    {.bitmap_index = 9814, .adv_w = 269, .box_w = 14, .box_h = 15, .ofs_x = 2, .ofs_y = -1},
    {.bitmap_index = 9919, .adv_w = 239, .box_w = 12, .box_h = 16, .ofs_x = 2, .ofs_y = -1},
    {.bitmap_index = 10015, .adv_w = 254, .box_w = 13, .box_h = 15, .ofs_x = 2, .ofs_y = 0},
    {.bitmap_index = 10113, .adv_w = 209, .box_w = 11, .box_h = 16, .ofs_x = 1, .ofs_y = -1},
    {.bitmap_index = 10201, .adv_w = 233, .box_w = 12, .box_h = 14, .ofs_x = 1, .ofs_y = 0},
    {.bitmap_index = 10285, .adv_w = 233, .box_w = 12, .box_h = 14, .ofs_x = 1, .ofs_y = -1},
    {.bitmap_index = 10369, .adv_w = 206, .box_w = 10, .box_h = 14, .ofs_x = 2, .ofs_y = 0},
    {.bitmap_index = 10439, .adv_w = 169, .box_w = 11, .box_h = 14, .ofs_x = 0, .ofs_y = 0},
    {.bitmap_index = 10516, .adv_w = 129, .box_w = 7, .box_h = 13, .ofs_x = 0, .ofs_y = -3},
    {.bitmap_index = 10562, .adv_w = 101, .box_w = 4, .box_h = 6, .ofs_x = 1, .ofs_y = -3},
    {.bitmap_index = 10574, .adv_w = 166, .box_w = 9, .box_h = 8, .ofs_x = 1, .ofs_y = 4},
    {.bitmap_index = 10610, .adv_w = 310, .box_w = 19, .box_h = 9, .ofs_x = 0, .ofs_y = 0},
    {.bitmap_index = 10696, .adv_w = 241, .box_w = 15, .box_h = 15, .ofs_x = 0, .ofs_y = -6},
    {.bitmap_index = 10809, .adv_w = 0, .box_w = 2, .box_h = 4, .ofs_x = 0, .ofs_y = 10},
    {.bitmap_index = 10813, .adv_w = 102, .box_w = 8, .box_h = 18, .ofs_x = -1, .ofs_y = 0},
    {.bitmap_index = 10885, .adv_w = 310, .box_w = 19, .box_h = 17, .ofs_x = 0, .ofs_y = -8},
    {.bitmap_index = 11047, .adv_w = 234, .box_w = 14, .box_h = 19, .ofs_x = 0, .ofs_y = -8},
    {.bitmap_index = 11180, .adv_w = 121, .box_w = 8, .box_h = 20, .ofs_x = 0, .ofs_y = -6},
    {.bitmap_index = 11260, .adv_w = 312, .box_w = 19, .box_h = 13, .ofs_x = 0, .ofs_y = 0},
    {.bitmap_index = 11384, .adv_w = 312, .box_w = 19, .box_h = 19, .ofs_x = 0, .ofs_y = 0},
    {.bitmap_index = 11565, .adv_w = 310, .box_w = 19, .box_h = 16, .ofs_x = 0, .ofs_y = 0},
    {.bitmap_index = 11717, .adv_w = 310, .box_w = 19, .box_h = 18, .ofs_x = 0, .ofs_y = 0},
    {.bitmap_index = 11888, .adv_w = 231, .box_w = 14, .box_h = 13, .ofs_x = 0, .ofs_y = -6},
    {.bitmap_index = 11979, .adv_w = 157, .box_w = 8, .box_h = 18, .ofs_x = 1, .ofs_y = 0},
    {.bitmap_index = 12051, .adv_w = 236, .box_w = 14, .box_h = 15, .ofs_x = 0, .ofs_y = -6},
    {.bitmap_index = 12156, .adv_w = 180, .box_w = 8, .box_h = 8, .ofs_x = 2, .ofs_y = 1},
    {.bitmap_index = 12188, .adv_w = 115, .box_w = 4, .box_h = 15, .ofs_x = 2, .ofs_y = -1},
    {.bitmap_index = 12218, .adv_w = 195, .box_w = 9, .box_h = 15, .ofs_x = 2, .ofs_y = -1},
    {.bitmap_index = 12286, .adv_w = 269, .box_w = 14, .box_h = 15, .ofs_x = 2, .ofs_y = -1},
    {.bitmap_index = 12391, .adv_w = 239, .box_w = 12, .box_h = 16, .ofs_x = 2, .ofs_y = -1},
    {.bitmap_index = 12487, .adv_w = 254, .box_w = 13, .box_h = 15, .ofs_x = 2, .ofs_y = 0},
    {.bitmap_index = 12585, .adv_w = 209, .box_w = 11, .box_h = 16, .ofs_x = 1, .ofs_y = -1},
    {.bitmap_index = 12673, .adv_w = 233, .box_w = 12, .box_h = 14, .ofs_x = 1, .ofs_y = 0},
    {.bitmap_index = 12757, .adv_w = 233, .box_w = 12, .box_h = 14, .ofs_x = 1, .ofs_y = -1},
    {.bitmap_index = 12841, .adv_w = 206, .box_w = 10, .box_h = 14, .ofs_x = 2, .ofs_y = 0},
    {.bitmap_index = 12911, .adv_w = 102, .box_w = 8, .box_h = 18, .ofs_x = -1, .ofs_y = 0},
    {.bitmap_index = 12983, .adv_w = 92, .box_w = 8, .box_h = 18, .ofs_x = -1, .ofs_y = 0},
    {.bitmap_index = 13055, .adv_w = 310, .box_w = 19, .box_h = 17, .ofs_x = 0, .ofs_y = -8},
    {.bitmap_index = 13217, .adv_w = 313, .box_w = 20, .box_h = 17, .ofs_x = 0, .ofs_y = -8},
    {.bitmap_index = 13387, .adv_w = 131, .box_w = 10, .box_h = 17, .ofs_x = -2, .ofs_y = -8},
    {.bitmap_index = 13472, .adv_w = 135, .box_w = 10, .box_h = 15, .ofs_x = -1, .ofs_y = -8},
    {.bitmap_index = 13547, .adv_w = 312, .box_w = 19, .box_h = 19, .ofs_x = 0, .ofs_y = 0},
    {.bitmap_index = 13728, .adv_w = 312, .box_w = 20, .box_h = 17, .ofs_x = 0, .ofs_y = 0},
    {.bitmap_index = 13898, .adv_w = 157, .box_w = 10, .box_h = 19, .ofs_x = -1, .ofs_y = 0},
    {.bitmap_index = 13993, .adv_w = 157, .box_w = 11, .box_h = 16, .ofs_x = -1, .ofs_y = 0},
    {.bitmap_index = 14081, .adv_w = 234, .box_w = 14, .box_h = 19, .ofs_x = 0, .ofs_y = -8},
    {.bitmap_index = 14214, .adv_w = 236, .box_w = 15, .box_h = 19, .ofs_x = 0, .ofs_y = -8},
    {.bitmap_index = 14357, .adv_w = 215, .box_w = 14, .box_h = 18, .ofs_x = -1, .ofs_y = -8},
    {.bitmap_index = 14483, .adv_w = 219, .box_w = 15, .box_h = 18, .ofs_x = -1, .ofs_y = -8},
    {.bitmap_index = 14618, .adv_w = 121, .box_w = 8, .box_h = 20, .ofs_x = 0, .ofs_y = -6},
    {.bitmap_index = 14698, .adv_w = 130, .box_w = 9, .box_h = 20, .ofs_x = 0, .ofs_y = -6},
    {.bitmap_index = 14788, .adv_w = 310, .box_w = 19, .box_h = 16, .ofs_x = 0, .ofs_y = 0},
    {.bitmap_index = 14940, .adv_w = 319, .box_w = 21, .box_h = 16, .ofs_x = 0, .ofs_y = 0},
    {.bitmap_index = 15108, .adv_w = 156, .box_w = 11, .box_h = 16, .ofs_x = -1, .ofs_y = 0},
    {.bitmap_index = 15196, .adv_w = 164, .box_w = 12, .box_h = 16, .ofs_x = -1, .ofs_y = 0},
    {.bitmap_index = 15292, .adv_w = 310, .box_w = 19, .box_h = 18, .ofs_x = 0, .ofs_y = 0},
    {.bitmap_index = 15463, .adv_w = 319, .box_w = 21, .box_h = 18, .ofs_x = 0, .ofs_y = 0},
    {.bitmap_index = 15652, .adv_w = 156, .box_w = 11, .box_h = 18, .ofs_x = -1, .ofs_y = 0},
    {.bitmap_index = 15751, .adv_w = 164, .box_w = 12, .box_h = 18, .ofs_x = -1, .ofs_y = 0},
    {.bitmap_index = 15859, .adv_w = 233, .box_w = 15, .box_h = 13, .ofs_x = 0, .ofs_y = -6},
    {.bitmap_index = 15957, .adv_w = 157, .box_w = 8, .box_h = 18, .ofs_x = 1, .ofs_y = 0},
    {.bitmap_index = 16029, .adv_w = 174, .box_w = 11, .box_h = 18, .ofs_x = 0, .ofs_y = 0},
    {.bitmap_index = 16128, .adv_w = 0, .box_w = 4, .box_h = 5, .ofs_x = 0, .ofs_y = 6},
    {.bitmap_index = 16138, .adv_w = 0, .box_w = 4, .box_h = 4, .ofs_x = 0, .ofs_y = -5},
    {.bitmap_index = 16146, .adv_w = 0, .box_w = 8, .box_h = 4, .ofs_x = 0, .ofs_y = 9},
    {.bitmap_index = 16162, .adv_w = 0, .box_w = 8, .box_h = 4, .ofs_x = 0, .ofs_y = -4},
    {.bitmap_index = 16178, .adv_w = 0, .box_w = 8, .box_h = 6, .ofs_x = 0, .ofs_y = 9},
    {.bitmap_index = 16202, .adv_w = 0, .box_w = 8, .box_h = 7, .ofs_x = 0, .ofs_y = -8},
    {.bitmap_index = 16230, .adv_w = 236, .box_w = 14, .box_h = 15, .ofs_x = 0, .ofs_y = -6},
    {.bitmap_index = 16335, .adv_w = 228, .box_w = 15, .box_h = 12, .ofs_x = 0, .ofs_y = -6},
    {.bitmap_index = 16425, .adv_w = 131, .box_w = 10, .box_h = 14, .ofs_x = -2, .ofs_y = -5},
    {.bitmap_index = 16495, .adv_w = 135, .box_w = 10, .box_h = 12, .ofs_x = -1, .ofs_y = -5},
    {.bitmap_index = 16555, .adv_w = 124, .box_w = 6, .box_h = 20, .ofs_x = 1, .ofs_y = -5},
    {.bitmap_index = 16615, .adv_w = 124, .box_w = 6, .box_h = 20, .ofs_x = 1, .ofs_y = -5},
    {.bitmap_index = 16675, .adv_w = 444, .box_w = 27, .box_h = 22, .ofs_x = 0, .ofs_y = 0},
    {.bitmap_index = 16972, .adv_w = 500, .box_w = 31, .box_h = 19, .ofs_x = 0, .ofs_y = -5},
    {.bitmap_index = 17267, .adv_w = 156, .box_w = 8, .box_h = 9, .ofs_x = 1, .ofs_y = -1},
    {.bitmap_index = 17303, .adv_w = 102, .box_w = 7, .box_h = 15, .ofs_x = 0, .ofs_y = 0},
    {.bitmap_index = 17356, .adv_w = 92, .box_w = 7, .box_h = 16, .ofs_x = 0, .ofs_y = 0},
    {.bitmap_index = 17412, .adv_w = 102, .box_w = 6, .box_h = 18, .ofs_x = 0, .ofs_y = 0},
    {.bitmap_index = 17466, .adv_w = 92, .box_w = 6, .box_h = 18, .ofs_x = 0, .ofs_y = 0},
    {.bitmap_index = 17520, .adv_w = 171, .box_w = 10, .box_h = 21, .ofs_x = 0, .ofs_y = -6},
    {.bitmap_index = 17625, .adv_w = 167, .box_w = 11, .box_h = 21, .ofs_x = 0, .ofs_y = -6},
    {.bitmap_index = 17741, .adv_w = 95, .box_w = 7, .box_h = 21, .ofs_x = 0, .ofs_y = -7},
    {.bitmap_index = 17815, .adv_w = 91, .box_w = 7, .box_h = 20, .ofs_x = -1, .ofs_y = -6},
    {.bitmap_index = 17885, .adv_w = 236, .box_w = 14, .box_h = 18, .ofs_x = 0, .ofs_y = -6},
    {.bitmap_index = 18011, .adv_w = 228, .box_w = 15, .box_h = 16, .ofs_x = 0, .ofs_y = -6},
    {.bitmap_index = 18131, .adv_w = 107, .box_w = 8, .box_h = 15, .ofs_x = -1, .ofs_y = 0},
    {.bitmap_index = 18191, .adv_w = 99, .box_w = 8, .box_h = 13, .ofs_x = -1, .ofs_y = 0},
    {.bitmap_index = 18243, .adv_w = 95, .box_w = 4, .box_h = 14, .ofs_x = 1, .ofs_y = 0},
    {.bitmap_index = 18271, .adv_w = 91, .box_w = 5, .box_h = 14, .ofs_x = 1, .ofs_y = 0},
    {.bitmap_index = 18306, .adv_w = 310, .box_w = 19, .box_h = 14, .ofs_x = 0, .ofs_y = -5},
    {.bitmap_index = 18439, .adv_w = 313, .box_w = 20, .box_h = 14, .ofs_x = 0, .ofs_y = -5},
    {.bitmap_index = 18579, .adv_w = 107, .box_w = 8, .box_h = 14, .ofs_x = -1, .ofs_y = -5},
    {.bitmap_index = 18635, .adv_w = 99, .box_w = 8, .box_h = 12, .ofs_x = -1, .ofs_y = -5},
    {.bitmap_index = 18683, .adv_w = 158, .box_w = 8, .box_h = 14, .ofs_x = 1, .ofs_y = 0},
    {.bitmap_index = 18739, .adv_w = 174, .box_w = 11, .box_h = 15, .ofs_x = 0, .ofs_y = 0},
    {.bitmap_index = 18822, .adv_w = 310, .box_w = 19, .box_h = 11, .ofs_x = 0, .ofs_y = 0},
    {.bitmap_index = 18927, .adv_w = 313, .box_w = 20, .box_h = 11, .ofs_x = 0, .ofs_y = 0},
    {.bitmap_index = 19037, .adv_w = 131, .box_w = 10, .box_h = 13, .ofs_x = -1, .ofs_y = 0},
    {.bitmap_index = 19102, .adv_w = 135, .box_w = 10, .box_h = 12, .ofs_x = -1, .ofs_y = 0},
    {.bitmap_index = 19162, .adv_w = 310, .box_w = 19, .box_h = 13, .ofs_x = 0, .ofs_y = 0},
    {.bitmap_index = 19286, .adv_w = 313, .box_w = 20, .box_h = 12, .ofs_x = 0, .ofs_y = 0},
    {.bitmap_index = 19406, .adv_w = 131, .box_w = 9, .box_h = 16, .ofs_x = -1, .ofs_y = 0},
    {.bitmap_index = 19478, .adv_w = 135, .box_w = 10, .box_h = 14, .ofs_x = -1, .ofs_y = 0},
    {.bitmap_index = 19548, .adv_w = 234, .box_w = 14, .box_h = 19, .ofs_x = 0, .ofs_y = -8},
    {.bitmap_index = 19681, .adv_w = 236, .box_w = 15, .box_h = 19, .ofs_x = 0, .ofs_y = -8},
    {.bitmap_index = 19824, .adv_w = 215, .box_w = 14, .box_h = 15, .ofs_x = -1, .ofs_y = -5},
    {.bitmap_index = 19929, .adv_w = 219, .box_w = 15, .box_h = 15, .ofs_x = -1, .ofs_y = -5},
    {.bitmap_index = 20042, .adv_w = 234, .box_w = 14, .box_h = 19, .ofs_x = 0, .ofs_y = -8},
    {.bitmap_index = 20175, .adv_w = 236, .box_w = 15, .box_h = 19, .ofs_x = 0, .ofs_y = -8},
    {.bitmap_index = 20318, .adv_w = 215, .box_w = 14, .box_h = 10, .ofs_x = -1, .ofs_y = 0},
    {.bitmap_index = 20388, .adv_w = 219, .box_w = 15, .box_h = 10, .ofs_x = -1, .ofs_y = 0},
    {.bitmap_index = 20463, .adv_w = 234, .box_w = 14, .box_h = 23, .ofs_x = 0, .ofs_y = -8},
    {.bitmap_index = 20624, .adv_w = 236, .box_w = 15, .box_h = 23, .ofs_x = 0, .ofs_y = -8},
    {.bitmap_index = 20797, .adv_w = 215, .box_w = 14, .box_h = 14, .ofs_x = -1, .ofs_y = 0},
    {.bitmap_index = 20895, .adv_w = 219, .box_w = 15, .box_h = 14, .ofs_x = -1, .ofs_y = 0},
    {.bitmap_index = 21000, .adv_w = 180, .box_w = 10, .box_h = 11, .ofs_x = 1, .ofs_y = 0},
    {.bitmap_index = 21055, .adv_w = 190, .box_w = 11, .box_h = 11, .ofs_x = 1, .ofs_y = 0},
    {.bitmap_index = 21116, .adv_w = 180, .box_w = 10, .box_h = 16, .ofs_x = 1, .ofs_y = 0},
    {.bitmap_index = 21196, .adv_w = 190, .box_w = 11, .box_h = 16, .ofs_x = 1, .ofs_y = 0},
    {.bitmap_index = 21284, .adv_w = 117, .box_w = 7, .box_h = 13, .ofs_x = 0, .ofs_y = -6},
    {.bitmap_index = 21330, .adv_w = 109, .box_w = 7, .box_h = 13, .ofs_x = 0, .ofs_y = -6},
    {.bitmap_index = 21376, .adv_w = 117, .box_w = 7, .box_h = 18, .ofs_x = 0, .ofs_y = -6},
    {.bitmap_index = 21439, .adv_w = 109, .box_w = 7, .box_h = 18, .ofs_x = 0, .ofs_y = -6},
    {.bitmap_index = 21502, .adv_w = 392, .box_w = 24, .box_h = 15, .ofs_x = 0, .ofs_y = -6},
    {.bitmap_index = 21682, .adv_w = 404, .box_w = 26, .box_h = 14, .ofs_x = 0, .ofs_y = -6},
    {.bitmap_index = 21864, .adv_w = 247, .box_w = 16, .box_h = 9, .ofs_x = -1, .ofs_y = 0},
    {.bitmap_index = 21936, .adv_w = 253, .box_w = 17, .box_h = 8, .ofs_x = -1, .ofs_y = 0},
    {.bitmap_index = 22004, .adv_w = 392, .box_w = 24, .box_h = 21, .ofs_x = 0, .ofs_y = -6},
    {.bitmap_index = 22256, .adv_w = 404, .box_w = 26, .box_h = 21, .ofs_x = 0, .ofs_y = -6},
    {.bitmap_index = 22529, .adv_w = 247, .box_w = 16, .box_h = 15, .ofs_x = -1, .ofs_y = 0},
    {.bitmap_index = 22649, .adv_w = 253, .box_w = 17, .box_h = 14, .ofs_x = -1, .ofs_y = 0},
    {.bitmap_index = 22768, .adv_w = 417, .box_w = 26, .box_h = 15, .ofs_x = 0, .ofs_y = -6},
    {.bitmap_index = 22963, .adv_w = 422, .box_w = 27, .box_h = 15, .ofs_x = 0, .ofs_y = -6},
    {.bitmap_index = 23166, .adv_w = 258, .box_w = 17, .box_h = 9, .ofs_x = -1, .ofs_y = 0},
    {.bitmap_index = 23243, .adv_w = 263, .box_w = 18, .box_h = 9, .ofs_x = -1, .ofs_y = 0},
    {.bitmap_index = 23324, .adv_w = 417, .box_w = 26, .box_h = 20, .ofs_x = 0, .ofs_y = -6},
    {.bitmap_index = 23584, .adv_w = 422, .box_w = 27, .box_h = 20, .ofs_x = 0, .ofs_y = -6},
    {.bitmap_index = 23854, .adv_w = 258, .box_w = 17, .box_h = 14, .ofs_x = -1, .ofs_y = 0},
    {.bitmap_index = 23973, .adv_w = 263, .box_w = 18, .box_h = 14, .ofs_x = -1, .ofs_y = 0},
    {.bitmap_index = 24099, .adv_w = 229, .box_w = 13, .box_h = 14, .ofs_x = 1, .ofs_y = 0},
    {.bitmap_index = 24190, .adv_w = 225, .box_w = 14, .box_h = 14, .ofs_x = 1, .ofs_y = 0},
    {.bitmap_index = 24288, .adv_w = 212, .box_w = 14, .box_h = 14, .ofs_x = -1, .ofs_y = 0},
    {.bitmap_index = 24386, .adv_w = 217, .box_w = 15, .box_h = 14, .ofs_x = -1, .ofs_y = 0},
    {.bitmap_index = 24491, .adv_w = 229, .box_w = 13, .box_h = 15, .ofs_x = 1, .ofs_y = 0},
    {.bitmap_index = 24589, .adv_w = 225, .box_w = 14, .box_h = 15, .ofs_x = 1, .ofs_y = 0},
    {.bitmap_index = 24694, .adv_w = 212, .box_w = 14, .box_h = 15, .ofs_x = -1, .ofs_y = 0},
    {.bitmap_index = 24799, .adv_w = 217, .box_w = 15, .box_h = 15, .ofs_x = -1, .ofs_y = 0},
    {.bitmap_index = 24912, .adv_w = 206, .box_w = 12, .box_h = 17, .ofs_x = 0, .ofs_y = -6},
    {.bitmap_index = 25014, .adv_w = 199, .box_w = 13, .box_h = 16, .ofs_x = 0, .ofs_y = -6},
    {.bitmap_index = 25118, .adv_w = 171, .box_w = 11, .box_h = 9, .ofs_x = -1, .ofs_y = 0},
    {.bitmap_index = 25168, .adv_w = 167, .box_w = 12, .box_h = 9, .ofs_x = -1, .ofs_y = 0},
    {.bitmap_index = 25222, .adv_w = 206, .box_w = 12, .box_h = 22, .ofs_x = 0, .ofs_y = -6},
    {.bitmap_index = 25354, .adv_w = 199, .box_w = 13, .box_h = 21, .ofs_x = 0, .ofs_y = -6},
    {.bitmap_index = 25491, .adv_w = 171, .box_w = 11, .box_h = 13, .ofs_x = -1, .ofs_y = 0},
    {.bitmap_index = 25563, .adv_w = 167, .box_w = 12, .box_h = 14, .ofs_x = -1, .ofs_y = 0},
    {.bitmap_index = 25647, .adv_w = 312, .box_w = 19, .box_h = 17, .ofs_x = 0, .ofs_y = 0},
    {.bitmap_index = 25809, .adv_w = 312, .box_w = 20, .box_h = 14, .ofs_x = 0, .ofs_y = 0},
    {.bitmap_index = 25949, .adv_w = 157, .box_w = 10, .box_h = 18, .ofs_x = -1, .ofs_y = 0},
    {.bitmap_index = 26039, .adv_w = 157, .box_w = 11, .box_h = 15, .ofs_x = -1, .ofs_y = 0},
    {.bitmap_index = 26122, .adv_w = 241, .box_w = 15, .box_h = 20, .ofs_x = 0, .ofs_y = -6},
    {.bitmap_index = 26272, .adv_w = 237, .box_w = 15, .box_h = 19, .ofs_x = 0, .ofs_y = -6},
    {.bitmap_index = 26415, .adv_w = 157, .box_w = 10, .box_h = 17, .ofs_x = -1, .ofs_y = 0},
    {.bitmap_index = 26500, .adv_w = 157, .box_w = 11, .box_h = 15, .ofs_x = -1, .ofs_y = 0},
    {.bitmap_index = 26583, .adv_w = 310, .box_w = 19, .box_h = 16, .ofs_x = 0, .ofs_y = 0},
    {.bitmap_index = 26735, .adv_w = 319, .box_w = 21, .box_h = 16, .ofs_x = 0, .ofs_y = 0},
    {.bitmap_index = 26903, .adv_w = 156, .box_w = 11, .box_h = 16, .ofs_x = -1, .ofs_y = 0},
    {.bitmap_index = 26991, .adv_w = 164, .box_w = 12, .box_h = 16, .ofs_x = -1, .ofs_y = 0},
    {.bitmap_index = 27087, .adv_w = 230, .box_w = 14, .box_h = 20, .ofs_x = 0, .ofs_y = -6},
    {.bitmap_index = 27227, .adv_w = 238, .box_w = 15, .box_h = 20, .ofs_x = 0, .ofs_y = -6},
    {.bitmap_index = 27377, .adv_w = 83, .box_w = 6, .box_h = 14, .ofs_x = -1, .ofs_y = 0},
    {.bitmap_index = 27419, .adv_w = 92, .box_w = 7, .box_h = 14, .ofs_x = -1, .ofs_y = 0},
    {.bitmap_index = 27468, .adv_w = 188, .box_w = 11, .box_h = 15, .ofs_x = 1, .ofs_y = -6},
    {.bitmap_index = 27551, .adv_w = 194, .box_w = 12, .box_h = 15, .ofs_x = 1, .ofs_y = -6},
    {.bitmap_index = 27641, .adv_w = 170, .box_w = 11, .box_h = 10, .ofs_x = -1, .ofs_y = -1},
    {.bitmap_index = 27696, .adv_w = 176, .box_w = 13, .box_h = 10, .ofs_x = -1, .ofs_y = -1},
    {.bitmap_index = 27761, .adv_w = 231, .box_w = 14, .box_h = 15, .ofs_x = 0, .ofs_y = -6},
    {.bitmap_index = 27866, .adv_w = 233, .box_w = 15, .box_h = 15, .ofs_x = 0, .ofs_y = -6},
    {.bitmap_index = 27979, .adv_w = 107, .box_w = 8, .box_h = 14, .ofs_x = -1, .ofs_y = 0},
    {.bitmap_index = 28035, .adv_w = 99, .box_w = 8, .box_h = 12, .ofs_x = -1, .ofs_y = 0},
    {.bitmap_index = 28083, .adv_w = 158, .box_w = 8, .box_h = 11, .ofs_x = 1, .ofs_y = 0},
    {.bitmap_index = 28127, .adv_w = 174, .box_w = 11, .box_h = 11, .ofs_x = 0, .ofs_y = 0},
    {.bitmap_index = 28188, .adv_w = 216, .box_w = 14, .box_h = 12, .ofs_x = -1, .ofs_y = -1},
    {.bitmap_index = 28272, .adv_w = 156, .box_w = 11, .box_h = 15, .ofs_x = -1, .ofs_y = -5},
    {.bitmap_index = 28355, .adv_w = 171, .box_w = 10, .box_h = 15, .ofs_x = 0, .ofs_y = -6},
    {.bitmap_index = 28430, .adv_w = 167, .box_w = 11, .box_h = 15, .ofs_x = 0, .ofs_y = -6},
    {.bitmap_index = 28513, .adv_w = 236, .box_w = 14, .box_h = 15, .ofs_x = 0, .ofs_y = -6},
    {.bitmap_index = 28618, .adv_w = 228, .box_w = 15, .box_h = 12, .ofs_x = 0, .ofs_y = -6},
    {.bitmap_index = 28708, .adv_w = 236, .box_w = 14, .box_h = 15, .ofs_x = 0, .ofs_y = -6},
    {.bitmap_index = 28813, .adv_w = 228, .box_w = 15, .box_h = 12, .ofs_x = 0, .ofs_y = -6},
    {.bitmap_index = 28903, .adv_w = 131, .box_w = 10, .box_h = 14, .ofs_x = -2, .ofs_y = -5},
    {.bitmap_index = 28973, .adv_w = 135, .box_w = 10, .box_h = 12, .ofs_x = -1, .ofs_y = -5},
    {.bitmap_index = 29033, .adv_w = 189, .box_w = 11, .box_h = 17, .ofs_x = 0, .ofs_y = 0},
    {.bitmap_index = 29127, .adv_w = 199, .box_w = 13, .box_h = 17, .ofs_x = 0, .ofs_y = 0},
    {.bitmap_index = 29238, .adv_w = 189, .box_w = 12, .box_h = 19, .ofs_x = -1, .ofs_y = 0},
    {.bitmap_index = 29352, .adv_w = 199, .box_w = 14, .box_h = 19, .ofs_x = -1, .ofs_y = 0},
    {.bitmap_index = 29485, .adv_w = 189, .box_w = 11, .box_h = 20, .ofs_x = 0, .ofs_y = -6},
    {.bitmap_index = 29595, .adv_w = 199, .box_w = 13, .box_h = 20, .ofs_x = 0, .ofs_y = -6},
    {.bitmap_index = 29725, .adv_w = 189, .box_w = 10, .box_h = 14, .ofs_x = 1, .ofs_y = 0},
    {.bitmap_index = 29795, .adv_w = 199, .box_w = 12, .box_h = 14, .ofs_x = 1, .ofs_y = 0},
    {.bitmap_index = 29879, .adv_w = 0, .box_w = 0, .box_h = 0, .ofs_x = 0, .ofs_y = 0}
};

/*---------------------
 *  CHARACTER MAPPING
 *--------------------*/

static const uint16_t unicode_list_5[] = {
    0x0, 0xf, 0x13
};

static const uint16_t unicode_list_9[] = {
    0x0, 0x8, 0x1a, 0x23, 0x26, 0x2b, 0x31, 0x3c,
    0x42, 0x4e, 0x72, 0x73, 0x74, 0x75, 0x76, 0x77,
    0x78, 0x79, 0x7a, 0x7b, 0xf4d2, 0xf4d3, 0xf4d8, 0xf4d9,
    0xf4da, 0xf4db, 0xf4ec, 0xf4ed, 0xf4ee, 0xf4ef, 0xf4fc, 0xf4fd,
    0xf4fe, 0xf4ff, 0xf50c, 0xf50d, 0xf510, 0xf511, 0xf512, 0xf513,
    0xf514, 0xf515, 0xf516, 0xf517, 0xf521, 0xf526, 0xf527, 0xf534,
    0xf535, 0xf536, 0xf537, 0xf538, 0xf53b, 0xf57e, 0xf57f, 0xf580,
    0xf581, 0xf6c0, 0xf6c1, 0xf774, 0xf77e
};

/*Collect the unicode lists and glyph_id offsets*/
static const lv_font_fmt_txt_cmap_t cmaps[] =
{
    {
        .range_start = 32, .range_length = 28, .glyph_id_start = 1,
        .unicode_list = NULL, .glyph_id_ofs_list = NULL, .list_length = 0, .type = LV_FONT_FMT_TXT_CMAP_FORMAT0_TINY
    },
    {
        .range_start = 61, .range_length = 1, .glyph_id_start = 29,
        .unicode_list = NULL, .glyph_id_ofs_list = NULL, .list_length = 0, .type = LV_FONT_FMT_TXT_CMAP_FORMAT0_TINY
    },
    {
        .range_start = 63, .range_length = 31, .glyph_id_start = 30,
        .unicode_list = NULL, .glyph_id_ofs_list = NULL, .list_length = 0, .type = LV_FONT_FMT_TXT_CMAP_FORMAT0_TINY
    },
    {
        .range_start = 95, .range_length = 1, .glyph_id_start = 61,
        .unicode_list = NULL, .glyph_id_ofs_list = NULL, .list_length = 0, .type = LV_FONT_FMT_TXT_CMAP_FORMAT0_TINY
    },
    {
        .range_start = 97, .range_length = 29, .glyph_id_start = 62,
        .unicode_list = NULL, .glyph_id_ofs_list = NULL, .list_length = 0, .type = LV_FONT_FMT_TXT_CMAP_FORMAT0_TINY
    },
    {
        .range_start = 1548, .range_length = 20, .glyph_id_start = 91,
        .unicode_list = unicode_list_5, .glyph_id_ofs_list = NULL, .list_length = 3, .type = LV_FONT_FMT_TXT_CMAP_SPARSE_TINY
    },
    {
        .range_start = 1569, .range_length = 26, .glyph_id_start = 94,
        .unicode_list = NULL, .glyph_id_ofs_list = NULL, .list_length = 0, .type = LV_FONT_FMT_TXT_CMAP_FORMAT0_TINY
    },
    {
        .range_start = 1600, .range_length = 23, .glyph_id_start = 120,
        .unicode_list = NULL, .glyph_id_ofs_list = NULL, .list_length = 0, .type = LV_FONT_FMT_TXT_CMAP_FORMAT0_TINY
    },
    {
        .range_start = 1632, .range_length = 18, .glyph_id_start = 143,
        .unicode_list = NULL, .glyph_id_ofs_list = NULL, .list_length = 0, .type = LV_FONT_FMT_TXT_CMAP_FORMAT0_TINY
    },
    {
        .range_start = 1662, .range_length = 63359, .glyph_id_start = 161,
        .unicode_list = unicode_list_9, .glyph_id_ofs_list = NULL, .list_length = 61, .type = LV_FONT_FMT_TXT_CMAP_SPARSE_TINY
    },
    {
        .range_start = 65152, .range_length = 125, .glyph_id_start = 222,
        .unicode_list = NULL, .glyph_id_ofs_list = NULL, .list_length = 0, .type = LV_FONT_FMT_TXT_CMAP_FORMAT0_TINY
    },
    {
        .range_start = 65279, .range_length = 1, .glyph_id_start = 347,
        .unicode_list = NULL, .glyph_id_ofs_list = NULL, .list_length = 0, .type = LV_FONT_FMT_TXT_CMAP_FORMAT0_TINY
    }
};

/*-----------------
 *    KERNING
 *----------------*/


/*Map glyph_ids to kern left classes*/
static const uint8_t kern_left_class_mapping[] =
{
    0, 1, 1, 1, 1, 1, 1, 1,
    1, 1, 1, 1, 1, 1, 1, 1,
    1, 2, 3, 1, 1, 4, 1, 1,
    5, 4, 4, 1, 1, 1, 1, 1,
    6, 7, 8, 9, 10, 11, 12, 13,
    13, 14, 15, 16, 13, 13, 17, 18,
    19, 20, 21, 22, 23, 24, 25, 26,
    27, 28, 1, 1, 1, 1, 29, 30,
    31, 32, 33, 34, 35, 1, 36, 37,
    38, 39, 1, 1, 40, 40, 32, 41,
    40, 42, 43, 44, 44, 45, 46, 1,
    1, 1, 1, 1, 1, 1, 1, 47,
    47, 48, 49, 1, 47, 1, 1, 1,
    1, 1, 1, 1, 50, 50, 51, 52,
    1, 1, 1, 1, 1, 1, 1, 1,
    1, 1, 1, 1, 1, 1, 1, 1,
    48, 1, 1, 1, 1, 1, 1, 1,
    1, 1, 1, 1, 1, 1, 1, 53,
    1, 1, 1, 1, 53, 1, 1, 53,
    1, 1, 1, 1, 1, 1, 1, 1,
    47, 1, 1, 54, 1, 1, 1, 1,
    1, 1, 1, 55, 1, 56, 57, 58,
    59, 60, 60, 61, 62, 47, 47, 1,
    1, 1, 1, 1, 1, 1, 1, 1,
    1, 1, 1, 54, 54, 1, 1, 1,
    1, 1, 1, 1, 1, 1, 1, 1,
    1, 1, 1, 1, 1, 1, 1, 1,
    1, 1, 1, 1, 1, 1, 1, 47,
    47, 47, 47, 48, 48, 49, 47, 1,
    1, 1, 1, 47, 47, 1, 1, 1,
    1, 1, 1, 1, 1, 1, 1, 1,
    1, 1, 1, 1, 1, 1, 1, 1,
    1, 1, 1, 1, 1, 1, 1, 50,
    50, 50, 50, 51, 51, 52, 52, 1,
    1, 1, 1, 1, 1, 1, 1, 1,
    1, 1, 1, 1, 1, 1, 1, 1,
    1, 1, 1, 1, 1, 1, 1, 1,
    1, 1, 1, 1, 1, 1, 1, 1,
    1, 1, 1, 1, 1, 1, 1, 1,
    1, 1, 1, 1, 1, 1, 1, 1,
    1, 1, 1, 1, 1, 1, 1, 1,
    1, 1, 1, 48, 48, 1, 1, 1,
    1, 1, 1, 63, 63, 63, 63, 63,
    63, 63, 63, 1
};

/*Map glyph_ids to kern right classes*/
static const uint8_t kern_right_class_mapping[] =
{
    0, 0, 0, 0, 0, 0, 0, 0,
    0, 0, 0, 0, 0, 1, 2, 3,
    0, 4, 5, 0, 0, 4, 4, 6,
    7, 0, 8, 0, 0, 0, 0, 0,
    9, 10, 11, 12, 13, 14, 15, 13,
    13, 16, 17, 18, 13, 13, 19, 20,
    21, 22, 23, 24, 25, 26, 27, 28,
    29, 30, 0, 0, 0, 0, 31, 32,
    33, 34, 35, 36, 34, 37, 38, 39,
    37, 37, 40, 40, 41, 42, 34, 43,
    34, 44, 34, 45, 45, 46, 47, 48,
    0, 0, 0, 0, 0, 0, 0, 49,
    49, 0, 50, 0, 49, 51, 51, 51,
    51, 0, 0, 0, 52, 52, 0, 0,
    51, 51, 51, 51, 51, 51, 53, 54,
    0, 51, 55, 49, 56, 51, 55, 51,
    0, 0, 0, 0, 0, 0, 0, 0,
    0, 0, 0, 0, 0, 0, 0, 0,
    0, 0, 0, 0, 0, 57, 0, 0,
    0, 0, 0, 0, 0, 0, 0, 0,
    58, 51, 0, 59, 0, 51, 60, 60,
    0, 51, 0, 61, 0, 0, 0, 0,
    62, 63, 64, 65, 66, 58, 0, 51,
    0, 0, 0, 51, 0, 51, 0, 0,
    0, 51, 0, 59, 0, 60, 0, 60,
    0, 60, 0, 60, 0, 0, 51, 0,
    0, 0, 0, 0, 0, 0, 0, 0,
    0, 0, 0, 0, 0, 0, 0, 49,
    0, 49, 0, 0, 0, 50, 0, 0,
    0, 51, 0, 49, 0, 51, 0, 67,
    0, 51, 0, 51, 0, 68, 0, 51,
    0, 69, 0, 0, 0, 51, 0, 0,
    0, 51, 0, 0, 0, 51, 0, 52,
    0, 52, 0, 0, 0, 0, 0, 51,
    0, 51, 0, 51, 0, 51, 0, 51,
    0, 51, 0, 51, 0, 51, 0, 51,
    0, 51, 0, 51, 0, 51, 0, 53,
    0, 70, 0, 54, 0, 70, 0, 51,
    0, 51, 0, 55, 0, 51, 0, 49,
    0, 60, 0, 56, 0, 71, 0, 51,
    0, 51, 0, 55, 0, 51, 0, 51,
    0, 51, 0, 0, 0, 0, 0, 0,
    0, 0, 0, 49, 0, 49, 0, 49,
    0, 49, 0, 0
};

/*Kern values between classes*/
static const int8_t kern_class_values[] =
{
    0, 0, 0, 0, 0, 0, 0, 0,
    0, 0, 0, 0, 0, 0, 0, 0,
    0, 0, 0, 0, 0, 0, 0, 0,
    0, 0, 0, 0, 0, 0, 0, 0,
    0, 0, 0, 0, 0, 0, 0, 0,
    0, 0, 0, 0, 0, 0, 0, 0,
    10, 10, 0, 0, -21, -21, -11, 10,
    0, 10, 7, 7, 0, 0, 0, 0,
    0, 0, 0, 0, 10, -14, 0, 0,
    0, 0, 0, 0, 0, 0, -5, 0,
    0, 0, 0, 0, 0, 0, 0, 0,
    0, 0, 0, 0, 0, 0, 0, 0,
    0, 0, 0, 0, 0, 0, 0, 0,
    0, 0, 0, 0, 0, 0, 0, 0,
    0, 0, 0, 0, 0, 0, 0, 10,
    10, 0, 0, -21, -21, -11, 10, 0,
    10, 7, 7, 0, 0, 0, 0, 0,
    0, 0, 0, 10, -14, 0, 0, 0,
    0, 5, 3, 3, 3, 0, 0, 0,
    0, 0, 0, 0, 0, 0, 0, 0,
    0, 0, 0, 0, 0, 0, 0, 0,
    0, 0, 0, 0, 0, 0, 0, 0,
    0, 0, 0, 0, 0, 0, 0, 0,
    0, 0, 0, 0, 0, 0, 10, 10,
    0, 0, -21, -21, -11, 10, 0, 10,
    7, 7, 0, 0, 0, 0, 0, 0,
    0, 0, 10, -14, 0, 0, 0, 0,
    0, 0, 0, -2, 0, 0, 0, 0,
    0, 0, 0, 0, 0, 0, 0, 0,
    0, 0, 0, 0, 0, 0, 0, 0,
    0, 0, 0, 0, 0, 0, 0, 0,
    0, 0, 0, 0, 0, 0, 0, 0,
    0, 0, 0, 0, 0, 10, 10, 0,
    0, -21, -21, -11, 10, 0, 10, 7,
    7, 0, 0, 0, 0, 0, 0, 0,
    0, 10, -14, 0, -8, 0, -11, 0,
    3, 0, 8, 0, 0, 0, 0, 0,
    0, 0, 0, 0, 0, 0, 0, 0,
    0, 0, 0, 0, 0, 0, 0, 0,
    0, 0, 0, 0, 0, 0, 0, 0,
    0, 0, 0, 0, 0, 0, 0, 0,
    0, 0, 0, 0, 10, 10, 0, 0,
    -21, -21, -11, 10, 0, 10, 7, 7,
    0, 0, 0, 0, 0, 0, 0, 0,
    10, -14, 0, 0, 0, 0, 0, 0,
    0, 0, 0, 4, -2, -7, 0, 0,
    0, -7, -5, 0, 0, -7, 0, -7,
    0, -7, -2, -7, -26, -2, 0, -2,
    8, -3, 0, -3, -3, -3, 0, 0,
    0, 0, 0, -3, 0, 0, 0, -26,
    11, -2, 0, 0, 0, 0, 0, 0,
    0, 0, 0, 0, 0, 0, 0, 0,
    0, 0, 0, 0, 0, 0, 0, 0,
    0, 0, 0, 0, 0, 0, 0, 0,
    0, 0, -5, -2, -2, -2, -2, -2,
    -2, -3, -2, -2, -2, -2, -2, -2,
    -2, 0, -2, -8, -8, -8, -7, 0,
    -2, -2, -2, -2, -2, 0, -2, 0,
    0, 0, -2, -2, 0, 0, -8, 0,
    0, 0, 0, 0, 0, 0, 0, 0,
    0, 0, 0, 0, 0, 0, 0, 0,
    0, 0, 0, 0, 0, 0, 0, 0,
    0, 0, 0, 0, 0, 0, 0, 0,
    0, -7, -2, 5, -2, -2, -2, 5,
    5, -2, -2, 3, -2, 3, -2, 5,
    -3, 3, 5, 5, 0, -7, 7, 5,
    -2, 5, 5, 5, 0, -2, -2, -2,
    0, 5, -2, 0, 0, 5, 5, 5,
    5, 0, 0, 0, 0, 0, 0, 0,
    0, 0, 0, 0, 0, 0, 0, 0,
    0, 0, 0, 0, 0, 0, 0, 0,
    0, 0, 0, 0, 0, 0, 0, 0,
    -7, -2, 5, -2, -2, -2, 5, 1,
    -2, -2, 3, -2, 3, -2, 5, -3,
    3, 5, 5, 0, -7, 7, 5, -2,
    5, 5, 5, 0, -2, -2, -2, 0,
    5, -2, 0, 0, 5, 5, 5, 5,
    0, 0, 0, 0, 0, 0, 0, 0,
    0, 0, 0, 0, 0, 0, 0, 0,
    0, 0, 0, 0, 0, 0, 0, 0,
    0, 0, 0, 0, 0, 0, 0, 0,
    -2, 4, -2, -2, -2, 4, -11, -2,
    -2, 4, -2, 4, -2, 4, 7, 4,
    4, 4, 0, 0, 5, -2, -2, -2,
    -2, -2, 0, -2, 0, 0, 0, -2,
    -2, 0, 0, 4, 5, 4, 0, 0,
    0, 0, 0, 0, 0, 0, 0, 0,
    0, 0, 0, 0, 0, 0, 0, 0,
    0, 0, 0, 0, 0, 0, -14, 0,
    0, 0, 0, 0, 0, 0, -17, -2,
    -3, -2, -2, -2, -3, -28, -2, -2,
    -3, -2, -3, -2, -3, 7, -3, 0,
    0, 7, 0, 7, -5, 0, 0, 0,
    0, 0, 0, 0, 0, -2, 0, 0,
    0, 0, 0, 0, 0, 0, 0, 0,
    0, 0, 0, 0, 0, 0, 0, 0,
    0, 0, 0, 0, 0, 0, 0, 0,
    0, 0, 0, 0, 0, 0, 0, 0,
    0, 0, 0, 0, 0, -7, -2, 5,
    -2, -2, -2, 5, -2, -11, -2, 3,
    -2, 3, -2, 5, -7, 3, 5, 5,
    0, -7, 7, 5, -2, 5, 5, 5,
    0, -2, -2, -2, 0, 5, -2, 0,
    0, 5, 5, 5, 5, 0, 0, 0,
    0, 0, 0, 0, 0, 0, 0, 0,
    0, 0, 0, 0, 0, 0, 0, 0,
    0, 0, 0, 0, 0, 0, 0, 0,
    0, 0, 0, 0, 0, 7, -2, 7,
    7, 7, -2, -2, 7, 7, 1, 7,
    -2, 7, -2, 0, -2, 0, 0, 0,
    0, 0, 0, 0, 0, 0, 0, 0,
    0, 0, 0, 0, 0, 0, 0, 0,
    0, 0, 0, 0, 0, 0, 0, 0,
    0, 0, 0, 0, 0, 0, 0, 0,
    0, 0, 0, 0, 0, 0, 0, 0,
    0, 0, 0, 0, 0, 0, 0, 0,
    0, 0, 0, -7, -2, 5, -2, -2,
    -2, 5, -2, -2, -2, 3, -4, 3,
    -2, 5, 0, 3, 0, 0, 0, 0,
    7, 5, -2, 5, 5, 5, 0, -2,
    -2, -2, 0, 5, -2, 0, 0, 0,
    5, 5, 5, 0, 0, 0, 0, 0,
    0, 0, 0, 0, 0, 0, 0, 0,
    0, 0, 0, 0, 0, 0, 0, 0,
    0, 0, 0, -14, 0, 0, 0, 0,
    0, 0, 4, 0, -12, 0, 0, 0,
    -12, -10, 0, 0, -12, 0, -12, 0,
    -12, 0, -2, 0, 0, 11, 0, 5,
    0, 0, 0, 0, 0, 0, 0, 0,
    0, 0, 0, 0, 0, 0, 0, 0,
    0, 0, 0, 0, 0, 0, 0, 0,
    0, 0, 0, 0, 0, 0, 0, 0,
    0, 0, 0, 0, 0, 0, 0, 0,
    0, 0, 0, 0, 0, 0, 0, 0,
    0, 4, 0, -4, 0, 0, 0, -4,
    -2, 0, 0, -4, 0, -4, 0, -4,
    -18, -4, -26, -26, 0, -31, 8, -3,
    0, -3, -3, -3, 0, 0, 0, 0,
    0, -3, 0, 0, 0, -26, 0, -2,
    0, 0, 0, 0, 0, 0, 0, 0,
    0, 0, 0, 0, 0, 0, 0, 0,
    0, 0, 0, 0, 0, 0, 0, 0,
    0, 0, 0, 0, 0, 0, 0, 0,
    -7, -2, 5, -2, -2, -2, 5, -2,
    -2, -2, 3, -2, 3, -2, 5, -3,
    3, 5, 5, 0, -7, 7, 5, -2,
    5, 5, 5, 0, -2, -2, -2, 0,
    5, -2, 0, 0, 5, 5, 5, 5,
    0, 0, 0, 0, 0, 0, 0, 0,
    0, 0, 0, 0, 0, 0, 0, 0,
    0, 0, 0, 0, 0, 0, 0, -14,
    0, 0, 0, 0, 0, 0, 0, -17,
    0, -2, 0, 0, 0, -2, -14, 0,
    0, -2, 0, -2, -2, -2, 0, -2,
    -4, -4, 0, -5, 7, 0, 0, 0,
    0, 0, 0, 0, 0, 0, 0, 0,
    0, 0, 2, -4, 0, 0, 0, 0,
    0, 0, 0, 0, 0, 0, 0, 0,
    0, 0, 0, 0, 0, 0, 0, 0,
    0, 0, 0, 0, 0, 0, 8, 0,
    0, 0, 0, 0, 0, 0, -2, 0,
    -2, 0, 0, 0, -2, 0, 0, 0,
    -2, 0, -2, 0, -2, -7, -2, 0,
    0, 0, -11, 5, 0, 0, 0, 0,
    0, 0, 0, 0, 0, 0, 0, 0,
    0, 0, 0, 0, 0, 0, 0, 0,
    0, 0, 0, 0, 0, 0, 0, 0,
    0, 0, 0, 0, 0, 0, 0, 0,
    0, 0, 0, 0, 0, 0, 0, 0,
    0, 0, 0, 0, 0, 0, 0, 0,
    0, 0, 0, 0, -14, 0, 0, 0,
    0, 0, 0, 0, 0, 0, -5, -5,
    0, -8, 0, 0, 0, 0, 0, 0,
    0, 0, -2, 0, 0, 0, 0, 0,
    0, -5, 0, 0, 0, 0, 0, 0,
    0, 0, 0, 0, 0, 0, 0, 0,
    0, 0, 0, 0, 0, 0, 0, 0,
    0, 0, 0, 0, 0, 0, 0, 0,
    0, 0, 0, 0, -7, -2, 0, -2,
    -2, -2, 5, -2, -2, -2, 3, -2,
    3, -2, 5, -3, 3, 5, 5, 0,
    -7, 7, 5, -2, 5, 5, 5, 0,
    -2, -2, -2, 0, 5, -2, 0, 0,
    5, 5, 5, 5, 0, 0, 0, 0,
    0, 0, 0, 0, 0, 0, 0, 0,
    0, 0, 0, 0, 0, 0, 0, 0,
    0, 0, 0, -14, 0, 0, 0, 0,
    0, 0, 0, -2, 0, -3, 0, 0,
    7, -7, -28, 0, -7, -3, 0, -3,
    -2, -3, 7, -3, 11, 11, 7, 11,
    7, -17, 0, -17, -17, -17, 0, 0,
    0, 0, -2, -17, 0, 0, 0, 0,
    0, 0, 0, 0, 0, 0, 0, 0,
    0, 0, 0, 0, 0, 0, 0, 0,
    0, 0, 0, 0, 0, 0, 0, 0,
    0, 0, 0, 0, 0, 0, 0, 0,
    0, 0, -7, -2, 5, -2, -2, -2,
    5, -2, -2, -2, 3, -2, 3, -2,
    5, -3, 3, 5, 5, 0, -7, 7,
    5, -2, 5, 5, 5, 0, -2, -2,
    -2, 0, 5, -2, 0, 0, 5, 5,
    5, 5, 0, 0, 0, 0, 0, 0,
    0, 0, 0, 0, 0, 0, 0, 0,
    0, 0, 0, 0, 0, 0, 0, 0,
    0, -14, 0, 0, 0, 0, 0, 0,
    0, -2, -7, -5, -2, -2, -2, -5,
    -16, -2, 0, -5, -2, -5, -11, -4,
    11, -5, 3, 3, 7, 7, 7, -9,
    0, -9, -9, -9, 0, 0, 0, 0,
    0, -9, -2, 0, 0, 3, 0, 0,
    0, 0, 0, 0, 0, 0, 0, 0,
    0, 0, 0, 0, 0, 0, 0, 0,
    0, 0, 0, 0, 0, 0, 0, 0,
    -14, 0, 0, 0, 0, 0, 0, 0,
    -2, -7, -5, -2, -2, -2, -5, -16,
    -2, 0, -5, -2, -5, -11, -4, 11,
    -5, 3, 3, 7, 18, 7, -9, 0,
    -9, -9, -9, 0, 0, 0, 0, 0,
    -9, -2, 0, 0, 3, 0, 0, 0,
    0, 0, 0, 0, 0, 0, 0, 0,
    0, 0, 0, 0, 0, 0, 0, 0,
    0, 0, 0, 0, 0, 0, 0, 0,
    -8, 0, 0, 0, 0, 0, 0, 4,
    0, -5, 0, 0, 0, -5, -5, 7,
    0, -5, 0, -5, 0, -5, 7, 0,
    7, 7, 7, 0, 14, 0, 0, 0,
    0, 0, 0, 0, 0, 0, 0, 0,
    0, 0, 0, 7, 0, 0, 0, 0,
    0, 0, 0, 0, 0, 0, 0, 0,
    0, 0, 0, 0, 0, 0, 0, 0,
    0, 0, 0, 0, 0, 0, -14, 0,
    0, 0, 0, 0, 0, 0, -30, 0,
    -7, -7, 0, 0, -8, -28, 0, 0,
    -7, 0, -12, -11, -8, 11, -8, 7,
    18, 7, 0, 7, -17, 0, -17, -17,
    -17, 0, 0, 0, -8, -2, -17, 0,
    0, 0, 7, 0, 0, 0, 0, 0,
    0, 0, 0, 0, 0, 0, 0, 0,
    0, 0, 0, 0, 0, 0, 0, 0,
    0, 0, 0, 0, 0, 8, 0, 0,
    0, 0, 0, 0, 0, 8, 3, 0,
    3, 3, 3, 0, 0, 3, 7, 0,
    3, 0, 3, 0, 7, 0, 8, 8,
    9, 7, 14, 0, 0, 0, 0, 0,
    0, 0, 0, 0, 0, 0, 0, 0,
    0, 8, 5, 0, 5, 0, 0, 0,
    0, 0, 0, 0, 0, 0, 0, 0,
    0, 0, 0, 0, 0, 0, 0, 0,
    0, 0, 0, 0, 0, 0, 0, 0,
    0, 0, 0, 0, 0, 0, 0, 0,
    0, 0, 0, 0, 0, 0, 0, 0,
    0, 0, 0, 0, 0, -3, -3, 0,
    0, 0, -1, -2, -1, -1, -1, -4,
    -2, 2, -6, 0, -1, -2, 7, 0,
    -3, -5, -1, 3, 0, 0, 0, 0,
    0, 0, 0, 0, 0, 0, 0, 0,
    0, 0, 0, 0, 0, 0, 0, 0,
    0, 0, 0, 0, 0, 0, 0, 0,
    0, 0, 0, 0, 0, 0, 0, 0,
    0, 0, 0, 0, 0, 0, 0, 0,
    0, 0, 0, 0, 0, 0, 0, 0,
    0, 0, -2, 0, 0, 0, 0, -2,
    0, -2, 0, 0, -2, 0, -1, 0,
    -3, -3, 0, 0, 0, 0, 0, 0,
    0, 0, 0, 0, 0, 0, 0, 0,
    0, 0, 0, 0, 0, 0, 0, 0,
    0, 0, 0, 0, 0, 0, 0, 0,
    0, 0, 0, 0, 0, 0, 0, 0,
    0, 0, 0, 0, 0, 0, 0, 0,
    0, 0, 0, -4, -4, 0, 0, 0,
    -1, -2, -1, -1, -1, 0, -2, 2,
    -8, 0, -1, -2, 5, 0, -4, -5,
    -1, 3, 0, 0, 0, 0, 0, 0,
    0, 0, 0, 0, 0, 0, 0, 0,
    0, 0, 0, 0, 0, 0, 0, 0,
    0, 0, 0, 0, 0, 0, 0, 0,
    0, 0, 0, 0, 0, 0, 0, 0,
    0, 0, 0, 0, 0, 0, 0, 0,
    0, 0, 0, 0, 0, 0, 0, -2,
    -2, -2, -2, -2, 0, -2, -2, -2,
    0, -2, -2, 0, 0, 0, 0, 0,
    0, 0, 0, 0, 0, 0, 0, 0,
    0, 0, 0, 0, 0, 0, 0, 0,
    0, 0, 0, 0, 0, 0, 0, 0,
    0, 0, 0, 0, 0, 0, 0, 0,
    0, 0, 0, 0, 0, 0, 0, 0,
    0, 0, 0, 0, 0, 0, 0, 0,
    0, -4, -4, 0, 0, 0, -1, -2,
    -1, -1, -1, 0, -2, 2, -8, 0,
    -1, -2, 5, 0, -4, -5, -4, 3,
    0, 0, 0, 0, 0, 0, 0, 0,
    0, 0, 0, 0, 0, 0, 0, 0,
    0, 0, 0, 0, 0, 0, 0, 0,
    0, -8, 0, 0, 0, 0, 0, 0,
    0, 0, 0, 0, 0, 0, 0, 0,
    0, 0, 0, 0, 0, 0, 0, 0,
    0, 0, 0, 0, 0, -1, 0, -1,
    -1, -1, 0, 0, 0, 0, 0, -1,
    0, 0, 6, 0, 0, 0, 0, 0,
    0, 0, 0, 0, 0, 0, 0, 0,
    0, 0, 0, 0, 0, 0, 0, 0,
    0, 0, 0, 0, 0, 0, 0, 0,
    0, 0, 0, 0, 0, 0, 0, 0,
    0, 0, 0, 0, 0, 0, 0, 0,
    0, 0, 0, 0, 0, 0, 0, 0,
    0, 0, 0, 0, 5, -2, 5, 5,
    5, 0, -2, -2, 0, 0, 5, -2,
    0, 0, 0, 0, 0, 0, 0, 0,
    0, 0, 0, 0, 0, 0, 0, 0,
    0, 0, 0, 0, 0, 0, 0, 0,
    0, 0, 0, 0, 0, 0, 0, 0,
    0, 0, 0, 0, 0, 0, 0, 0,
    0, 0, 0, 0, 0, 0, 0, 0,
    0, 0, 0, 0, 0, 0, 0, 0,
    0, 0, 0, -2, 0, -2, -2, -2,
    0, 0, 0, 0, 0, -2, 0, 0,
    0, 0, 0, 0, 0, 0, 0, 0,
    0, 0, 0, 0, 0, 0, 0, 0,
    0, 0, 0, 0, 0, 0, 0, 0,
    0, 0, 0, 0, 0, 0, 0, 0,
    0, 0, 0, 0, 0, 0, 0, 0,
    0, 0, 0, 0, 0, 0, 0, 0,
    0, 0, 0, 0, 0, 0, 0, 0,
    0, 0, -1, -4, -2, -2, -2, 0,
    -2, -2, -2, 0, -2, -2, 0, 0,
    0, 0, 0, 0, 0, 0, 0, 0,
    0, 0, 0, 0, 0, 0, 0, 0,
    0, 0, 0, 0, 0, 0, 0, 0,
    0, 0, 0, 0, -14, 0, 0, 0,
    0, 0, 0, 0, 0, 0, 0, 0,
    0, 0, 0, 0, 0, 0, 0, 0,
    0, 0, 0, 0, 0, 0, 0, 0,
    0, -6, 0, -9, -6, -6, 0, 0,
    0, 0, 0, -9, 0, 0, 0, 0,
    0, 0, 0, 0, 0, 0, 0, 0,
    0, 0, 0, 0, 0, 0, 0, 0,
    0, 0, 0, 0, 0, 0, 0, 0,
    0, 0, 0, 0, 0, 0, 0, 0,
    0, 0, 0, 0, 0, 0, 0, 0,
    0, 0, 0, 0, 0, 0, 0, 0,
    0, 0, 0, 0, 0, 0, 0, 0,
    0, 0, 0, 0, 0, 0, 0, 0,
    0, 5, 0, 0, 0, 0, 0, 0,
    0, 0, 0, 0, 0, 0, 0, 0,
    0, 0, 0, 0, 0, 0, 0, 0,
    0, 0, 0, 0, 0, 0, 0, 0,
    0, 0, 0, 0, 0, 0, 0, 0,
    0, 0, 0, 0, 0, 0, 0, 0,
    0, 0, 0, 0, 0, 0, 0, 0,
    0, 0, -3, -3, 0, 0, 0, -1,
    -2, -1, -1, -1, 0, -2, 2, -8,
    0, -1, -2, 5, 0, -3, -5, -1,
    3, 0, 0, 0, 0, 0, 0, 0,
    0, 0, 0, 0, 0, 0, 0, 0,
    0, 0, 0, 0, 0, 0, 0, 0,
    0, 0, 0, 0, 0, 0, 0, 0,
    0, 0, 0, 0, 0, 0, 0, 0,
    0, 0, 0, 0, 0, 0, 0, 0,
    0, 0, 0, 0, 0, 0, -1, -4,
    -1, -1, -1, 0, -4, 0, -5, 0,
    -1, -4, 0, 0, 0, 0, 0, 0,
    0, 0, 0, 0, 0, 0, 0, 0,
    0, 0, 0, 0, 0, 0, 0, 0,
    0, 0, 0, 0, 0, 0, 0, 0,
    0, 0, 0, 0, 0, 0, 0, 0,
    0, 0, 0, 0, 0, 0, 0, 0,
    0, 0, 0, 0, 0, 0, 0, 0,
    0, 0, 0, 0, 0, 0, 0, 0,
    0, 0, 0, 0, 0, 0, 0, 0,
    0, 0, 0, 0, 2, 0, 0, 10,
    10, 0, 0, -21, -21, -11, 10, 0,
    10, 7, 7, 0, 0, 0, 0, 0,
    0, 0, 0, 10, -14, 0, 0, 0,
    0, 0, 0, 0, 0, 0, 0, 0,
    0, 0, 0, 0, 0, 0, 0, 0,
    0, 0, 0, 0, 0, 0, 0, 0,
    0, 0, 0, 0, 0, 0, 0, 0,
    0, 0, 0, 0, 0, 0, 0, 0,
    0, 0, 0, 1, 0, 0, 10, 10,
    0, 0, -21, -21, -11, 10, 0, 10,
    7, 7, 0, 0, 0, 0, 0, 0,
    0, 0, 10, -14, 0, 0, 0, 0,
    0, 0, 0, 0, 0, 0, 0, 0,
    0, 0, 0, 0, 0, 0, 0, 0,
    0, 0, 0, 0, 0, 0, 4, 4,
    0, 0, 0, -4, 0, -6, -4, -4,
    0, 0, 0, -8, 0, -4, 0, 0,
    0, 4, 3, 4, 0, 0, 0, 0,
    0, 0, 0, 0, 0, 0, 0, 0,
    0, 0, 0, 0, 0, 0, 0, 0,
    0, 0, 0, 0, 0, -8, 0, 0,
    0, 0, 0, 0, 0, 0, 0, 0,
    0, 0, 0, 0, 0, 0, 0, 0,
    0, 0, 0, 0, 0, 3, 3, 0,
    0, 0, 0, 0, -5, 0, 0, 0,
    0, 0, 0, 0, 0, 0, 0, 0,
    3, 6, 0, 0, 0, 0, 0, 0,
    0, 0, 0, 0, 0, 0, 0, 0,
    0, 0, 0, 0, 0, 0, 0, 0,
    0, 0, 0, 0, 0, 0, 0, 0,
    0, 0, 0, 0, 0, 0, 0, 0,
    0, 0, 0, 0, 0, 0, 0, 0,
    0, 0, 0, 0, 4, 4, 0, 0,
    0, -3, 0, -5, -3, -4, 0, 0,
    0, 0, 0, -3, 0, 0, 0, 4,
    0, 0, 0, 0, 0, 0, 0, 0,
    0, 0, 0, 0, 0, 0, 0, 0,
    0, 0, 0, 0, 0, 0, 0, 0,
    0, 0, 0, 0, 0, 0, 0, 0,
    0, 0, 0, 0, 0, 0, 0, 0,
    0, 0, 0, 0, 0, 0, 0, 0,
    0, 0, 0, 0, 0, 0, 0, 0,
    0, 0, 0, 0, 0, 0, 0, 0,
    0, 0, 0, 0, 0, 0, 0, 0,
    0, 0, 10, 10, 0, 0, -21, -18,
    -11, 10, 0, 10, 7, 7, 0, 0,
    0, 0, 0, 0, 0, 0, 10, -14,
    0, 0, 0, 0, 0, 0, 0, 0,
    0, 0, 0, 0, 0, 0, 0, 0,
    0, 0, 0, 0, 0, 0, 0, 0,
    0, 0, 0, 0, 0, 0, 0, 0,
    0, 0, 0, 0, 0, 0, 0, 0,
    0, 0, 0, 0, 0, 0, 0, 0,
    0, 7, 7, 0, 0, 0, 0, 0,
    9, 0, 7, 7, -11, 0, 0, 0,
    0, 0, 0, 0, 0, 10, 0, 0,
    0, 0, 0, 0, 0, 0, 0, 0,
    0, 0, 0, 0, 0, 0, 0, 0,
    0, 0, 0, 0, 0, 0, 0, 0,
    0, 0, 0, 0, 0, 0, 0, 0,
    0, 0, 0, 0, 0, 0, 0, 0,
    0, 0, 0, 0, 0, 0, 0, 0,
    10, 10, -1, 0, -21, -18, -11, 10,
    0, 10, 7, 7, 0, 0, 0, 0,
    0, 0, 0, -1, 10, -14, 0, 0,
    0, 0, 0, 0, 0, 0, 0, 0,
    0, 0, 0, 0, 0, 0, 0, 0,
    0, 0, 0, 0, 0, 0, 0, 0,
    0, 0, 0, 0, 0, 0, 0, 0,
    0, 0, 0, 0, 0, 0, 0, 0,
    0, 0, 0, 0, 0, 0, 0, 7,
    7, 0, 0, 0, 0, 0, 9, 0,
    7, 7, -14, 0, 0, 0, 0, 0,
    0, 0, 0, 10, 0, 0, 0, 0,
    0, 0, 0, 0, 0, 0, 0, 0,
    0, 0, 0, 0, 0, 0, 0, 0,
    0, 0, 0, 0, 0, 0, 0, 0,
    0, 0, 0, 0, 0, 0, 0, 0,
    0, 0, 0, 0, 0, 0, 0, 0,
    0, 0, 0, 0, 0, 0, -11, 9,
    -13, -18, 0, 0, 0, 9, 0, -12,
    7, -18, 0, 0, 0, 0, 0, 0,
    -11, -13, 10, 0, -14, 0, 0, 0,
    0, 0, 0, 0, 0, 0, 0, 0,
    0, 0, 0, 0, 0, 0, 0, 0,
    0, 0, 0, 0, 0, 0, 0, 0,
    0, 0, 0, 0, 0, 0, 0, 0,
    0, 0, 0, 0, 0, 0, 0, 0,
    0, 0, 0, 0, 0, -10, -4, -10,
    -14, 0, 0, 0, 9, 0, -13, 7,
    -11, 0, 0, 0, 0, 0, 0, -11,
    -7, 10, 0, 0, 0, 0, 0, 0,
    0, 0, 0, 0, 0, 0, 0, 0,
    0, 0, 0, 0, 0, 0, 0, 0,
    0, 0, 0, 0, 0, 0, 0, 0,
    0, 0, 0, 0, 0, 0, 0, 0,
    0, 0, 0, 0, 0, 0, 0, 0,
    0, 0, 0, 0, 10, 10, 0, 0,
    -21, -21, -11, 10, -14, 10, 7, 7,
    0, 0, 0, 0, 0, 0, 0, 0,
    10, -14, 0, 0, 0, 0, 0, 0,
    0, 0, 0, 0, 0, 0, 0, 0,
    0, 0, 0, 0, 0, 0, 0, 0,
    0, 0, 0, 0, 0, 0, 0, 0,
    0, 0, 0, 0, 0, 0, 0, 0,
    0, 0, 0, 0, 0, 0, 0, 0,
    0, 0, 0, 7, 12, 0, -11, 0,
    0, 0, 9, 0, 7, 21, 0, 0,
    0, 0, 0, 0, 0, 0, 0, 7,
    0, 0, 0, 0, 0, 0, 0, 0,
    0, 0, 0, 0, 0, 0, 0, 0,
    0, 0, 0, 0, 0, 0, 0, 0,
    0, 0, 0, 0, 0, 0, 0, 0,
    0, 0, 0, 0, 0, 0, 0, 0,
    0, 0, 0, 0, 0, 0, 0, 0,
    0, 0, 10, 10, 0, 0, -21, -21,
    -11, 10, 0, 10, 7, 7, 0, 0,
    0, -18, 0, 0, 0, 0, 10, -14,
    0, 0, 0, 0, 0, 0, 0, 0,
    0, 0, 0, 0, 0, 0, 0, 0,
    0, 0, 0, 0, 0, 0, 0, 0,
    0, 0, 0, 0, 0, 0, 0, 0,
    0, 0, 0, 0, 0, 0, 0, 0,
    0, 0, 0, 0, 0, 0, 0, 0,
    0, 10, 10, 0, 0, -21, -21, -11,
    10, 0, 10, 7, 7, 0, -18, 0,
    0, -18, 0, 0, 0, 10, -14, 0,
    0, 0, 0, 0, 0, 0, 0, 0,
    0, 0, 0, 0, 0, 0, 0, 0,
    0, 0, 0, 0, 0, 0, 0, 0,
    0, 0, 0, 0, 0, 0, 0, 0,
    0, 0, 0, 0, 0, 0, 0, 0,
    0, 0, 0, 0, 0, 0, 0, 0,
    10, 10, 0, 0, -21, -21, -11, 10,
    0, 10, 7, 7, -18, -18, 0, 0,
    -18, 0, 0, 0, 10, -14, 0, 0,
    0, 0, 0, 0, 0, 0, 0, 0,
    0, 0, 0, 0, 0, 0, 0, 0,
    0, 0, 0, 0, 0, 0, 0, 0,
    0, 0, 0, 0, 0, 0, 0, 0,
    0, 0, 0, 0, 0, 0, 0, 0,
    0, 0, 0, 0, 0, 0, 0, 10,
    10, 0, 0, -21, -21, -11, 10, 0,
    10, 7, 7, -14, -18, 0, 0, -18,
    0, 0, 0, 10, -14, 0, 0, 0,
    0, 0, 0, 0, 0, 0, 0, 0,
    0, 0, 0, 0, 0, 0, 0, 0,
    0, 0, 0, 0, 0, 0, 0, 0,
    0, 0, 0, 0, 0, 0, 0, 0,
    0, 0, 0, 0, 0, 0, 0, 0,
    0, 0, 0, 0, 0, 0, 10, 10,
    0, 0, -21, -21, -11, 10, 0, 10,
    7, 7, 0, 0, -14, -28, -14, -25,
    0, 0, 10, -14, 0, 0, 0, 0,
    0, 0, 0, 0, 0, 0, 0, 0,
    0, 0, 0, 0, 0, 0, 0, 0,
    0, 0, 0, 0, 0, 0, 0, 0,
    0, 0, 0, 0, 0, 0, 0, 0,
    0, 0, 0, 0, 0, 0, 0, 0,
    0, 0, 0, 0, 0, 10, 10, 0,
    0, -21, -21, -11, 10, 0, 10, 7,
    7, -18, -28, 0, 0, -18, -14, 0,
    0, 10, -14, 0, 0, 0, 0, 0,
    0, 0, 0, 0, 0, 0, 0, 0,
    0, 0, 0, 0, 0, 0, 0, 0,
    0, 0, 0, 0, 0, 0, 0, 0,
    0, 0, 0, 0, 0, 0, 0, 0,
    0, 0, 0, 0, 0, 0, 0, 0,
    0, 0, 0, 0, 10, 10, 0, 0,
    -21, -21, -11, 10, 0, 10, 7, 7,
    0, -14, -18, -18, 0, -25, 0, 0,
    10, -14, 0, 0, 0, 0, 0, 0,
    0, 0, 0, 0, 0, 0, 0, 0,
    0, 0, 0, 0, 0, 0, 0, 0,
    0, 0, 0, 0, 0, 0, 0, 0,
    0, 0, 0, 0, 0, 0, 0, 0,
    0, 0, 0, 0, 0, 0, 0, 0,
    0, 0, 0, 10, 10, 0, 0, -21,
    -21, -11, 10, 0, 10, 7, 7, 0,
    0, 0, -11, 0, 0, 0, 0, 10,
    -14, 0, 0, 0, 0, 0, 0, 0,
    0, 0, 0, 0, 0, 0, 0, 0,
    0, 0, 0, 0, 0, 0, 0, 0,
    0, 0, 0, 0, 0, 0, 0, 0,
    0, 0, 0, 0, 0, 0, 0, 0,
    0, 0, 0, 0, 0, 0, 0, 0,
    0, 0, 10, 10, 0, 0, -21, -21,
    -11, 10, 0, 10, 7, 7, 0, 0,
    0, 0, 0, 0, 0, 10, 10, -14,
    0
};


/*Collect the kern class' data in one place*/
static const lv_font_fmt_txt_kern_classes_t kern_classes =
{
    .class_pair_values   = kern_class_values,
    .left_class_mapping  = kern_left_class_mapping,
    .right_class_mapping = kern_right_class_mapping,
    .left_class_cnt      = 63,
    .right_class_cnt     = 71,
};

/*--------------------
 *  ALL CUSTOM DATA
 *--------------------*/

#if LVGL_VERSION_MAJOR == 8
/*Store all the custom data of the font*/
static  lv_font_fmt_txt_glyph_cache_t cache;
#endif

#if LVGL_VERSION_MAJOR >= 8
static const lv_font_fmt_txt_dsc_t font_dsc = {
#else
static lv_font_fmt_txt_dsc_t font_dsc = {
#endif
    .glyph_bitmap = glyph_bitmap,
    .glyph_dsc = glyph_dsc,
    .cmaps = cmaps,
    .kern_dsc = &kern_classes,
    .kern_scale = 16,
    .cmap_num = 12,
    .bpp = 4,
    .kern_classes = 1,
    .bitmap_format = 0,
#if LVGL_VERSION_MAJOR == 8
    .cache = &cache
#endif
};

extern const lv_font_t my_font_20;


/*-----------------
 *  PUBLIC FONT
 *----------------*/

/*Initialize a public general font descriptor*/
#if LVGL_VERSION_MAJOR >= 8
const lv_font_t my_font_20 = {
#else
lv_font_t my_font_20 = {
#endif
    .get_glyph_dsc = lv_font_get_glyph_dsc_fmt_txt,    /*Function pointer to get glyph's data*/
    .get_glyph_bitmap = lv_font_get_bitmap_fmt_txt,    /*Function pointer to get glyph's bitmap*/
    .line_height = 32,          /*The maximum line height required by the font*/
    .base_line = 10,             /*Baseline measured from the bottom of the line*/
#if !(LVGL_VERSION_MAJOR == 6 && LVGL_VERSION_MINOR == 0)
    .subpx = LV_FONT_SUBPX_NONE,
#endif
#if LV_VERSION_CHECK(7, 4, 0) || LVGL_VERSION_MAJOR >= 8
    .underline_position = -5,
    .underline_thickness = 1,
#endif
    .dsc = &font_dsc,          /*The custom font data. Will be accessed by `get_glyph_bitmap/dsc` */
#if LV_VERSION_CHECK(8, 2, 0) || LVGL_VERSION_MAJOR >= 9
    .fallback = &my_font_20,
#endif
    .user_data = NULL,
};



#endif /*#if MY_FONT_20*/

